{"timestamp":"2026-07-31T17:17:30.772352Z","level":"INFO","fields":{"message":"python/3.14.2; huggingface_hub/1.17.0; hf_xet/1.5.0; , xet-core revision 6ed5a00-modified"},"filename":"D:\\a\\xet-core\\xet-core\\xet_runtime\\src\\logging\\init.rs","line_number":65}
{"timestamp":"2026-07-31T17:17:30.772398Z","level":"INFO","fields":{"message":"hf_xet logging configured."},"filename":"src\\logging.rs","line_number":36}
{"timestamp":"2026-07-31T17:17:30.773025Z","level":"INFO","fields":{"message":"starting log cleanup in \"M:\\\\MCHINE LERNING\\\\Project one\\\\models\\\\xet\\\\logs\" (min_age=86400s, max_retention=1209600s, max_size=250MB bytes)"},"filename":"D:\\a\\xet-core\\xet-core\\xet_runtime\\src\\logging\\init.rs","line_number":241}
{"timestamp":"2026-07-31T17:17:30.862568Z","level":"INFO","fields":{"message":"Log Directory Cleanup: found 2.059MB of logs in 5 log files, with 0B in 0 files eligible for deletion."},"filename":"D:\\a\\xet-core\\xet-core\\xet_runtime\\src\\logging\\init.rs","line_number":319}
{"timestamp":"2026-07-31T17:17:30.862593Z","level":"INFO","fields":{"message":"Log Directory Cleanup: deleted 0B in 0 files"},"filename":"D:\\a\\xet-core\\xet-core\\xet_runtime\\src\\logging\\init.rs","line_number":383}
{"timestamp":"2026-07-31T17:17:32.709604Z","level":"INFO","fields":{"message":"Config: min_spacing_between_global_dedup_queries = 256 (default)"},"filename":"D:\\a\\xet-core\\xet-core\\xet_runtime\\src\\utils\\configuration_utils.rs","line_number":53}
{"timestamp":"2026-07-31T17:17:32.709625Z","level":"INFO","fields":{"message":"Config: local_cas_scheme = \"local://\" (default)"},"filename":"D:\\a\\xet-core\\xet-core\\xet_runtime\\src\\utils\\configuration_utils.rs","line_number":53}
{"timestamp":"2026-07-31T17:17:32.709630Z","level":"INFO","fields":{"message":"Config: max_concurrent_file_ingestion = 8 (default)"},"filename":"D:\\a\\xet-core\\xet-core\\xet_runtime\\src\\utils\\configuration_utils.rs","line_number":53}
{"timestamp":"2026-07-31T17:17:32.709633Z","level":"INFO","fields":{"message":"Config: max_concurrent_file_downloads = 8 (default)"},"filename":"D:\\a\\xet-core\\xet-core\\xet_runtime\\src\\utils\\configuration_utils.rs","line_number":53}
{"timestamp":"2026-07-31T17:17:32.709636Z","level":"INFO","fields":{"message":"Config: ingestion_block_size = 8MB (default)"},"filename":"D:\\a\\xet-core\\xet-core\\xet_runtime\\src\\utils\\configuration_utils.rs","line_number":53}
{"timestamp":"2026-07-31T17:17:32.709641Z","level":"INFO","fields":{"message":"Config: progress_update_interval = 200ms (default)"},"filename":"D:\\a\\xet-core\\xet-core\\xet_runtime\\src\\utils\\configuration_utils.rs","line_number":53}
{"timestamp":"2026-07-31T17:17:32.709645Z","level":"INFO","fields":{"message":"Config: progress_update_speed_sampling_window = 10s (default)"},"filename":"D:\\a\\xet-core\\xet-core\\xet_runtime\\src\\utils\\configuration_utils.rs","line_number":53}
{"timestamp":"2026-07-31T17:17:32.709648Z","level":"INFO","fields":{"message":"Config: progress_update_speed_min_observations = 4 (default)"},"filename":"D:\\a\\xet-core\\xet-core\\xet_runtime\\src\\utils\\configuration_utils.rs","line_number":53}
{"timestamp":"2026-07-31T17:17:32.709652Z","level":"INFO","fields":{"message":"Config: session_xorb_metadata_flush_interval = 20s (default)"},"filename":"D:\\a\\xet-core\\xet-core\\xet_runtime\\src\\utils\\configuration_utils.rs","line_number":53}
{"timestamp":"2026-07-31T17:17:32.709655Z","level":"INFO","fields":{"message":"Config: session_xorb_metadata_flush_max_count = 64 (default)"},"filename":"D:\\a\\xet-core\\xet-core\\xet_runtime\\src\\utils\\configuration_utils.rs","line_number":53}
{"timestamp":"2026-07-31T17:17:32.709657Z","level":"INFO","fields":{"message":"Config: default_cas_endpoint = \"http://localhost:8080\" (default)"},"filename":"D:\\a\\xet-core\\xet-core\\xet_runtime\\src\\utils\\configuration_utils.rs","line_number":53}
{"timestamp":"2026-07-31T17:17:32.709660Z","level":"INFO","fields":{"message":"Config: aggregate_progress = true (default)"},"filename":"D:\\a\\xet-core\\xet-core\\xet_runtime\\src\\utils\\configuration_utils.rs","line_number":53}
{"timestamp":"2026-07-31T17:17:32.709663Z","level":"INFO","fields":{"message":"Config: default_prefix = \"default\" (default)"},"filename":"D:\\a\\xet-core\\xet-core\\xet_runtime\\src\\utils\\configuration_utils.rs","line_number":53}
{"timestamp":"2026-07-31T17:17:32.709665Z","level":"INFO","fields":{"message":"Config: staging_subdir = \"staging\" (default)"},"filename":"D:\\a\\xet-core\\xet-core\\xet_runtime\\src\\utils\\configuration_utils.rs","line_number":53}
{"timestamp":"2026-07-31T17:17:32.709668Z","level":"INFO","fields":{"message":"Config: target_size = 67108864 (default)"},"filename":"D:\\a\\xet-core\\xet-core\\xet_runtime\\src\\utils\\configuration_utils.rs","line_number":53}
{"timestamp":"2026-07-31T17:17:32.709672Z","level":"INFO","fields":{"message":"Config: max_target_size = 67108864 (default)"},"filename":"D:\\a\\xet-core\\xet-core\\xet_runtime\\src\\utils\\configuration_utils.rs","line_number":53}
{"timestamp":"2026-07-31T17:17:32.709675Z","level":"INFO","fields":{"message":"Config: cache_size_limit = 16GB (default)"},"filename":"D:\\a\\xet-core\\xet-core\\xet_runtime\\src\\utils\\configuration_utils.rs","line_number":53}
{"timestamp":"2026-07-31T17:17:32.709678Z","level":"INFO","fields":{"message":"Config: chunk_index_table_max_size = 67108864 (default)"},"filename":"D:\\a\\xet-core\\xet-core\\xet_runtime\\src\\utils\\configuration_utils.rs","line_number":53}
{"timestamp":"2026-07-31T17:17:32.709681Z","level":"INFO","fields":{"message":"Config: cache_subdir = \"shard-cache\" (default)"},"filename":"D:\\a\\xet-core\\xet-core\\xet_runtime\\src\\utils\\configuration_utils.rs","line_number":53}
{"timestamp":"2026-07-31T17:17:32.709683Z","level":"INFO","fields":{"message":"Config: nranges_in_streaming_fragmentation_estimator = 128 (default)"},"filename":"D:\\a\\xet-core\\xet-core\\xet_runtime\\src\\utils\\configuration_utils.rs","line_number":53}
{"timestamp":"2026-07-31T17:17:32.709686Z","level":"INFO","fields":{"message":"Config: min_n_chunks_per_range_hysteresis_factor = 0.5 (default)"},"filename":"D:\\a\\xet-core\\xet-core\\xet_runtime\\src\\utils\\configuration_utils.rs","line_number":53}
{"timestamp":"2026-07-31T17:17:32.709694Z","level":"INFO","fields":{"message":"Config: min_n_chunks_per_range = 8.0 (default)"},"filename":"D:\\a\\xet-core\\xet-core\\xet_runtime\\src\\utils\\configuration_utils.rs","line_number":53}
{"timestamp":"2026-07-31T17:17:32.709697Z","level":"INFO","fields":{"message":"Config: global_dedup_query_enabled = true (default)"},"filename":"D:\\a\\xet-core\\xet-core\\xet_runtime\\src\\utils\\configuration_utils.rs","line_number":53}
{"timestamp":"2026-07-31T17:17:32.709699Z","level":"INFO","fields":{"message":"Config: size_bytes = 0 (default)"},"filename":"D:\\a\\xet-core\\xet-core\\xet_runtime\\src\\utils\\configuration_utils.rs","line_number":53}
{"timestamp":"2026-07-31T17:17:32.709702Z","level":"INFO","fields":{"message":"Config: retry_max_attempts = 5 (default)"},"filename":"D:\\a\\xet-core\\xet-core\\xet_runtime\\src\\utils\\configuration_utils.rs","line_number":53}
{"timestamp":"2026-07-31T17:17:32.709704Z","level":"INFO","fields":{"message":"Config: retry_base_delay = 3s (default)"},"filename":"D:\\a\\xet-core\\xet-core\\xet_runtime\\src\\utils\\configuration_utils.rs","line_number":53}
{"timestamp":"2026-07-31T17:17:32.709707Z","level":"INFO","fields":{"message":"Config: retry_max_duration = 360s (default)"},"filename":"D:\\a\\xet-core\\xet-core\\xet_runtime\\src\\utils\\configuration_utils.rs","line_number":53}
{"timestamp":"2026-07-31T17:17:32.709709Z","level":"INFO","fields":{"message":"Config: idle_connection_timeout = 60s (default)"},"filename":"D:\\a\\xet-core\\xet-core\\xet_runtime\\src\\utils\\configuration_utils.rs","line_number":53}
{"timestamp":"2026-07-31T17:17:32.709712Z","level":"INFO","fields":{"message":"Config: max_idle_connections = 16 (default)"},"filename":"D:\\a\\xet-core\\xet-core\\xet_runtime\\src\\utils\\configuration_utils.rs","line_number":53}
{"timestamp":"2026-07-31T17:17:32.709714Z","level":"INFO","fields":{"message":"Config: connect_timeout = 60s (default)"},"filename":"D:\\a\\xet-core\\xet-core\\xet_runtime\\src\\utils\\configuration_utils.rs","line_number":53}
{"timestamp":"2026-07-31T17:17:32.709716Z","level":"INFO","fields":{"message":"Config: read_timeout = 120s (default)"},"filename":"D:\\a\\xet-core\\xet-core\\xet_runtime\\src\\utils\\configuration_utils.rs","line_number":53}
{"timestamp":"2026-07-31T17:17:32.709719Z","level":"INFO","fields":{"message":"Config: upload_reporting_block_size = 524288 (default)"},"filename":"D:\\a\\xet-core\\xet-core\\xet_runtime\\src\\utils\\configuration_utils.rs","line_number":53}
{"timestamp":"2026-07-31T17:17:32.709722Z","level":"INFO","fields":{"message":"Config: enable_adaptive_concurrency = true (default)"},"filename":"D:\\a\\xet-core\\xet-core\\xet_runtime\\src\\utils\\configuration_utils.rs","line_number":53}
{"timestamp":"2026-07-31T17:17:32.709724Z","level":"INFO","fields":{"message":"Config: ac_min_adjustment_window_ms = 500 (default)"},"filename":"D:\\a\\xet-core\\xet-core\\xet_runtime\\src\\utils\\configuration_utils.rs","line_number":53}
{"timestamp":"2026-07-31T17:17:32.709727Z","level":"INFO","fields":{"message":"Config: ac_min_bytes_required_for_adjustment = 20MB (default)"},"filename":"D:\\a\\xet-core\\xet-core\\xet_runtime\\src\\utils\\configuration_utils.rs","line_number":53}
{"timestamp":"2026-07-31T17:17:32.709730Z","level":"INFO","fields":{"message":"Config: ac_num_transmissions_required_for_adjustment = 1 (default)"},"filename":"D:\\a\\xet-core\\xet-core\\xet_runtime\\src\\utils\\configuration_utils.rs","line_number":53}
{"timestamp":"2026-07-31T17:17:32.709733Z","level":"INFO","fields":{"message":"Config: ac_latency_rtt_half_life = 64.0 (default)"},"filename":"D:\\a\\xet-core\\xet-core\\xet_runtime\\src\\utils\\configuration_utils.rs","line_number":53}
{"timestamp":"2026-07-31T17:17:32.709736Z","level":"INFO","fields":{"message":"Config: ac_success_tracking_half_life = 8.0 (default)"},"filename":"D:\\a\\xet-core\\xet-core\\xet_runtime\\src\\utils\\configuration_utils.rs","line_number":53}
{"timestamp":"2026-07-31T17:17:32.709739Z","level":"INFO","fields":{"message":"Config: ac_target_rtt = 60s (default)"},"filename":"D:\\a\\xet-core\\xet-core\\xet_runtime\\src\\utils\\configuration_utils.rs","line_number":53}
{"timestamp":"2026-07-31T17:17:32.709741Z","level":"INFO","fields":{"message":"Config: ac_max_healthy_rtt = 90s (default)"},"filename":"D:\\a\\xet-core\\xet-core\\xet_runtime\\src\\utils\\configuration_utils.rs","line_number":53}
{"timestamp":"2026-07-31T17:17:32.709743Z","level":"INFO","fields":{"message":"Config: ac_rtt_success_max_quantile = 0.95 (default)"},"filename":"D:\\a\\xet-core\\xet-core\\xet_runtime\\src\\utils\\configuration_utils.rs","line_number":53}
{"timestamp":"2026-07-31T17:17:32.709746Z","level":"INFO","fields":{"message":"Config: ac_healthy_success_ratio_threshold = 0.8 (default)"},"filename":"D:\\a\\xet-core\\xet-core\\xet_runtime\\src\\utils\\configuration_utils.rs","line_number":53}
{"timestamp":"2026-07-31T17:17:32.709749Z","level":"INFO","fields":{"message":"Config: ac_unhealthy_success_ratio_threshold = 0.5 (default)"},"filename":"D:\\a\\xet-core\\xet-core\\xet_runtime\\src\\utils\\configuration_utils.rs","line_number":53}
{"timestamp":"2026-07-31T17:17:32.709751Z","level":"INFO","fields":{"message":"Config: ac_max_reference_transmission_size = 64MB (default)"},"filename":"D:\\a\\xet-core\\xet-core\\xet_runtime\\src\\utils\\configuration_utils.rs","line_number":53}
{"timestamp":"2026-07-31T17:17:32.709754Z","level":"INFO","fields":{"message":"Config: ac_min_reference_transmission_size = 1MB (default)"},"filename":"D:\\a\\xet-core\\xet-core\\xet_runtime\\src\\utils\\configuration_utils.rs","line_number":53}
{"timestamp":"2026-07-31T17:17:32.709757Z","level":"INFO","fields":{"message":"Config: ac_logging_interval_ms = 10000 (default)"},"filename":"D:\\a\\xet-core\\xet-core\\xet_runtime\\src\\utils\\configuration_utils.rs","line_number":53}
{"timestamp":"2026-07-31T17:17:32.709759Z","level":"INFO","fields":{"message":"Config: ac_max_upload_concurrency = 64 (default)"},"filename":"D:\\a\\xet-core\\xet-core\\xet_runtime\\src\\utils\\configuration_utils.rs","line_number":53}
{"timestamp":"2026-07-31T17:17:32.709762Z","level":"INFO","fields":{"message":"Config: ac_min_upload_concurrency = 1 (default)"},"filename":"D:\\a\\xet-core\\xet-core\\xet_runtime\\src\\utils\\configuration_utils.rs","line_number":53}
{"timestamp":"2026-07-31T17:17:32.709765Z","level":"INFO","fields":{"message":"Config: ac_initial_upload_concurrency = 2 (default)"},"filename":"D:\\a\\xet-core\\xet-core\\xet_runtime\\src\\utils\\configuration_utils.rs","line_number":53}
{"timestamp":"2026-07-31T17:17:32.709768Z","level":"INFO","fields":{"message":"Config: ac_max_download_concurrency = 64 (default)"},"filename":"D:\\a\\xet-core\\xet-core\\xet_runtime\\src\\utils\\configuration_utils.rs","line_number":53}
{"timestamp":"2026-07-31T17:17:32.709770Z","level":"INFO","fields":{"message":"Config: ac_min_download_concurrency = 1 (default)"},"filename":"D:\\a\\xet-core\\xet-core\\xet_runtime\\src\\utils\\configuration_utils.rs","line_number":53}
{"timestamp":"2026-07-31T17:17:32.709773Z","level":"INFO","fields":{"message":"Config: ac_initial_download_concurrency = 4 (default)"},"filename":"D:\\a\\xet-core\\xet-core\\xet_runtime\\src\\utils\\configuration_utils.rs","line_number":53}
{"timestamp":"2026-07-31T17:17:32.709775Z","level":"INFO","fields":{"message":"Config: unix_socket_path = None (default)"},"filename":"D:\\a\\xet-core\\xet-core\\xet_runtime\\src\\utils\\configuration_utils.rs","line_number":53}
{"timestamp":"2026-07-31T17:17:32.709778Z","level":"INFO","fields":{"message":"Config: reconstruction_api_version = None (default)"},"filename":"D:\\a\\xet-core\\xet-core\\xet_runtime\\src\\utils\\configuration_utils.rs","line_number":53}
{"timestamp":"2026-07-31T17:17:32.709782Z","level":"INFO","fields":{"message":"Config: enable_multirange_fetching = false (default)"},"filename":"D:\\a\\xet-core\\xet-core\\xet_runtime\\src\\utils\\configuration_utils.rs","line_number":53}
{"timestamp":"2026-07-31T17:17:32.709785Z","level":"INFO","fields":{"message":"Config: dest = None (default)"},"filename":"D:\\a\\xet-core\\xet-core\\xet_runtime\\src\\utils\\configuration_utils.rs","line_number":53}
{"timestamp":"2026-07-31T17:17:32.709787Z","level":"INFO","fields":{"message":"Config: format = None (default)"},"filename":"D:\\a\\xet-core\\xet-core\\xet_runtime\\src\\utils\\configuration_utils.rs","line_number":53}
{"timestamp":"2026-07-31T17:17:32.709789Z","level":"INFO","fields":{"message":"Config: prefix = \"xet\" (default)"},"filename":"D:\\a\\xet-core\\xet-core\\xet_runtime\\src\\utils\\configuration_utils.rs","line_number":53}
{"timestamp":"2026-07-31T17:17:32.709791Z","level":"INFO","fields":{"message":"Config: dir_disable_cleanup = false (default)"},"filename":"D:\\a\\xet-core\\xet-core\\xet_runtime\\src\\utils\\configuration_utils.rs","line_number":53}
{"timestamp":"2026-07-31T17:17:32.709794Z","level":"INFO","fields":{"message":"Config: dir_max_size = 250MB (default)"},"filename":"D:\\a\\xet-core\\xet-core\\xet_runtime\\src\\utils\\configuration_utils.rs","line_number":53}
{"timestamp":"2026-07-31T17:17:32.709796Z","level":"INFO","fields":{"message":"Config: dir_min_deletion_age = 86400s (default)"},"filename":"D:\\a\\xet-core\\xet-core\\xet_runtime\\src\\utils\\configuration_utils.rs","line_number":53}
{"timestamp":"2026-07-31T17:17:32.709799Z","level":"INFO","fields":{"message":"Config: dir_max_retention_age = 1209600s (default)"},"filename":"D:\\a\\xet-core\\xet-core\\xet_runtime\\src\\utils\\configuration_utils.rs","line_number":53}
{"timestamp":"2026-07-31T17:17:32.709801Z","level":"INFO","fields":{"message":"Config: min_reconstruction_fetch_size = 256MB (default)"},"filename":"D:\\a\\xet-core\\xet-core\\xet_runtime\\src\\utils\\configuration_utils.rs","line_number":53}
{"timestamp":"2026-07-31T17:17:32.709804Z","level":"INFO","fields":{"message":"Config: max_reconstruction_fetch_size = 8GB (default)"},"filename":"D:\\a\\xet-core\\xet-core\\xet_runtime\\src\\utils\\configuration_utils.rs","line_number":53}
{"timestamp":"2026-07-31T17:17:32.709807Z","level":"INFO","fields":{"message":"Config: download_buffer_size = 2GB (default)"},"filename":"D:\\a\\xet-core\\xet-core\\xet_runtime\\src\\utils\\configuration_utils.rs","line_number":53}
{"timestamp":"2026-07-31T17:17:32.709809Z","level":"INFO","fields":{"message":"Config: download_buffer_perfile_size = 512MB (default)"},"filename":"D:\\a\\xet-core\\xet-core\\xet_runtime\\src\\utils\\configuration_utils.rs","line_number":53}
{"timestamp":"2026-07-31T17:17:32.709812Z","level":"INFO","fields":{"message":"Config: download_buffer_limit = 8GB (default)"},"filename":"D:\\a\\xet-core\\xet-core\\xet_runtime\\src\\utils\\configuration_utils.rs","line_number":53}
{"timestamp":"2026-07-31T17:17:32.709815Z","level":"INFO","fields":{"message":"Config: completion_rate_estimator_half_life = 4.0 (default)"},"filename":"D:\\a\\xet-core\\xet-core\\xet_runtime\\src\\utils\\configuration_utils.rs","line_number":53}
{"timestamp":"2026-07-31T17:17:32.709817Z","level":"INFO","fields":{"message":"Config: target_block_completion_time = 900s (default)"},"filename":"D:\\a\\xet-core\\xet-core\\xet_runtime\\src\\utils\\configuration_utils.rs","line_number":53}
{"timestamp":"2026-07-31T17:17:32.709820Z","level":"INFO","fields":{"message":"Config: min_prefetch_buffer = 1GB (default)"},"filename":"D:\\a\\xet-core\\xet-core\\xet_runtime\\src\\utils\\configuration_utils.rs","line_number":53}
{"timestamp":"2026-07-31T17:17:32.709822Z","level":"INFO","fields":{"message":"Config: use_vectored_write = true (default)"},"filename":"D:\\a\\xet-core\\xet-core\\xet_runtime\\src\\utils\\configuration_utils.rs","line_number":53}
{"timestamp":"2026-07-31T17:17:32.709825Z","level":"INFO","fields":{"message":"Config: compression_scheme_retest_interval = 32 (default)"},"filename":"D:\\a\\xet-core\\xet-core\\xet_runtime\\src\\utils\\configuration_utils.rs","line_number":53}
{"timestamp":"2026-07-31T17:17:32.709830Z","level":"INFO","fields":{"message":"Config: compression_policy = \"auto\" (default)"},"filename":"D:\\a\\xet-core\\xet-core\\xet_runtime\\src\\utils\\config_enum.rs","line_number":174}
{"timestamp":"2026-07-31T17:17:32.709833Z","level":"INFO","fields":{"message":"Config: simulation_max_bytes = None (default)"},"filename":"D:\\a\\xet-core\\xet-core\\xet_runtime\\src\\utils\\configuration_utils.rs","line_number":53}
{"timestamp":"2026-07-31T17:17:32.709835Z","level":"INFO","fields":{"message":"Config: simulation_max_chunks = None (default)"},"filename":"D:\\a\\xet-core\\xet-core\\xet_runtime\\src\\utils\\configuration_utils.rs","line_number":53}
{"timestamp":"2026-07-31T17:17:32.709838Z","level":"INFO","fields":{"message":"Config: dir_name = \"shard-session\" (default)"},"filename":"D:\\a\\xet-core\\xet-core\\xet_runtime\\src\\utils\\configuration_utils.rs","line_number":53}
{"timestamp":"2026-07-31T17:17:32.709840Z","level":"INFO","fields":{"message":"Config: enabled = false (default)"},"filename":"D:\\a\\xet-core\\xet-core\\xet_runtime\\src\\utils\\configuration_utils.rs","line_number":53}
{"timestamp":"2026-07-31T17:17:32.709842Z","level":"INFO","fields":{"message":"Config: sample_interval = 5s (default)"},"filename":"D:\\a\\xet-core\\xet-core\\xet_runtime\\src\\utils\\configuration_utils.rs","line_number":53}
{"timestamp":"2026-07-31T17:17:32.709845Z","level":"INFO","fields":{"message":"Config: log_path = None (default)"},"filename":"D:\\a\\xet-core\\xet-core\\xet_runtime\\src\\utils\\configuration_utils.rs","line_number":53}
{"timestamp":"2026-07-31T17:17:32.709864Z","level":"INFO","fields":{"message":"Using 12 async threads for tokio runtime"},"filename":"D:\\a\\xet-core\\xet-core\\xet_runtime\\src\\core\\runtime.rs","line_number":70}
{"timestamp":"2026-07-31T17:17:32.712135Z","level":"INFO","fields":{"message":"TranslatorConfig initialized","endpoint":"https://cas-server.xethub.hf.co","session_id":"Some(\"019fb92e-62a7-7173-92ff-88794ca570c8\")","shard_cache":"M:\\MCHINE LERNING\\Project one\\models\\xet\\https___cas_serv-tGqkUaZf_CBPHQ6h\\shard-cache","shard_session":"M:\\MCHINE LERNING\\Project one\\models\\xet\\https___cas_serv-tGqkUaZf_CBPHQ6h\\staging\\shard-session"},"filename":"D:\\a\\xet-core\\xet-core\\xet_data\\src\\processing\\configurations.rs","line_number":115,"span":{"num_files":1,"name":"data_client::download"},"spans":[{"num_files":1,"name":"data_client::download"}]}
{"timestamp":"2026-07-31T17:17:32.712315Z","level":"INFO","fields":{"message":"HTTP client configured","idle_timeout":"60s","max_idle_connections":16,"custom_headers":"Some({\"user-agent\": \"unknown/None; hf_hub/1.17.0; python/3.14.2; torch/2.12.0; transformers/5.9.0; session_id/21e75791de964ccb84d6a5fd3c4d47d1; file_type/model; framework/pytorch; from_auto_class/False; hf_xet/1.5.0\"})"},"filename":"D:\\a\\xet-core\\xet-core\\xet_client\\src\\common\\http_client.rs","line_number":187,"span":{"num_files":1,"session_id":"019fb92e-62a7-7173-92ff-88794ca570c8","name":"data_client::download"},"spans":[{"num_files":1,"session_id":"019fb92e-62a7-7173-92ff-88794ca570c8","name":"data_client::download"}]}
{"timestamp":"2026-07-31T17:17:32.712336Z","level":"INFO","fields":{"message":"CAS auth disabled","caller":"D:\\a\\xet-core\\xet-core\\xet_client\\src\\common\\http_client.rs:166"},"filename":"D:\\a\\xet-core\\xet-core\\xet_runtime\\src\\error_printer\\mod.rs","line_number":198,"span":{"num_files":1,"session_id":"019fb92e-62a7-7173-92ff-88794ca570c8","name":"data_client::download"},"spans":[{"num_files":1,"session_id":"019fb92e-62a7-7173-92ff-88794ca570c8","name":"data_client::download"}]}
{"timestamp":"2026-07-31T17:17:32.712345Z","level":"INFO","fields":{"message":"HTTP client configured","idle_timeout":"60s","max_idle_connections":16,"custom_headers":"Some({\"user-agent\": \"unknown/None; hf_hub/1.17.0; python/3.14.2; torch/2.12.0; transformers/5.9.0; session_id/21e75791de964ccb84d6a5fd3c4d47d1; file_type/model; framework/pytorch; from_auto_class/False; hf_xet/1.5.0\"})"},"filename":"D:\\a\\xet-core\\xet-core\\xet_client\\src\\common\\http_client.rs","line_number":187,"span":{"num_files":1,"session_id":"019fb92e-62a7-7173-92ff-88794ca570c8","name":"data_client::download"},"spans":[{"num_files":1,"session_id":"019fb92e-62a7-7173-92ff-88794ca570c8","name":"data_client::download"}]}
{"timestamp":"2026-07-31T17:17:32.712373Z","level":"INFO","fields":{"message":"No-read-timeout HTTP client configured (for shard uploads)","connect_timeout":"60s"},"filename":"D:\\a\\xet-core\\xet-core\\xet_client\\src\\common\\http_client.rs","line_number":136,"span":{"num_files":1,"session_id":"019fb92e-62a7-7173-92ff-88794ca570c8","name":"data_client::download"},"spans":[{"num_files":1,"session_id":"019fb92e-62a7-7173-92ff-88794ca570c8","name":"data_client::download"}]}
{"timestamp":"2026-07-31T17:17:32.712383Z","level":"INFO","fields":{"message":"Initializing Adaptive Concurrency Controller for upload with starting concurrency = 2; min = 1, max = 64, min_bytes_for_adjustment = 20000000, min_completed_transmissions_for_adjustment = 1"},"filename":"D:\\a\\xet-core\\xet-core\\xet_client\\src\\cas_client\\adaptive_concurrency\\controller.rs","line_number":301,"span":{"num_files":1,"session_id":"019fb92e-62a7-7173-92ff-88794ca570c8","name":"data_client::download"},"spans":[{"num_files":1,"session_id":"019fb92e-62a7-7173-92ff-88794ca570c8","name":"data_client::download"}]}
{"timestamp":"2026-07-31T17:17:32.712392Z","level":"INFO","fields":{"message":"Initializing Adaptive Concurrency Controller for download with starting concurrency = 4; min = 1, max = 64, min_bytes_for_adjustment = 20000000, min_completed_transmissions_for_adjustment = 1"},"filename":"D:\\a\\xet-core\\xet-core\\xet_client\\src\\cas_client\\adaptive_concurrency\\controller.rs","line_number":301,"span":{"num_files":1,"session_id":"019fb92e-62a7-7173-92ff-88794ca570c8","name":"data_client::download"},"spans":[{"num_files":1,"session_id":"019fb92e-62a7-7173-92ff-88794ca570c8","name":"data_client::download"}]}
{"timestamp":"2026-07-31T17:17:32.712452Z","level":"INFO","fields":{"message":"Reconstructing file to disk","file_hash":"46ea4ba5786759efecf127c64dee654df39a3f02fdeaafc67734a06574619467","byte_range":"None","path":"M:\\MCHINE LERNING\\Project one\\models\\transformers\\models--Qwen--Qwen2.5-1.5B-Instruct\\blobs\\dd924a11b4c220f385b51ffa522daea7c9f3d850e31b162bb5661df483c6d3ee.incomplete","write_offset":"None"},"filename":"D:\\a\\xet-core\\xet-core\\xet_data\\src\\file_reconstruction\\file_reconstructor.rs","line_number":121}
{"timestamp":"2026-07-31T17:17:32.712824Z","level":"INFO","fields":{"message":"Scheduling prefetch block","file_hash":"46ea4ba5786759efecf127c64dee654df39a3f02fdeaafc67734a06574619467","prefetch_range":"(0, 256000000)","requested_block_size":256000000,"actual_block_size":256000000,"queue_depth":1},"filename":"D:\\a\\xet-core\\xet-core\\xet_data\\src\\file_reconstruction\\reconstruction_terms\\manager.rs","line_number":272}
{"timestamp":"2026-07-31T17:17:32.712842Z","level":"INFO","fields":{"message":"Scheduling prefetch block","file_hash":"46ea4ba5786759efecf127c64dee654df39a3f02fdeaafc67734a06574619467","prefetch_range":"(256000000, 768000000)","requested_block_size":512000000,"actual_block_size":512000000,"queue_depth":2},"filename":"D:\\a\\xet-core\\xet-core\\xet_data\\src\\file_reconstruction\\reconstruction_terms\\manager.rs","line_number":272}
{"timestamp":"2026-07-31T17:17:32.712862Z","level":"INFO","fields":{"message":"Scheduling prefetch block","file_hash":"46ea4ba5786759efecf127c64dee654df39a3f02fdeaafc67734a06574619467","prefetch_range":"(768000000, 1024000000)","requested_block_size":256000000,"actual_block_size":256000000,"queue_depth":3},"filename":"D:\\a\\xet-core\\xet-core\\xet_data\\src\\file_reconstruction\\reconstruction_terms\\manager.rs","line_number":272}
{"timestamp":"2026-07-31T17:17:32.712897Z","level":"INFO","fields":{"message":"Starting get_reconstruction API call","call_id":1,"file_id":"46ea4ba5786759efecf127c64dee654df39a3f02fdeaafc67734a06574619467","bytes_range":"Some(Range { start: 768000000, end: 1024000000 })","api_version":"v2"},"filename":"D:\\a\\xet-core\\xet-core\\xet_client\\src\\cas_client\\remote_client.rs","line_number":208}
{"timestamp":"2026-07-31T17:17:32.712907Z","level":"INFO","fields":{"message":"Retry strategy","max_attempts":5,"base_delay":"3s","no_retry_on_429":false},"filename":"D:\\a\\xet-core\\xet-core\\xet_client\\src\\cas_client\\retry_wrapper.rs","line_number":235}
{"timestamp":"2026-07-31T17:17:32.712902Z","level":"INFO","fields":{"message":"Starting get_reconstruction API call","call_id":2,"file_id":"46ea4ba5786759efecf127c64dee654df39a3f02fdeaafc67734a06574619467","bytes_range":"Some(Range { start: 0, end: 256000000 })","api_version":"v2"},"filename":"D:\\a\\xet-core\\xet-core\\xet_client\\src\\cas_client\\remote_client.rs","line_number":208}
{"timestamp":"2026-07-31T17:17:32.712907Z","level":"INFO","fields":{"message":"Starting get_reconstruction API call","call_id":3,"file_id":"46ea4ba5786759efecf127c64dee654df39a3f02fdeaafc67734a06574619467","bytes_range":"Some(Range { start: 256000000, end: 768000000 })","api_version":"v2"},"filename":"D:\\a\\xet-core\\xet-core\\xet_client\\src\\cas_client\\remote_client.rs","line_number":208}
{"timestamp":"2026-07-31T17:17:32.712920Z","level":"INFO","fields":{"message":"Retry strategy","max_attempts":5,"base_delay":"3s","no_retry_on_429":false},"filename":"D:\\a\\xet-core\\xet-core\\xet_client\\src\\cas_client\\retry_wrapper.rs","line_number":235}
{"timestamp":"2026-07-31T17:17:32.712920Z","level":"INFO","fields":{"message":"Retry strategy","max_attempts":5,"base_delay":"3s","no_retry_on_429":false},"filename":"D:\\a\\xet-core\\xet-core\\xet_client\\src\\cas_client\\retry_wrapper.rs","line_number":235}
{"timestamp":"2026-07-31T17:17:41.102584Z","level":"INFO","fields":{"message":"Received CAS response","request_id":"01KYWJX0ESHPMH8N3927YED6CW","status_code":200},"filename":"D:\\a\\xet-core\\xet-core\\xet_client\\src\\common\\http_client.rs","line_number":288}
{"timestamp":"2026-07-31T17:17:41.102608Z","level":"INFO","fields":{"message":"Request Success: cas::get_reconstruction_v2 api call succeeded (request id 01KYWJX0ESHPMH8N3927YED6CW)."},"filename":"D:\\a\\xet-core\\xet-core\\xet_client\\src\\cas_client\\retry_wrapper.rs","line_number":196}
{"timestamp":"2026-07-31T17:17:41.285859Z","level":"INFO","fields":{"message":"Received CAS response","request_id":"01KYWJX0E7TEPZ980BNMYSJMMN","status_code":200},"filename":"D:\\a\\xet-core\\xet-core\\xet_client\\src\\common\\http_client.rs","line_number":288}
{"timestamp":"2026-07-31T17:17:41.285881Z","level":"INFO","fields":{"message":"Request Success: cas::get_reconstruction_v2 api call succeeded (request id 01KYWJX0E7TEPZ980BNMYSJMMN)."},"filename":"D:\\a\\xet-core\\xet-core\\xet_client\\src\\cas_client\\retry_wrapper.rs","line_number":196}
{"timestamp":"2026-07-31T17:17:41.286039Z","level":"INFO","fields":{"message":"Completed get_reconstruction API call","call_id":1,"file_id":"46ea4ba5786759efecf127c64dee654df39a3f02fdeaafc67734a06574619467","bytes_range":"Some(Range { start: 768000000, end: 1024000000 })","api_version":"v2"},"filename":"D:\\a\\xet-core\\xet-core\\xet_client\\src\\cas_client\\remote_client.rs","line_number":232}
{"timestamp":"2026-07-31T17:17:41.356352Z","level":"INFO","fields":{"message":"Received CAS response","request_id":"01KYWJX0ED5ERAKM0PSC2E87GT","status_code":200},"filename":"D:\\a\\xet-core\\xet-core\\xet_client\\src\\common\\http_client.rs","line_number":288}
{"timestamp":"2026-07-31T17:17:41.356370Z","level":"INFO","fields":{"message":"Request Success: cas::get_reconstruction_v2 api call succeeded (request id 01KYWJX0ED5ERAKM0PSC2E87GT)."},"filename":"D:\\a\\xet-core\\xet-core\\xet_client\\src\\cas_client\\retry_wrapper.rs","line_number":196}
{"timestamp":"2026-07-31T17:17:42.514050Z","level":"INFO","fields":{"message":"Completed get_reconstruction API call","call_id":2,"file_id":"46ea4ba5786759efecf127c64dee654df39a3f02fdeaafc67734a06574619467","bytes_range":"Some(Range { start: 0, end: 256000000 })","api_version":"v2"},"filename":"D:\\a\\xet-core\\xet-core\\xet_client\\src\\cas_client\\remote_client.rs","line_number":232}
{"timestamp":"2026-07-31T17:17:42.514436Z","level":"INFO","fields":{"message":"Received block of file terms from prefetch queue","file_hash":"46ea4ba5786759efecf127c64dee654df39a3f02fdeaafc67734a06574619467","domain":"us.aws.cdn.hf.co","block_start":0,"block_end":256000000,"block_size":641},"filename":"D:\\a\\xet-core\\xet-core\\xet_data\\src\\file_reconstruction\\reconstruction_terms\\manager.rs","line_number":151}
{"timestamp":"2026-07-31T17:17:42.514512Z","level":"INFO","fields":{"message":"Retry strategy","max_attempts":5,"base_delay":"3s","no_retry_on_429":false},"filename":"D:\\a\\xet-core\\xet-core\\xet_client\\src\\cas_client\\retry_wrapper.rs","line_number":235}
{"timestamp":"2026-07-31T17:17:42.514526Z","level":"INFO","fields":{"message":"Retry strategy","max_attempts":5,"base_delay":"3s","no_retry_on_429":false},"filename":"D:\\a\\xet-core\\xet-core\\xet_client\\src\\cas_client\\retry_wrapper.rs","line_number":235}
{"timestamp":"2026-07-31T17:17:42.514540Z","level":"INFO","fields":{"message":"Retry strategy","max_attempts":5,"base_delay":"3s","no_retry_on_429":false},"filename":"D:\\a\\xet-core\\xet-core\\xet_client\\src\\cas_client\\retry_wrapper.rs","line_number":235}
{"timestamp":"2026-07-31T17:17:42.514580Z","level":"INFO","fields":{"message":"Retry strategy","max_attempts":5,"base_delay":"3s","no_retry_on_429":false},"filename":"D:\\a\\xet-core\\xet-core\\xet_client\\src\\cas_client\\retry_wrapper.rs","line_number":235}
{"timestamp":"2026-07-31T17:17:42.515838Z","level":"INFO","fields":{"message":"Updated completion rate estimate based on previous block completion time (seconds).","file_hash":"46ea4ba5786759efecf127c64dee654df39a3f02fdeaafc67734a06574619467","block_start":0,"block_end":256000000,"block_size":256000000,"completion_time":0.0014021},"filename":"D:\\a\\xet-core\\xet-core\\xet_data\\src\\file_reconstruction\\reconstruction_terms\\manager.rs","line_number":104}
{"timestamp":"2026-07-31T17:17:42.515865Z","level":"INFO","fields":{"message":"Scheduling prefetch block","file_hash":"46ea4ba5786759efecf127c64dee654df39a3f02fdeaafc67734a06574619467","prefetch_range":"(1024000000, 9024000000)","requested_block_size":8000000000,"actual_block_size":8000000000,"queue_depth":3},"filename":"D:\\a\\xet-core\\xet-core\\xet_data\\src\\file_reconstruction\\reconstruction_terms\\manager.rs","line_number":272}
{"timestamp":"2026-07-31T17:17:42.515888Z","level":"INFO","fields":{"message":"Starting get_reconstruction API call","call_id":4,"file_id":"46ea4ba5786759efecf127c64dee654df39a3f02fdeaafc67734a06574619467","bytes_range":"Some(Range { start: 1024000000, end: 9024000000 })","api_version":"v2"},"filename":"D:\\a\\xet-core\\xet-core\\xet_client\\src\\cas_client\\remote_client.rs","line_number":208}
{"timestamp":"2026-07-31T17:17:42.515895Z","level":"INFO","fields":{"message":"Retry strategy","max_attempts":5,"base_delay":"3s","no_retry_on_429":false},"filename":"D:\\a\\xet-core\\xet-core\\xet_client\\src\\cas_client\\retry_wrapper.rs","line_number":235}
{"timestamp":"2026-07-31T17:17:43.086202Z","level":"INFO","fields":{"message":"Completed get_reconstruction API call","call_id":3,"file_id":"46ea4ba5786759efecf127c64dee654df39a3f02fdeaafc67734a06574619467","bytes_range":"Some(Range { start: 256000000, end: 768000000 })","api_version":"v2"},"filename":"D:\\a\\xet-core\\xet-core\\xet_client\\src\\cas_client\\remote_client.rs","line_number":232}
{"timestamp":"2026-07-31T17:17:43.086467Z","level":"INFO","fields":{"message":"Received block of file terms from prefetch queue","file_hash":"46ea4ba5786759efecf127c64dee654df39a3f02fdeaafc67734a06574619467","domain":"us.aws.cdn.hf.co","block_start":256000000,"block_end":768000000,"block_size":523},"filename":"D:\\a\\xet-core\\xet-core\\xet_data\\src\\file_reconstruction\\reconstruction_terms\\manager.rs","line_number":151}
{"timestamp":"2026-07-31T17:17:43.087404Z","level":"INFO","fields":{"message":"Updated completion rate estimate based on previous block completion time (seconds).","file_hash":"46ea4ba5786759efecf127c64dee654df39a3f02fdeaafc67734a06574619467","block_start":256000000,"block_end":768000000,"block_size":512000000,"completion_time":0.0009369},"filename":"D:\\a\\xet-core\\xet-core\\xet_data\\src\\file_reconstruction\\reconstruction_terms\\manager.rs","line_number":104}
{"timestamp":"2026-07-31T17:17:43.087415Z","level":"INFO","fields":{"message":"Scheduling prefetch block","file_hash":"46ea4ba5786759efecf127c64dee654df39a3f02fdeaafc67734a06574619467","prefetch_range":"(9024000000, 17024000000)","requested_block_size":8000000000,"actual_block_size":8000000000,"queue_depth":3},"filename":"D:\\a\\xet-core\\xet-core\\xet_data\\src\\file_reconstruction\\reconstruction_terms\\manager.rs","line_number":272}
{"timestamp":"2026-07-31T17:17:43.087430Z","level":"INFO","fields":{"message":"Received block of file terms from prefetch queue","file_hash":"46ea4ba5786759efecf127c64dee654df39a3f02fdeaafc67734a06574619467","domain":"us.aws.cdn.hf.co","block_start":768000000,"block_end":1024000000,"block_size":25},"filename":"D:\\a\\xet-core\\xet-core\\xet_data\\src\\file_reconstruction\\reconstruction_terms\\manager.rs","line_number":151}
{"timestamp":"2026-07-31T17:17:43.087467Z","level":"INFO","fields":{"message":"Starting get_reconstruction API call","call_id":5,"file_id":"46ea4ba5786759efecf127c64dee654df39a3f02fdeaafc67734a06574619467","bytes_range":"Some(Range { start: 9024000000, end: 17024000000 })","api_version":"v2"},"filename":"D:\\a\\xet-core\\xet-core\\xet_client\\src\\cas_client\\remote_client.rs","line_number":208}
{"timestamp":"2026-07-31T17:17:43.087489Z","level":"INFO","fields":{"message":"Retry strategy","max_attempts":5,"base_delay":"3s","no_retry_on_429":false},"filename":"D:\\a\\xet-core\\xet-core\\xet_client\\src\\cas_client\\retry_wrapper.rs","line_number":235}
{"timestamp":"2026-07-31T17:17:43.087587Z","level":"INFO","fields":{"message":"Updated completion rate estimate based on previous block completion time (seconds).","file_hash":"46ea4ba5786759efecf127c64dee654df39a3f02fdeaafc67734a06574619467","block_start":768000000,"block_end":1024000000,"block_size":256000000,"completion_time":0.0001571},"filename":"D:\\a\\xet-core\\xet-core\\xet_data\\src\\file_reconstruction\\reconstruction_terms\\manager.rs","line_number":104}
{"timestamp":"2026-07-31T17:17:43.087598Z","level":"INFO","fields":{"message":"Scheduling prefetch block","file_hash":"46ea4ba5786759efecf127c64dee654df39a3f02fdeaafc67734a06574619467","prefetch_range":"(17024000000, 25024000000)","requested_block_size":8000000000,"actual_block_size":8000000000,"queue_depth":3},"filename":"D:\\a\\xet-core\\xet-core\\xet_data\\src\\file_reconstruction\\reconstruction_terms\\manager.rs","line_number":272}
{"timestamp":"2026-07-31T17:17:43.087614Z","level":"INFO","fields":{"message":"Starting get_reconstruction API call","call_id":6,"file_id":"46ea4ba5786759efecf127c64dee654df39a3f02fdeaafc67734a06574619467","bytes_range":"Some(Range { start: 17024000000, end: 25024000000 })","api_version":"v2"},"filename":"D:\\a\\xet-core\\xet-core\\xet_client\\src\\cas_client\\remote_client.rs","line_number":208}
{"timestamp":"2026-07-31T17:17:43.087619Z","level":"INFO","fields":{"message":"Retry strategy","max_attempts":5,"base_delay":"3s","no_retry_on_429":false},"filename":"D:\\a\\xet-core\\xet-core\\xet_client\\src\\cas_client\\retry_wrapper.rs","line_number":235}
{"timestamp":"2026-07-31T17:17:43.190080Z","level":"INFO","fields":{"message":"Received CAS response","request_id":"01KYWJX2YPNNXM1Y76SG13DE92","status_code":200},"filename":"D:\\a\\xet-core\\xet-core\\xet_client\\src\\common\\http_client.rs","line_number":288}
{"timestamp":"2026-07-31T17:17:43.190102Z","level":"INFO","fields":{"message":"Request Success: cas::get_reconstruction_v2 api call succeeded (request id 01KYWJX2YPNNXM1Y76SG13DE92)."},"filename":"D:\\a\\xet-core\\xet-core\\xet_client\\src\\cas_client\\retry_wrapper.rs","line_number":196}
{"timestamp":"2026-07-31T17:17:43.243640Z","level":"INFO","fields":{"message":"Completed get_reconstruction API call","call_id":4,"file_id":"46ea4ba5786759efecf127c64dee654df39a3f02fdeaafc67734a06574619467","bytes_range":"Some(Range { start: 1024000000, end: 9024000000 })","api_version":"v2"},"filename":"D:\\a\\xet-core\\xet-core\\xet_client\\src\\cas_client\\remote_client.rs","line_number":232}
{"timestamp":"2026-07-31T17:17:43.243803Z","level":"INFO","fields":{"message":"Received block of file terms from prefetch queue","file_hash":"46ea4ba5786759efecf127c64dee654df39a3f02fdeaafc67734a06574619467","domain":"us.aws.cdn.hf.co","block_start":1024000000,"block_end":3087467144,"block_size":210},"filename":"D:\\a\\xet-core\\xet-core\\xet_data\\src\\file_reconstruction\\reconstruction_terms\\manager.rs","line_number":151}
{"timestamp":"2026-07-31T17:17:44.152561Z","level":"INFO","fields":{"message":"Received CAS response","request_id":"01KYWJX3GRVKP0WSTKYW7AEP9Q","status_code":416},"filename":"D:\\a\\xet-core\\xet-core\\xet_client\\src\\common\\http_client.rs","line_number":288}
{"timestamp":"2026-07-31T17:17:44.152588Z","level":"INFO","fields":{"message":"Reached end of reconstruction 416 (Range Not Satisfiable): \"cas::get_reconstruction_v2\" api call failed (request id 01KYWJX3GRVKP0WSTKYW7AEP9Q): HTTP status client error (416 Range Not Satisfiable) for url (https://cas-server.xethub.hf.co/v2/reconstructions/46ea4ba5786759efecf127c64dee654df39a3f02fdeaafc67734a06574619467)"},"filename":"D:\\a\\xet-core\\xet-core\\xet_client\\src\\cas_client\\retry_wrapper.rs","line_number":151}
{"timestamp":"2026-07-31T17:17:44.152649Z","level":"INFO","fields":{"message":"Received CAS response","request_id":"01KYWJX3GHXTDVQ99C9HW6W288","status_code":416},"filename":"D:\\a\\xet-core\\xet-core\\xet_client\\src\\common\\http_client.rs","line_number":288}
{"timestamp":"2026-07-31T17:17:44.152658Z","level":"INFO","fields":{"message":"Reached end of reconstruction 416 (Range Not Satisfiable): \"cas::get_reconstruction_v2\" api call failed (request id 01KYWJX3GHXTDVQ99C9HW6W288): HTTP status client error (416 Range Not Satisfiable) for url (https://cas-server.xethub.hf.co/v2/reconstructions/46ea4ba5786759efecf127c64dee654df39a3f02fdeaafc67734a06574619467)"},"filename":"D:\\a\\xet-core\\xet-core\\xet_client\\src\\cas_client\\retry_wrapper.rs","line_number":151}
{"timestamp":"2026-07-31T17:17:44.855320Z","level":"INFO","fields":{"message":"Received CAS response","request_id":"01KYWJX4NXM9KM9N9H9E7R20WQ","status_code":206},"filename":"D:\\a\\xet-core\\xet-core\\xet_client\\src\\common\\http_client.rs","line_number":288}
{"timestamp":"2026-07-31T17:17:44.855354Z","level":"INFO","fields":{"message":"Request Success: s3::get_range api call succeeded (request id 01KYWJX4NXM9KM9N9H9E7R20WQ)."},"filename":"D:\\a\\xet-core\\xet-core\\xet_client\\src\\cas_client\\retry_wrapper.rs","line_number":196}
{"timestamp":"2026-07-31T17:17:44.860603Z","level":"INFO","fields":{"message":"Received CAS response","request_id":"01KYWJX4PEA2ECZQP3RSZ2BENG","status_code":206},"filename":"D:\\a\\xet-core\\xet-core\\xet_client\\src\\common\\http_client.rs","line_number":288}
{"timestamp":"2026-07-31T17:17:44.860621Z","level":"INFO","fields":{"message":"Request Success: s3::get_range api call succeeded (request id 01KYWJX4PEA2ECZQP3RSZ2BENG)."},"filename":"D:\\a\\xet-core\\xet-core\\xet_client\\src\\cas_client\\retry_wrapper.rs","line_number":196}
{"timestamp":"2026-07-31T17:17:44.864876Z","level":"INFO","fields":{"message":"Received CAS response","request_id":"01KYWJX4PGC27R7VAM4Z062QDT","status_code":206},"filename":"D:\\a\\xet-core\\xet-core\\xet_client\\src\\common\\http_client.rs","line_number":288}
{"timestamp":"2026-07-31T17:17:44.864896Z","level":"INFO","fields":{"message":"Request Success: s3::get_range api call succeeded (request id 01KYWJX4PGC27R7VAM4Z062QDT)."},"filename":"D:\\a\\xet-core\\xet-core\\xet_client\\src\\cas_client\\retry_wrapper.rs","line_number":196}
{"timestamp":"2026-07-31T17:17:44.864963Z","level":"INFO","fields":{"message":"Received CAS response","request_id":"01KYWJX4NYKARVEQDRGK1A6QCN","status_code":206},"filename":"D:\\a\\xet-core\\xet-core\\xet_client\\src\\common\\http_client.rs","line_number":288}
{"timestamp":"2026-07-31T17:17:44.864971Z","level":"INFO","fields":{"message":"Request Success: s3::get_range api call succeeded (request id 01KYWJX4NYKARVEQDRGK1A6QCN)."},"filename":"D:\\a\\xet-core\\xet-core\\xet_client\\src\\cas_client\\retry_wrapper.rs","line_number":196}
{"timestamp":"2026-07-31T17:17:44.911038Z","level":"INFO","fields":{"message":"Concurrency control for download: Current concurrency = 4; predicted bandwidth = 0; success_ratio = 1.000; reference_size = 61.0MB; observed bytes sent so far = 8581; completed transmissions = 1"},"filename":"D:\\a\\xet-core\\xet-core\\xet_client\\src\\cas_client\\adaptive_concurrency\\controller.rs","line_number":597}
{"timestamp":"2026-07-31T17:17:44.911110Z","level":"INFO","fields":{"message":"Retry strategy","max_attempts":5,"base_delay":"3s","no_retry_on_429":false},"filename":"D:\\a\\xet-core\\xet-core\\xet_client\\src\\cas_client\\retry_wrapper.rs","line_number":235}
{"timestamp":"2026-07-31T17:17:44.914625Z","level":"INFO","fields":{"message":"Retry strategy","max_attempts":5,"base_delay":"3s","no_retry_on_429":false},"filename":"D:\\a\\xet-core\\xet-core\\xet_client\\src\\cas_client\\retry_wrapper.rs","line_number":235}
{"timestamp":"2026-07-31T17:17:45.129369Z","level":"INFO","fields":{"message":"Received CAS response","request_id":"01KYWJX57QP4BHBTTE29PESCZ0","status_code":206},"filename":"D:\\a\\xet-core\\xet-core\\xet_client\\src\\common\\http_client.rs","line_number":288}
{"timestamp":"2026-07-31T17:17:45.129389Z","level":"INFO","fields":{"message":"Request Success: s3::get_range api call succeeded (request id 01KYWJX57QP4BHBTTE29PESCZ0)."},"filename":"D:\\a\\xet-core\\xet-core\\xet_client\\src\\cas_client\\retry_wrapper.rs","line_number":196}
{"timestamp":"2026-07-31T17:17:45.148672Z","level":"INFO","fields":{"message":"Received CAS response","request_id":"01KYWJX58MN458E8BENCHJMH93","status_code":206},"filename":"D:\\a\\xet-core\\xet-core\\xet_client\\src\\common\\http_client.rs","line_number":288}
{"timestamp":"2026-07-31T17:17:45.148683Z","level":"INFO","fields":{"message":"Request Success: s3::get_range api call succeeded (request id 01KYWJX58MN458E8BENCHJMH93)."},"filename":"D:\\a\\xet-core\\xet-core\\xet_client\\src\\cas_client\\retry_wrapper.rs","line_number":196}
{"timestamp":"2026-07-31T17:17:45.201370Z","level":"INFO","fields":{"message":"Retry strategy","max_attempts":5,"base_delay":"3s","no_retry_on_429":false},"filename":"D:\\a\\xet-core\\xet-core\\xet_client\\src\\cas_client\\retry_wrapper.rs","line_number":235}
{"timestamp":"2026-07-31T17:17:45.576246Z","level":"INFO","fields":{"message":"Received CAS response","request_id":"01KYWJX5GKEM01W1FSWEY4ZGZW","status_code":206},"filename":"D:\\a\\xet-core\\xet-core\\xet_client\\src\\common\\http_client.rs","line_number":288}
{"timestamp":"2026-07-31T17:17:45.576267Z","level":"INFO","fields":{"message":"Request Success: s3::get_range api call succeeded (request id 01KYWJX5GKEM01W1FSWEY4ZGZW)."},"filename":"D:\\a\\xet-core\\xet-core\\xet_client\\src\\cas_client\\retry_wrapper.rs","line_number":196}
{"timestamp":"2026-07-31T17:17:45.960733Z","level":"INFO","fields":{"message":"Retry strategy","max_attempts":5,"base_delay":"3s","no_retry_on_429":false},"filename":"D:\\a\\xet-core\\xet-core\\xet_client\\src\\cas_client\\retry_wrapper.rs","line_number":235}
{"timestamp":"2026-07-31T17:17:46.222952Z","level":"INFO","fields":{"message":"Received CAS response","request_id":"01KYWJX6AGG830HBA1N6DJMGV2","status_code":206},"filename":"D:\\a\\xet-core\\xet-core\\xet_client\\src\\common\\http_client.rs","line_number":288}
{"timestamp":"2026-07-31T17:17:46.222970Z","level":"INFO","fields":{"message":"Request Success: s3::get_range api call succeeded (request id 01KYWJX6AGG830HBA1N6DJMGV2)."},"filename":"D:\\a\\xet-core\\xet-core\\xet_client\\src\\cas_client\\retry_wrapper.rs","line_number":196}
{"timestamp":"2026-07-31T17:17:46.419314Z","level":"INFO","fields":{"message":"Retry strategy","max_attempts":5,"base_delay":"3s","no_retry_on_429":false},"filename":"D:\\a\\xet-core\\xet-core\\xet_client\\src\\cas_client\\retry_wrapper.rs","line_number":235}
{"timestamp":"2026-07-31T17:17:46.430348Z","level":"INFO","fields":{"message":"Retry strategy","max_attempts":5,"base_delay":"3s","no_retry_on_429":false},"filename":"D:\\a\\xet-core\\xet-core\\xet_client\\src\\cas_client\\retry_wrapper.rs","line_number":235}
{"timestamp":"2026-07-31T17:17:46.615981Z","level":"INFO","fields":{"message":"Received CAS response","request_id":"01KYWJX6PXQFA51E7CJXFKXMAD","status_code":206},"filename":"D:\\a\\xet-core\\xet-core\\xet_client\\src\\common\\http_client.rs","line_number":288}
{"timestamp":"2026-07-31T17:17:46.616002Z","level":"INFO","fields":{"message":"Request Success: s3::get_range api call succeeded (request id 01KYWJX6PXQFA51E7CJXFKXMAD)."},"filename":"D:\\a\\xet-core\\xet-core\\xet_client\\src\\cas_client\\retry_wrapper.rs","line_number":196}
{"timestamp":"2026-07-31T17:17:46.672244Z","level":"INFO","fields":{"message":"Received CAS response","request_id":"01KYWJX6Q9ZV343WJWXK1JCV4J","status_code":206},"filename":"D:\\a\\xet-core\\xet-core\\xet_client\\src\\common\\http_client.rs","line_number":288}
{"timestamp":"2026-07-31T17:17:46.672255Z","level":"INFO","fields":{"message":"Request Success: s3::get_range api call succeeded (request id 01KYWJX6Q9ZV343WJWXK1JCV4J)."},"filename":"D:\\a\\xet-core\\xet-core\\xet_client\\src\\cas_client\\retry_wrapper.rs","line_number":196}
{"timestamp":"2026-07-31T17:17:46.673396Z","level":"INFO","fields":{"message":"Retry strategy","max_attempts":5,"base_delay":"3s","no_retry_on_429":false},"filename":"D:\\a\\xet-core\\xet-core\\xet_client\\src\\cas_client\\retry_wrapper.rs","line_number":235}
{"timestamp":"2026-07-31T17:17:46.681759Z","level":"INFO","fields":{"message":"Retry strategy","max_attempts":5,"base_delay":"3s","no_retry_on_429":false},"filename":"D:\\a\\xet-core\\xet-core\\xet_client\\src\\cas_client\\retry_wrapper.rs","line_number":235}
{"timestamp":"2026-07-31T17:17:46.984367Z","level":"INFO","fields":{"message":"Received CAS response","request_id":"01KYWJX6YYS26KE2WJCJCASNMV","status_code":206},"filename":"D:\\a\\xet-core\\xet-core\\xet_client\\src\\common\\http_client.rs","line_number":288}
{"timestamp":"2026-07-31T17:17:46.984386Z","level":"INFO","fields":{"message":"Request Success: s3::get_range api call succeeded (request id 01KYWJX6YYS26KE2WJCJCASNMV)."},"filename":"D:\\a\\xet-core\\xet-core\\xet_client\\src\\cas_client\\retry_wrapper.rs","line_number":196}
{"timestamp":"2026-07-31T17:17:46.989274Z","level":"INFO","fields":{"message":"Received CAS response","request_id":"01KYWJX6Z0W99VCYCRDXTWZ9PZ","status_code":206},"filename":"D:\\a\\xet-core\\xet-core\\xet_client\\src\\common\\http_client.rs","line_number":288}
{"timestamp":"2026-07-31T17:17:46.989284Z","level":"INFO","fields":{"message":"Request Success: s3::get_range api call succeeded (request id 01KYWJX6Z0W99VCYCRDXTWZ9PZ)."},"filename":"D:\\a\\xet-core\\xet-core\\xet_client\\src\\cas_client\\retry_wrapper.rs","line_number":196}
{"timestamp":"2026-07-31T17:17:47.058989Z","level":"INFO","fields":{"message":"Retry strategy","max_attempts":5,"base_delay":"3s","no_retry_on_429":false},"filename":"D:\\a\\xet-core\\xet-core\\xet_client\\src\\cas_client\\retry_wrapper.rs","line_number":235}
{"timestamp":"2026-07-31T17:17:47.226980Z","level":"INFO","fields":{"message":"Retry strategy","max_attempts":5,"base_delay":"3s","no_retry_on_429":false},"filename":"D:\\a\\xet-core\\xet-core\\xet_client\\src\\cas_client\\retry_wrapper.rs","line_number":235}
{"timestamp":"2026-07-31T17:17:47.294638Z","level":"INFO","fields":{"message":"Received CAS response","request_id":"01KYWJX7AVK55RRP6ZPK89SAAV","status_code":206},"filename":"D:\\a\\xet-core\\xet-core\\xet_client\\src\\common\\http_client.rs","line_number":288}
{"timestamp":"2026-07-31T17:17:47.294657Z","level":"INFO","fields":{"message":"Request Success: s3::get_range api call succeeded (request id 01KYWJX7AVK55RRP6ZPK89SAAV)."},"filename":"D:\\a\\xet-core\\xet-core\\xet_client\\src\\cas_client\\retry_wrapper.rs","line_number":196}
{"timestamp":"2026-07-31T17:17:47.505428Z","level":"INFO","fields":{"message":"Retry strategy","max_attempts":5,"base_delay":"3s","no_retry_on_429":false},"filename":"D:\\a\\xet-core\\xet-core\\xet_client\\src\\cas_client\\retry_wrapper.rs","line_number":235}
{"timestamp":"2026-07-31T17:17:47.521710Z","level":"INFO","fields":{"message":"Retry strategy","max_attempts":5,"base_delay":"3s","no_retry_on_429":false},"filename":"D:\\a\\xet-core\\xet-core\\xet_client\\src\\cas_client\\retry_wrapper.rs","line_number":235}
{"timestamp":"2026-07-31T17:17:47.605271Z","level":"INFO","fields":{"message":"Received CAS response","request_id":"01KYWJX7GPJ8B7BC1VM3HYD5SR","status_code":206},"filename":"D:\\a\\xet-core\\xet-core\\xet_client\\src\\common\\http_client.rs","line_number":288}
{"timestamp":"2026-07-31T17:17:47.605284Z","level":"INFO","fields":{"message":"Request Success: s3::get_range api call succeeded (request id 01KYWJX7GPJ8B7BC1VM3HYD5SR)."},"filename":"D:\\a\\xet-core\\xet-core\\xet_client\\src\\cas_client\\retry_wrapper.rs","line_number":196}
{"timestamp":"2026-07-31T17:17:47.733753Z","level":"INFO","fields":{"message":"Retry strategy","max_attempts":5,"base_delay":"3s","no_retry_on_429":false},"filename":"D:\\a\\xet-core\\xet-core\\xet_client\\src\\cas_client\\retry_wrapper.rs","line_number":235}
{"timestamp":"2026-07-31T17:17:47.943060Z","level":"INFO","fields":{"message":"Received CAS response","request_id":"01KYWJX7S3K9ZT7H6JYHZCSP2J","status_code":206},"filename":"D:\\a\\xet-core\\xet-core\\xet_client\\src\\common\\http_client.rs","line_number":288}
{"timestamp":"2026-07-31T17:17:47.943080Z","level":"INFO","fields":{"message":"Request Success: s3::get_range api call succeeded (request id 01KYWJX7S3K9ZT7H6JYHZCSP2J)."},"filename":"D:\\a\\xet-core\\xet-core\\xet_client\\src\\cas_client\\retry_wrapper.rs","line_number":196}
{"timestamp":"2026-07-31T17:17:48.000865Z","level":"INFO","fields":{"message":"Received CAS response","request_id":"01KYWJX7TAD56RZ81GZNPDE8VB","status_code":206},"filename":"D:\\a\\xet-core\\xet-core\\xet_client\\src\\common\\http_client.rs","line_number":288}
{"timestamp":"2026-07-31T17:17:48.000885Z","level":"INFO","fields":{"message":"Request Success: s3::get_range api call succeeded (request id 01KYWJX7TAD56RZ81GZNPDE8VB)."},"filename":"D:\\a\\xet-core\\xet-core\\xet_client\\src\\cas_client\\retry_wrapper.rs","line_number":196}
{"timestamp":"2026-07-31T17:17:48.022692Z","level":"INFO","fields":{"message":"Retry strategy","max_attempts":5,"base_delay":"3s","no_retry_on_429":false},"filename":"D:\\a\\xet-core\\xet-core\\xet_client\\src\\cas_client\\retry_wrapper.rs","line_number":235}
{"timestamp":"2026-07-31T17:17:48.031227Z","level":"INFO","fields":{"message":"Retry strategy","max_attempts":5,"base_delay":"3s","no_retry_on_429":false},"filename":"D:\\a\\xet-core\\xet-core\\xet_client\\src\\cas_client\\retry_wrapper.rs","line_number":235}
{"timestamp":"2026-07-31T17:17:48.032444Z","level":"INFO","fields":{"message":"Received CAS response","request_id":"01KYWJX805PJ8F1FCCY88TAPRC","status_code":206},"filename":"D:\\a\\xet-core\\xet-core\\xet_client\\src\\common\\http_client.rs","line_number":288}
{"timestamp":"2026-07-31T17:17:48.032455Z","level":"INFO","fields":{"message":"Request Success: s3::get_range api call succeeded (request id 01KYWJX805PJ8F1FCCY88TAPRC)."},"filename":"D:\\a\\xet-core\\xet-core\\xet_client\\src\\cas_client\\retry_wrapper.rs","line_number":196}
{"timestamp":"2026-07-31T17:17:48.522214Z","level":"INFO","fields":{"message":"Received CAS response","request_id":"01KYWJX8E737H3BJ731H5PYEPW","status_code":206},"filename":"D:\\a\\xet-core\\xet-core\\xet_client\\src\\common\\http_client.rs","line_number":288}
{"timestamp":"2026-07-31T17:17:48.522236Z","level":"INFO","fields":{"message":"Request Success: s3::get_range api call succeeded (request id 01KYWJX8E737H3BJ731H5PYEPW)."},"filename":"D:\\a\\xet-core\\xet-core\\xet_client\\src\\cas_client\\retry_wrapper.rs","line_number":196}
{"timestamp":"2026-07-31T17:17:48.523468Z","level":"INFO","fields":{"message":"Received CAS response","request_id":"01KYWJX8DPKCJG3D96XK1HHWTF","status_code":206},"filename":"D:\\a\\xet-core\\xet-core\\xet_client\\src\\common\\http_client.rs","line_number":288}
{"timestamp":"2026-07-31T17:17:48.523486Z","level":"INFO","fields":{"message":"Request Success: s3::get_range api call succeeded (request id 01KYWJX8DPKCJG3D96XK1HHWTF)."},"filename":"D:\\a\\xet-core\\xet-core\\xet_client\\src\\cas_client\\retry_wrapper.rs","line_number":196}
{"timestamp":"2026-07-31T17:17:48.541768Z","level":"INFO","fields":{"message":"Retry strategy","max_attempts":5,"base_delay":"3s","no_retry_on_429":false},"filename":"D:\\a\\xet-core\\xet-core\\xet_client\\src\\cas_client\\retry_wrapper.rs","line_number":235}
{"timestamp":"2026-07-31T17:17:48.879627Z","level":"INFO","fields":{"message":"Retry strategy","max_attempts":5,"base_delay":"3s","no_retry_on_429":false},"filename":"D:\\a\\xet-core\\xet-core\\xet_client\\src\\cas_client\\retry_wrapper.rs","line_number":235}
{"timestamp":"2026-07-31T17:17:48.908095Z","level":"INFO","fields":{"message":"Retry strategy","max_attempts":5,"base_delay":"3s","no_retry_on_429":false},"filename":"D:\\a\\xet-core\\xet-core\\xet_client\\src\\cas_client\\retry_wrapper.rs","line_number":235}
{"timestamp":"2026-07-31T17:17:48.909192Z","level":"INFO","fields":{"message":"Received CAS response","request_id":"01KYWJX8SG0PXCE2V88GZ3GEBJ","status_code":206},"filename":"D:\\a\\xet-core\\xet-core\\xet_client\\src\\common\\http_client.rs","line_number":288}
{"timestamp":"2026-07-31T17:17:48.909210Z","level":"INFO","fields":{"message":"Request Success: s3::get_range api call succeeded (request id 01KYWJX8SG0PXCE2V88GZ3GEBJ)."},"filename":"D:\\a\\xet-core\\xet-core\\xet_client\\src\\cas_client\\retry_wrapper.rs","line_number":196}
{"timestamp":"2026-07-31T17:17:49.091285Z","level":"INFO","fields":{"message":"Received CAS response","request_id":"01KYWJX9406T34NJKKSSNRKTZS","status_code":206},"filename":"D:\\a\\xet-core\\xet-core\\xet_client\\src\\common\\http_client.rs","line_number":288}
{"timestamp":"2026-07-31T17:17:49.091305Z","level":"INFO","fields":{"message":"Request Success: s3::get_range api call succeeded (request id 01KYWJX9406T34NJKKSSNRKTZS)."},"filename":"D:\\a\\xet-core\\xet-core\\xet_client\\src\\cas_client\\retry_wrapper.rs","line_number":196}
{"timestamp":"2026-07-31T17:17:49.124303Z","level":"INFO","fields":{"message":"Received CAS response","request_id":"01KYWJX94KH7WPW7A5826N98BE","status_code":206},"filename":"D:\\a\\xet-core\\xet-core\\xet_client\\src\\common\\http_client.rs","line_number":288}
{"timestamp":"2026-07-31T17:17:49.124320Z","level":"INFO","fields":{"message":"Request Success: s3::get_range api call succeeded (request id 01KYWJX94KH7WPW7A5826N98BE)."},"filename":"D:\\a\\xet-core\\xet-core\\xet_client\\src\\cas_client\\retry_wrapper.rs","line_number":196}
{"timestamp":"2026-07-31T17:17:49.231438Z","level":"INFO","fields":{"message":"Retry strategy","max_attempts":5,"base_delay":"3s","no_retry_on_429":false},"filename":"D:\\a\\xet-core\\xet-core\\xet_client\\src\\cas_client\\retry_wrapper.rs","line_number":235}
{"timestamp":"2026-07-31T17:17:49.352098Z","level":"INFO","fields":{"message":"Retry strategy","max_attempts":5,"base_delay":"3s","no_retry_on_429":false},"filename":"D:\\a\\xet-core\\xet-core\\xet_client\\src\\cas_client\\retry_wrapper.rs","line_number":235}
{"timestamp":"2026-07-31T17:17:49.658513Z","level":"INFO","fields":{"message":"Received CAS response","request_id":"01KYWJX9EX1RT0335BTXV922ZQ","status_code":206},"filename":"D:\\a\\xet-core\\xet-core\\xet_client\\src\\common\\http_client.rs","line_number":288}
{"timestamp":"2026-07-31T17:17:49.658534Z","level":"INFO","fields":{"message":"Request Success: s3::get_range api call succeeded (request id 01KYWJX9EX1RT0335BTXV922ZQ)."},"filename":"D:\\a\\xet-core\\xet-core\\xet_client\\src\\cas_client\\retry_wrapper.rs","line_number":196}
{"timestamp":"2026-07-31T17:17:49.699894Z","level":"INFO","fields":{"message":"Retry strategy","max_attempts":5,"base_delay":"3s","no_retry_on_429":false},"filename":"D:\\a\\xet-core\\xet-core\\xet_client\\src\\cas_client\\retry_wrapper.rs","line_number":235}
{"timestamp":"2026-07-31T17:17:49.831606Z","level":"INFO","fields":{"message":"Retry strategy","max_attempts":5,"base_delay":"3s","no_retry_on_429":false},"filename":"D:\\a\\xet-core\\xet-core\\xet_client\\src\\cas_client\\retry_wrapper.rs","line_number":235}
{"timestamp":"2026-07-31T17:17:49.868177Z","level":"INFO","fields":{"message":"Received CAS response","request_id":"01KYWJX9JY8Y5V1DYAB11H57YJ","status_code":206},"filename":"D:\\a\\xet-core\\xet-core\\xet_client\\src\\common\\http_client.rs","line_number":288}
{"timestamp":"2026-07-31T17:17:49.868197Z","level":"INFO","fields":{"message":"Request Success: s3::get_range api call succeeded (request id 01KYWJX9JY8Y5V1DYAB11H57YJ)."},"filename":"D:\\a\\xet-core\\xet-core\\xet_client\\src\\cas_client\\retry_wrapper.rs","line_number":196}
{"timestamp":"2026-07-31T17:17:49.955049Z","level":"INFO","fields":{"message":"Retry strategy","max_attempts":5,"base_delay":"3s","no_retry_on_429":false},"filename":"D:\\a\\xet-core\\xet-core\\xet_client\\src\\cas_client\\retry_wrapper.rs","line_number":235}
{"timestamp":"2026-07-31T17:17:49.974877Z","level":"INFO","fields":{"message":"Received CAS response","request_id":"01KYWJX9XSTTZE289GH4X1N0K5","status_code":206},"filename":"D:\\a\\xet-core\\xet-core\\xet_client\\src\\common\\http_client.rs","line_number":288}
{"timestamp":"2026-07-31T17:17:49.974894Z","level":"INFO","fields":{"message":"Request Success: s3::get_range api call succeeded (request id 01KYWJX9XSTTZE289GH4X1N0K5)."},"filename":"D:\\a\\xet-core\\xet-core\\xet_client\\src\\cas_client\\retry_wrapper.rs","line_number":196}
{"timestamp":"2026-07-31T17:17:50.003724Z","level":"INFO","fields":{"message":"Retry strategy","max_attempts":5,"base_delay":"3s","no_retry_on_429":false},"filename":"D:\\a\\xet-core\\xet-core\\xet_client\\src\\cas_client\\retry_wrapper.rs","line_number":235}
{"timestamp":"2026-07-31T17:17:50.022639Z","level":"INFO","fields":{"message":"Received CAS response","request_id":"01KYWJXA1F4CYFMQWW6K5EAWA4","status_code":206},"filename":"D:\\a\\xet-core\\xet-core\\xet_client\\src\\common\\http_client.rs","line_number":288}
{"timestamp":"2026-07-31T17:17:50.022657Z","level":"INFO","fields":{"message":"Request Success: s3::get_range api call succeeded (request id 01KYWJXA1F4CYFMQWW6K5EAWA4)."},"filename":"D:\\a\\xet-core\\xet-core\\xet_client\\src\\cas_client\\retry_wrapper.rs","line_number":196}
{"timestamp":"2026-07-31T17:17:50.045093Z","level":"INFO","fields":{"message":"Retry strategy","max_attempts":5,"base_delay":"3s","no_retry_on_429":false},"filename":"D:\\a\\xet-core\\xet-core\\xet_client\\src\\cas_client\\retry_wrapper.rs","line_number":235}
{"timestamp":"2026-07-31T17:17:50.247979Z","level":"INFO","fields":{"message":"Received CAS response","request_id":"01KYWJXA9546G88T8FT0CE580Y","status_code":206},"filename":"D:\\a\\xet-core\\xet-core\\xet_client\\src\\common\\http_client.rs","line_number":288}
{"timestamp":"2026-07-31T17:17:50.247998Z","level":"INFO","fields":{"message":"Request Success: s3::get_range api call succeeded (request id 01KYWJXA9546G88T8FT0CE580Y)."},"filename":"D:\\a\\xet-core\\xet-core\\xet_client\\src\\cas_client\\retry_wrapper.rs","line_number":196}
{"timestamp":"2026-07-31T17:17:50.381432Z","level":"INFO","fields":{"message":"Received CAS response","request_id":"01KYWJXA9XX4JG6HDK1Y69645B","status_code":206},"filename":"D:\\a\\xet-core\\xet-core\\xet_client\\src\\common\\http_client.rs","line_number":288}
{"timestamp":"2026-07-31T17:17:50.381451Z","level":"INFO","fields":{"message":"Request Success: s3::get_range api call succeeded (request id 01KYWJXA9XX4JG6HDK1Y69645B)."},"filename":"D:\\a\\xet-core\\xet-core\\xet_client\\src\\cas_client\\retry_wrapper.rs","line_number":196}
{"timestamp":"2026-07-31T17:17:50.381508Z","level":"INFO","fields":{"message":"Received CAS response","request_id":"01KYWJXA9NAR3P81W3D34Q0HXR","status_code":206},"filename":"D:\\a\\xet-core\\xet-core\\xet_client\\src\\common\\http_client.rs","line_number":288}
{"timestamp":"2026-07-31T17:17:50.381516Z","level":"INFO","fields":{"message":"Request Success: s3::get_range api call succeeded (request id 01KYWJXA9NAR3P81W3D34Q0HXR)."},"filename":"D:\\a\\xet-core\\xet-core\\xet_client\\src\\cas_client\\retry_wrapper.rs","line_number":196}
{"timestamp":"2026-07-31T17:17:50.480753Z","level":"INFO","fields":{"message":"Retry strategy","max_attempts":5,"base_delay":"3s","no_retry_on_429":false},"filename":"D:\\a\\xet-core\\xet-core\\xet_client\\src\\cas_client\\retry_wrapper.rs","line_number":235}
{"timestamp":"2026-07-31T17:17:50.701906Z","level":"INFO","fields":{"message":"Retry strategy","max_attempts":5,"base_delay":"3s","no_retry_on_429":false},"filename":"D:\\a\\xet-core\\xet-core\\xet_client\\src\\cas_client\\retry_wrapper.rs","line_number":235}
{"timestamp":"2026-07-31T17:17:50.852415Z","level":"INFO","fields":{"message":"Received CAS response","request_id":"01KYWJXANNMADHEFM684AHFFEV","status_code":206},"filename":"D:\\a\\xet-core\\xet-core\\xet_client\\src\\common\\http_client.rs","line_number":288}
{"timestamp":"2026-07-31T17:17:50.852436Z","level":"INFO","fields":{"message":"Request Success: s3::get_range api call succeeded (request id 01KYWJXANNMADHEFM684AHFFEV)."},"filename":"D:\\a\\xet-core\\xet-core\\xet_client\\src\\cas_client\\retry_wrapper.rs","line_number":196}
{"timestamp":"2026-07-31T17:17:50.864999Z","level":"INFO","fields":{"message":"Retry strategy","max_attempts":5,"base_delay":"3s","no_retry_on_429":false},"filename":"D:\\a\\xet-core\\xet-core\\xet_client\\src\\cas_client\\retry_wrapper.rs","line_number":235}
{"timestamp":"2026-07-31T17:17:51.074598Z","level":"INFO","fields":{"message":"Received CAS response","request_id":"01KYWJXAXJNABR2EN1Z44C5XV6","status_code":206},"filename":"D:\\a\\xet-core\\xet-core\\xet_client\\src\\common\\http_client.rs","line_number":288}
{"timestamp":"2026-07-31T17:17:51.074616Z","level":"INFO","fields":{"message":"Request Success: s3::get_range api call succeeded (request id 01KYWJXAXJNABR2EN1Z44C5XV6)."},"filename":"D:\\a\\xet-core\\xet-core\\xet_client\\src\\cas_client\\retry_wrapper.rs","line_number":196}
{"timestamp":"2026-07-31T17:17:51.100323Z","level":"INFO","fields":{"message":"Retry strategy","max_attempts":5,"base_delay":"3s","no_retry_on_429":false},"filename":"D:\\a\\xet-core\\xet-core\\xet_client\\src\\cas_client\\retry_wrapper.rs","line_number":235}
{"timestamp":"2026-07-31T17:17:51.136520Z","level":"INFO","fields":{"message":"Received CAS response","request_id":"01KYWJXB1ZYW72AG9KD126VGE8","status_code":206},"filename":"D:\\a\\xet-core\\xet-core\\xet_client\\src\\common\\http_client.rs","line_number":288}
{"timestamp":"2026-07-31T17:17:51.136543Z","level":"INFO","fields":{"message":"Request Success: s3::get_range api call succeeded (request id 01KYWJXB1ZYW72AG9KD126VGE8)."},"filename":"D:\\a\\xet-core\\xet-core\\xet_client\\src\\cas_client\\retry_wrapper.rs","line_number":196}
{"timestamp":"2026-07-31T17:17:51.137870Z","level":"INFO","fields":{"message":"Retry strategy","max_attempts":5,"base_delay":"3s","no_retry_on_429":false},"filename":"D:\\a\\xet-core\\xet-core\\xet_client\\src\\cas_client\\retry_wrapper.rs","line_number":235}
{"timestamp":"2026-07-31T17:17:51.146522Z","level":"INFO","fields":{"message":"Retry strategy","max_attempts":5,"base_delay":"3s","no_retry_on_429":false},"filename":"D:\\a\\xet-core\\xet-core\\xet_client\\src\\cas_client\\retry_wrapper.rs","line_number":235}
{"timestamp":"2026-07-31T17:17:51.483896Z","level":"INFO","fields":{"message":"Received CAS response","request_id":"01KYWJXBA0NYNFCJAKK7V6W9PG","status_code":206},"filename":"D:\\a\\xet-core\\xet-core\\xet_client\\src\\common\\http_client.rs","line_number":288}
{"timestamp":"2026-07-31T17:17:51.483915Z","level":"INFO","fields":{"message":"Request Success: s3::get_range api call succeeded (request id 01KYWJXBA0NYNFCJAKK7V6W9PG)."},"filename":"D:\\a\\xet-core\\xet-core\\xet_client\\src\\cas_client\\retry_wrapper.rs","line_number":196}
{"timestamp":"2026-07-31T17:17:51.501323Z","level":"INFO","fields":{"message":"Received CAS response","request_id":"01KYWJXBAP5ZGQ92050T2SJW0Q","status_code":206},"filename":"D:\\a\\xet-core\\xet-core\\xet_client\\src\\common\\http_client.rs","line_number":288}
{"timestamp":"2026-07-31T17:17:51.501339Z","level":"INFO","fields":{"message":"Request Success: s3::get_range api call succeeded (request id 01KYWJXBAP5ZGQ92050T2SJW0Q)."},"filename":"D:\\a\\xet-core\\xet-core\\xet_client\\src\\cas_client\\retry_wrapper.rs","line_number":196}
{"timestamp":"2026-07-31T17:17:51.506536Z","level":"INFO","fields":{"message":"Received CAS response","request_id":"01KYWJXBB2QZ17X7MWWNQV1ZXV","status_code":206},"filename":"D:\\a\\xet-core\\xet-core\\xet_client\\src\\common\\http_client.rs","line_number":288}
{"timestamp":"2026-07-31T17:17:51.506549Z","level":"INFO","fields":{"message":"Request Success: s3::get_range api call succeeded (request id 01KYWJXBB2QZ17X7MWWNQV1ZXV)."},"filename":"D:\\a\\xet-core\\xet-core\\xet_client\\src\\cas_client\\retry_wrapper.rs","line_number":196}
{"timestamp":"2026-07-31T17:17:51.611379Z","level":"INFO","fields":{"message":"Retry strategy","max_attempts":5,"base_delay":"3s","no_retry_on_429":false},"filename":"D:\\a\\xet-core\\xet-core\\xet_client\\src\\cas_client\\retry_wrapper.rs","line_number":235}
{"timestamp":"2026-07-31T17:17:51.612590Z","level":"INFO","fields":{"message":"Retry strategy","max_attempts":5,"base_delay":"3s","no_retry_on_429":false},"filename":"D:\\a\\xet-core\\xet-core\\xet_client\\src\\cas_client\\retry_wrapper.rs","line_number":235}
{"timestamp":"2026-07-31T17:17:51.943147Z","level":"INFO","fields":{"message":"Received CAS response","request_id":"01KYWJXBSKH4Q4RYPWS01FX2Y6","status_code":206},"filename":"D:\\a\\xet-core\\xet-core\\xet_client\\src\\common\\http_client.rs","line_number":288}
{"timestamp":"2026-07-31T17:17:51.943168Z","level":"INFO","fields":{"message":"Request Success: s3::get_range api call succeeded (request id 01KYWJXBSKH4Q4RYPWS01FX2Y6)."},"filename":"D:\\a\\xet-core\\xet-core\\xet_client\\src\\cas_client\\retry_wrapper.rs","line_number":196}
{"timestamp":"2026-07-31T17:17:51.948340Z","level":"INFO","fields":{"message":"Received CAS response","request_id":"01KYWJXBT1E8K948V2YSPA8SXD","status_code":206},"filename":"D:\\a\\xet-core\\xet-core\\xet_client\\src\\common\\http_client.rs","line_number":288}
{"timestamp":"2026-07-31T17:17:51.948355Z","level":"INFO","fields":{"message":"Request Success: s3::get_range api call succeeded (request id 01KYWJXBT1E8K948V2YSPA8SXD)."},"filename":"D:\\a\\xet-core\\xet-core\\xet_client\\src\\cas_client\\retry_wrapper.rs","line_number":196}
{"timestamp":"2026-07-31T17:17:52.040682Z","level":"INFO","fields":{"message":"Retry strategy","max_attempts":5,"base_delay":"3s","no_retry_on_429":false},"filename":"D:\\a\\xet-core\\xet-core\\xet_client\\src\\cas_client\\retry_wrapper.rs","line_number":235}
{"timestamp":"2026-07-31T17:17:52.164073Z","level":"INFO","fields":{"message":"Retry strategy","max_attempts":5,"base_delay":"3s","no_retry_on_429":false},"filename":"D:\\a\\xet-core\\xet-core\\xet_client\\src\\cas_client\\retry_wrapper.rs","line_number":235}
{"timestamp":"2026-07-31T17:17:52.417795Z","level":"INFO","fields":{"message":"Received CAS response","request_id":"01KYWJXC70W243B0460P4KQ2N4","status_code":206},"filename":"D:\\a\\xet-core\\xet-core\\xet_client\\src\\common\\http_client.rs","line_number":288}
{"timestamp":"2026-07-31T17:17:52.417819Z","level":"INFO","fields":{"message":"Request Success: s3::get_range api call succeeded (request id 01KYWJXC70W243B0460P4KQ2N4)."},"filename":"D:\\a\\xet-core\\xet-core\\xet_client\\src\\cas_client\\retry_wrapper.rs","line_number":196}
{"timestamp":"2026-07-31T17:17:52.526815Z","level":"INFO","fields":{"message":"Retry strategy","max_attempts":5,"base_delay":"3s","no_retry_on_429":false},"filename":"D:\\a\\xet-core\\xet-core\\xet_client\\src\\cas_client\\retry_wrapper.rs","line_number":235}
{"timestamp":"2026-07-31T17:17:52.584575Z","level":"INFO","fields":{"message":"Received CAS response","request_id":"01KYWJXCAKY0DSVKPA5XR7ANW0","status_code":206},"filename":"D:\\a\\xet-core\\xet-core\\xet_client\\src\\common\\http_client.rs","line_number":288}
{"timestamp":"2026-07-31T17:17:52.584594Z","level":"INFO","fields":{"message":"Request Success: s3::get_range api call succeeded (request id 01KYWJXCAKY0DSVKPA5XR7ANW0)."},"filename":"D:\\a\\xet-core\\xet-core\\xet_client\\src\\cas_client\\retry_wrapper.rs","line_number":196}
{"timestamp":"2026-07-31T17:17:52.586686Z","level":"INFO","fields":{"message":"Retry strategy","max_attempts":5,"base_delay":"3s","no_retry_on_429":false},"filename":"D:\\a\\xet-core\\xet-core\\xet_client\\src\\cas_client\\retry_wrapper.rs","line_number":235}
{"timestamp":"2026-07-31T17:17:52.619048Z","level":"INFO","fields":{"message":"Retry strategy","max_attempts":5,"base_delay":"3s","no_retry_on_429":false},"filename":"D:\\a\\xet-core\\xet-core\\xet_client\\src\\cas_client\\retry_wrapper.rs","line_number":235}
{"timestamp":"2026-07-31T17:17:52.954038Z","level":"INFO","fields":{"message":"Received CAS response","request_id":"01KYWJXCPFA4KV25DZ5C3HTJA1","status_code":206},"filename":"D:\\a\\xet-core\\xet-core\\xet_client\\src\\common\\http_client.rs","line_number":288}
{"timestamp":"2026-07-31T17:17:52.954068Z","level":"INFO","fields":{"message":"Request Success: s3::get_range api call succeeded (request id 01KYWJXCPFA4KV25DZ5C3HTJA1)."},"filename":"D:\\a\\xet-core\\xet-core\\xet_client\\src\\cas_client\\retry_wrapper.rs","line_number":196}
{"timestamp":"2026-07-31T17:17:53.079210Z","level":"INFO","fields":{"message":"Received CAS response","request_id":"01KYWJXCSKN9TZQQFY78ZJ1AAH","status_code":206},"filename":"D:\\a\\xet-core\\xet-core\\xet_client\\src\\common\\http_client.rs","line_number":288}
{"timestamp":"2026-07-31T17:17:53.079233Z","level":"INFO","fields":{"message":"Request Success: s3::get_range api call succeeded (request id 01KYWJXCSKN9TZQQFY78ZJ1AAH)."},"filename":"D:\\a\\xet-core\\xet-core\\xet_client\\src\\cas_client\\retry_wrapper.rs","line_number":196}
{"timestamp":"2026-07-31T17:17:53.084342Z","level":"INFO","fields":{"message":"Received CAS response","request_id":"01KYWJXCS3M4HNAT45RW32VGAK","status_code":206},"filename":"D:\\a\\xet-core\\xet-core\\xet_client\\src\\common\\http_client.rs","line_number":288}
{"timestamp":"2026-07-31T17:17:53.084355Z","level":"INFO","fields":{"message":"Request Success: s3::get_range api call succeeded (request id 01KYWJXCS3M4HNAT45RW32VGAK)."},"filename":"D:\\a\\xet-core\\xet-core\\xet_client\\src\\cas_client\\retry_wrapper.rs","line_number":196}
{"timestamp":"2026-07-31T17:17:53.154371Z","level":"INFO","fields":{"message":"Retry strategy","max_attempts":5,"base_delay":"3s","no_retry_on_429":false},"filename":"D:\\a\\xet-core\\xet-core\\xet_client\\src\\cas_client\\retry_wrapper.rs","line_number":235}
{"timestamp":"2026-07-31T17:17:53.156461Z","level":"INFO","fields":{"message":"Retry strategy","max_attempts":5,"base_delay":"3s","no_retry_on_429":false},"filename":"D:\\a\\xet-core\\xet-core\\xet_client\\src\\cas_client\\retry_wrapper.rs","line_number":235}
{"timestamp":"2026-07-31T17:17:53.258484Z","level":"INFO","fields":{"message":"Retry strategy","max_attempts":5,"base_delay":"3s","no_retry_on_429":false},"filename":"D:\\a\\xet-core\\xet-core\\xet_client\\src\\cas_client\\retry_wrapper.rs","line_number":235}
{"timestamp":"2026-07-31T17:17:53.501637Z","level":"INFO","fields":{"message":"Received CAS response","request_id":"01KYWJXD9R2RZQK2X0CRQBQDCS","status_code":206},"filename":"D:\\a\\xet-core\\xet-core\\xet_client\\src\\common\\http_client.rs","line_number":288}
{"timestamp":"2026-07-31T17:17:53.501659Z","level":"INFO","fields":{"message":"Request Success: s3::get_range api call succeeded (request id 01KYWJXD9R2RZQK2X0CRQBQDCS)."},"filename":"D:\\a\\xet-core\\xet-core\\xet_client\\src\\cas_client\\retry_wrapper.rs","line_number":196}
{"timestamp":"2026-07-31T17:17:53.516984Z","level":"INFO","fields":{"message":"Received CAS response","request_id":"01KYWJXDAFTACPV2MA38DY7PBS","status_code":206},"filename":"D:\\a\\xet-core\\xet-core\\xet_client\\src\\common\\http_client.rs","line_number":288}
{"timestamp":"2026-07-31T17:17:53.517008Z","level":"INFO","fields":{"message":"Request Success: s3::get_range api call succeeded (request id 01KYWJXDAFTACPV2MA38DY7PBS)."},"filename":"D:\\a\\xet-core\\xet-core\\xet_client\\src\\cas_client\\retry_wrapper.rs","line_number":196}
{"timestamp":"2026-07-31T17:17:53.695929Z","level":"INFO","fields":{"message":"Received CAS response","request_id":"01KYWJXDDAYPTGGN4471XKFYZQ","status_code":206},"filename":"D:\\a\\xet-core\\xet-core\\xet_client\\src\\common\\http_client.rs","line_number":288}
{"timestamp":"2026-07-31T17:17:53.695950Z","level":"INFO","fields":{"message":"Request Success: s3::get_range api call succeeded (request id 01KYWJXDDAYPTGGN4471XKFYZQ)."},"filename":"D:\\a\\xet-core\\xet-core\\xet_client\\src\\cas_client\\retry_wrapper.rs","line_number":196}
{"timestamp":"2026-07-31T17:17:53.891830Z","level":"INFO","fields":{"message":"Retry strategy","max_attempts":5,"base_delay":"3s","no_retry_on_429":false},"filename":"D:\\a\\xet-core\\xet-core\\xet_client\\src\\cas_client\\retry_wrapper.rs","line_number":235}
{"timestamp":"2026-07-31T17:17:54.108789Z","level":"INFO","fields":{"message":"Received CAS response","request_id":"01KYWJXE0MMDRPA409PN5SQJ9K","status_code":206},"filename":"D:\\a\\xet-core\\xet-core\\xet_client\\src\\common\\http_client.rs","line_number":288}
{"timestamp":"2026-07-31T17:17:54.108807Z","level":"INFO","fields":{"message":"Request Success: s3::get_range api call succeeded (request id 01KYWJXE0MMDRPA409PN5SQJ9K)."},"filename":"D:\\a\\xet-core\\xet-core\\xet_client\\src\\cas_client\\retry_wrapper.rs","line_number":196}
{"timestamp":"2026-07-31T17:17:54.112329Z","level":"INFO","fields":{"message":"Retry strategy","max_attempts":5,"base_delay":"3s","no_retry_on_429":false},"filename":"D:\\a\\xet-core\\xet-core\\xet_client\\src\\cas_client\\retry_wrapper.rs","line_number":235}
{"timestamp":"2026-07-31T17:17:54.277476Z","level":"INFO","fields":{"message":"Retry strategy","max_attempts":5,"base_delay":"3s","no_retry_on_429":false},"filename":"D:\\a\\xet-core\\xet-core\\xet_client\\src\\cas_client\\retry_wrapper.rs","line_number":235}
{"timestamp":"2026-07-31T17:17:54.623674Z","level":"INFO","fields":{"message":"Received CAS response","request_id":"01KYWJXE7DP10NQ4NFQF9DJ82G","status_code":206},"filename":"D:\\a\\xet-core\\xet-core\\xet_client\\src\\common\\http_client.rs","line_number":288}
{"timestamp":"2026-07-31T17:17:54.623695Z","level":"INFO","fields":{"message":"Request Success: s3::get_range api call succeeded (request id 01KYWJXE7DP10NQ4NFQF9DJ82G)."},"filename":"D:\\a\\xet-core\\xet-core\\xet_client\\src\\cas_client\\retry_wrapper.rs","line_number":196}
{"timestamp":"2026-07-31T17:17:54.706836Z","level":"INFO","fields":{"message":"Retry strategy","max_attempts":5,"base_delay":"3s","no_retry_on_429":false},"filename":"D:\\a\\xet-core\\xet-core\\xet_client\\src\\cas_client\\retry_wrapper.rs","line_number":235}
{"timestamp":"2026-07-31T17:17:54.915991Z","level":"INFO","fields":{"message":"Received CAS response","request_id":"01KYWJXED2R14FPE0XJ26B0DXE","status_code":206},"filename":"D:\\a\\xet-core\\xet-core\\xet_client\\src\\common\\http_client.rs","line_number":288}
{"timestamp":"2026-07-31T17:17:54.916012Z","level":"INFO","fields":{"message":"Request Success: s3::get_range api call succeeded (request id 01KYWJXED2R14FPE0XJ26B0DXE)."},"filename":"D:\\a\\xet-core\\xet-core\\xet_client\\src\\cas_client\\retry_wrapper.rs","line_number":196}
{"timestamp":"2026-07-31T17:17:54.925801Z","level":"INFO","fields":{"message":"Concurrency control for download: Current concurrency = 4; predicted bandwidth = 453488; success_ratio = 1.000; reference_size = 1.0MB; observed bytes sent so far = 3673465; completed transmissions = 45"},"filename":"D:\\a\\xet-core\\xet-core\\xet_client\\src\\cas_client\\adaptive_concurrency\\controller.rs","line_number":597}
{"timestamp":"2026-07-31T17:17:54.976445Z","level":"INFO","fields":{"message":"Retry strategy","max_attempts":5,"base_delay":"3s","no_retry_on_429":false},"filename":"D:\\a\\xet-core\\xet-core\\xet_client\\src\\cas_client\\retry_wrapper.rs","line_number":235}
{"timestamp":"2026-07-31T17:17:54.998254Z","level":"INFO","fields":{"message":"Retry strategy","max_attempts":5,"base_delay":"3s","no_retry_on_429":false},"filename":"D:\\a\\xet-core\\xet-core\\xet_client\\src\\cas_client\\retry_wrapper.rs","line_number":235}
{"timestamp":"2026-07-31T17:17:55.089493Z","level":"INFO","fields":{"message":"Received CAS response","request_id":"01KYWJXET3W8M7EGX0PP9QQ8QM","status_code":206},"filename":"D:\\a\\xet-core\\xet-core\\xet_client\\src\\common\\http_client.rs","line_number":288}
{"timestamp":"2026-07-31T17:17:55.089519Z","level":"INFO","fields":{"message":"Request Success: s3::get_range api call succeeded (request id 01KYWJXET3W8M7EGX0PP9QQ8QM)."},"filename":"D:\\a\\xet-core\\xet-core\\xet_client\\src\\cas_client\\retry_wrapper.rs","line_number":196}
{"timestamp":"2026-07-31T17:17:55.159268Z","level":"INFO","fields":{"message":"Retry strategy","max_attempts":5,"base_delay":"3s","no_retry_on_429":false},"filename":"D:\\a\\xet-core\\xet-core\\xet_client\\src\\cas_client\\retry_wrapper.rs","line_number":235}
{"timestamp":"2026-07-31T17:17:55.205121Z","level":"INFO","fields":{"message":"Received CAS response","request_id":"01KYWJXF24M14VCKW5TX83SCZN","status_code":206},"filename":"D:\\a\\xet-core\\xet-core\\xet_client\\src\\common\\http_client.rs","line_number":288}
{"timestamp":"2026-07-31T17:17:55.205145Z","level":"INFO","fields":{"message":"Request Success: s3::get_range api call succeeded (request id 01KYWJXF24M14VCKW5TX83SCZN)."},"filename":"D:\\a\\xet-core\\xet-core\\xet_client\\src\\cas_client\\retry_wrapper.rs","line_number":196}
{"timestamp":"2026-07-31T17:17:55.207583Z","level":"INFO","fields":{"message":"Received CAS response","request_id":"01KYWJXF3AJ6NQSGZ7MXYXY9YS","status_code":206},"filename":"D:\\a\\xet-core\\xet-core\\xet_client\\src\\common\\http_client.rs","line_number":288}
{"timestamp":"2026-07-31T17:17:55.207598Z","level":"INFO","fields":{"message":"Request Success: s3::get_range api call succeeded (request id 01KYWJXF3AJ6NQSGZ7MXYXY9YS)."},"filename":"D:\\a\\xet-core\\xet-core\\xet_client\\src\\cas_client\\retry_wrapper.rs","line_number":196}
{"timestamp":"2026-07-31T17:17:55.437009Z","level":"INFO","fields":{"message":"Received CAS response","request_id":"01KYWJXF967BWM60SGDE6VK0RF","status_code":206},"filename":"D:\\a\\xet-core\\xet-core\\xet_client\\src\\common\\http_client.rs","line_number":288}
{"timestamp":"2026-07-31T17:17:55.437034Z","level":"INFO","fields":{"message":"Request Success: s3::get_range api call succeeded (request id 01KYWJXF967BWM60SGDE6VK0RF)."},"filename":"D:\\a\\xet-core\\xet-core\\xet_client\\src\\cas_client\\retry_wrapper.rs","line_number":196}
{"timestamp":"2026-07-31T17:17:55.492403Z","level":"INFO","fields":{"message":"Retry strategy","max_attempts":5,"base_delay":"3s","no_retry_on_429":false},"filename":"D:\\a\\xet-core\\xet-core\\xet_client\\src\\cas_client\\retry_wrapper.rs","line_number":235}
{"timestamp":"2026-07-31T17:17:55.687796Z","level":"INFO","fields":{"message":"Retry strategy","max_attempts":5,"base_delay":"3s","no_retry_on_429":false},"filename":"D:\\a\\xet-core\\xet-core\\xet_client\\src\\cas_client\\retry_wrapper.rs","line_number":235}
{"timestamp":"2026-07-31T17:17:55.922064Z","level":"INFO","fields":{"message":"Received CAS response","request_id":"01KYWJXFJVX1BFJ1RYXWDX4F8S","status_code":206},"filename":"D:\\a\\xet-core\\xet-core\\xet_client\\src\\common\\http_client.rs","line_number":288}
{"timestamp":"2026-07-31T17:17:55.922085Z","level":"INFO","fields":{"message":"Request Success: s3::get_range api call succeeded (request id 01KYWJXFJVX1BFJ1RYXWDX4F8S)."},"filename":"D:\\a\\xet-core\\xet-core\\xet_client\\src\\cas_client\\retry_wrapper.rs","line_number":196}
{"timestamp":"2026-07-31T17:17:55.939920Z","level":"INFO","fields":{"message":"Retry strategy","max_attempts":5,"base_delay":"3s","no_retry_on_429":false},"filename":"D:\\a\\xet-core\\xet-core\\xet_client\\src\\cas_client\\retry_wrapper.rs","line_number":235}
{"timestamp":"2026-07-31T17:17:56.021833Z","level":"INFO","fields":{"message":"Received CAS response","request_id":"01KYWJXFRPGJZX2VP4EYTZ77GA","status_code":206},"filename":"D:\\a\\xet-core\\xet-core\\xet_client\\src\\common\\http_client.rs","line_number":288}
{"timestamp":"2026-07-31T17:17:56.021854Z","level":"INFO","fields":{"message":"Request Success: s3::get_range api call succeeded (request id 01KYWJXFRPGJZX2VP4EYTZ77GA)."},"filename":"D:\\a\\xet-core\\xet-core\\xet_client\\src\\cas_client\\retry_wrapper.rs","line_number":196}
{"timestamp":"2026-07-31T17:17:56.025342Z","level":"INFO","fields":{"message":"Retry strategy","max_attempts":5,"base_delay":"3s","no_retry_on_429":false},"filename":"D:\\a\\xet-core\\xet-core\\xet_client\\src\\cas_client\\retry_wrapper.rs","line_number":235}
{"timestamp":"2026-07-31T17:17:56.112793Z","level":"INFO","fields":{"message":"Received CAS response","request_id":"01KYWJXG0N0HQXHRD269EM8QSD","status_code":206},"filename":"D:\\a\\xet-core\\xet-core\\xet_client\\src\\common\\http_client.rs","line_number":288}
{"timestamp":"2026-07-31T17:17:56.112817Z","level":"INFO","fields":{"message":"Request Success: s3::get_range api call succeeded (request id 01KYWJXG0N0HQXHRD269EM8QSD)."},"filename":"D:\\a\\xet-core\\xet-core\\xet_client\\src\\cas_client\\retry_wrapper.rs","line_number":196}
{"timestamp":"2026-07-31T17:17:56.206935Z","level":"INFO","fields":{"message":"Retry strategy","max_attempts":5,"base_delay":"3s","no_retry_on_429":false},"filename":"D:\\a\\xet-core\\xet-core\\xet_client\\src\\cas_client\\retry_wrapper.rs","line_number":235}
{"timestamp":"2026-07-31T17:17:56.210592Z","level":"INFO","fields":{"message":"Received CAS response","request_id":"01KYWJXG35N2FQENH35PMR4DNM","status_code":206},"filename":"D:\\a\\xet-core\\xet-core\\xet_client\\src\\common\\http_client.rs","line_number":288}
{"timestamp":"2026-07-31T17:17:56.210611Z","level":"INFO","fields":{"message":"Request Success: s3::get_range api call succeeded (request id 01KYWJXG35N2FQENH35PMR4DNM)."},"filename":"D:\\a\\xet-core\\xet-core\\xet_client\\src\\cas_client\\retry_wrapper.rs","line_number":196}
{"timestamp":"2026-07-31T17:17:56.257820Z","level":"INFO","fields":{"message":"Retry strategy","max_attempts":5,"base_delay":"3s","no_retry_on_429":false},"filename":"D:\\a\\xet-core\\xet-core\\xet_client\\src\\cas_client\\retry_wrapper.rs","line_number":235}
{"timestamp":"2026-07-31T17:17:56.460900Z","level":"INFO","fields":{"message":"Received CAS response","request_id":"01KYWJXG8H3AZXRQ948R90QPQV","status_code":206},"filename":"D:\\a\\xet-core\\xet-core\\xet_client\\src\\common\\http_client.rs","line_number":288}
{"timestamp":"2026-07-31T17:17:56.460918Z","level":"INFO","fields":{"message":"Request Success: s3::get_range api call succeeded (request id 01KYWJXG8H3AZXRQ948R90QPQV)."},"filename":"D:\\a\\xet-core\\xet-core\\xet_client\\src\\cas_client\\retry_wrapper.rs","line_number":196}
{"timestamp":"2026-07-31T17:17:56.598838Z","level":"INFO","fields":{"message":"Received CAS response","request_id":"01KYWJXGAGVBV7HQNF1Q9AVYFG","status_code":206},"filename":"D:\\a\\xet-core\\xet-core\\xet_client\\src\\common\\http_client.rs","line_number":288}
{"timestamp":"2026-07-31T17:17:56.598857Z","level":"INFO","fields":{"message":"Request Success: s3::get_range api call succeeded (request id 01KYWJXGAGVBV7HQNF1Q9AVYFG)."},"filename":"D:\\a\\xet-core\\xet-core\\xet_client\\src\\cas_client\\retry_wrapper.rs","line_number":196}
{"timestamp":"2026-07-31T17:17:56.607899Z","level":"INFO","fields":{"message":"Retry strategy","max_attempts":5,"base_delay":"3s","no_retry_on_429":false},"filename":"D:\\a\\xet-core\\xet-core\\xet_client\\src\\cas_client\\retry_wrapper.rs","line_number":235}
{"timestamp":"2026-07-31T17:17:56.975607Z","level":"INFO","fields":{"message":"Received CAS response","request_id":"01KYWJXGMZZYXPNVVJZQBYMT0D","status_code":206},"filename":"D:\\a\\xet-core\\xet-core\\xet_client\\src\\common\\http_client.rs","line_number":288}
{"timestamp":"2026-07-31T17:17:56.975625Z","level":"INFO","fields":{"message":"Request Success: s3::get_range api call succeeded (request id 01KYWJXGMZZYXPNVVJZQBYMT0D)."},"filename":"D:\\a\\xet-core\\xet-core\\xet_client\\src\\cas_client\\retry_wrapper.rs","line_number":196}
{"timestamp":"2026-07-31T17:17:57.008806Z","level":"INFO","fields":{"message":"Retry strategy","max_attempts":5,"base_delay":"3s","no_retry_on_429":false},"filename":"D:\\a\\xet-core\\xet-core\\xet_client\\src\\cas_client\\retry_wrapper.rs","line_number":235}
{"timestamp":"2026-07-31T17:17:57.044320Z","level":"INFO","fields":{"message":"Retry strategy","max_attempts":5,"base_delay":"3s","no_retry_on_429":false},"filename":"D:\\a\\xet-core\\xet-core\\xet_client\\src\\cas_client\\retry_wrapper.rs","line_number":235}
{"timestamp":"2026-07-31T17:17:57.167740Z","level":"INFO","fields":{"message":"Retry strategy","max_attempts":5,"base_delay":"3s","no_retry_on_429":false},"filename":"D:\\a\\xet-core\\xet-core\\xet_client\\src\\cas_client\\retry_wrapper.rs","line_number":235}
{"timestamp":"2026-07-31T17:17:57.382407Z","level":"INFO","fields":{"message":"Received CAS response","request_id":"01KYWJXH1VE6MQHAJ32G3ETF13","status_code":206},"filename":"D:\\a\\xet-core\\xet-core\\xet_client\\src\\common\\http_client.rs","line_number":288}
{"timestamp":"2026-07-31T17:17:57.382432Z","level":"INFO","fields":{"message":"Request Success: s3::get_range api call succeeded (request id 01KYWJXH1VE6MQHAJ32G3ETF13)."},"filename":"D:\\a\\xet-core\\xet-core\\xet_client\\src\\cas_client\\retry_wrapper.rs","line_number":196}
{"timestamp":"2026-07-31T17:17:57.396995Z","level":"INFO","fields":{"message":"Retry strategy","max_attempts":5,"base_delay":"3s","no_retry_on_429":false},"filename":"D:\\a\\xet-core\\xet-core\\xet_client\\src\\cas_client\\retry_wrapper.rs","line_number":235}
{"timestamp":"2026-07-31T17:17:57.397026Z","level":"INFO","fields":{"message":"Received CAS response","request_id":"01KYWJXH2STXEW11K7N1ACXQGE","status_code":206},"filename":"D:\\a\\xet-core\\xet-core\\xet_client\\src\\common\\http_client.rs","line_number":288}
{"timestamp":"2026-07-31T17:17:57.397036Z","level":"INFO","fields":{"message":"Request Success: s3::get_range api call succeeded (request id 01KYWJXH2STXEW11K7N1ACXQGE)."},"filename":"D:\\a\\xet-core\\xet-core\\xet_client\\src\\cas_client\\retry_wrapper.rs","line_number":196}
{"timestamp":"2026-07-31T17:17:57.554644Z","level":"INFO","fields":{"message":"Retry strategy","max_attempts":5,"base_delay":"3s","no_retry_on_429":false},"filename":"D:\\a\\xet-core\\xet-core\\xet_client\\src\\cas_client\\retry_wrapper.rs","line_number":235}
{"timestamp":"2026-07-31T17:17:57.617497Z","level":"INFO","fields":{"message":"Received CAS response","request_id":"01KYWJXH6WVEF7RVB5ZQFE8BZ4","status_code":206},"filename":"D:\\a\\xet-core\\xet-core\\xet_client\\src\\common\\http_client.rs","line_number":288}
{"timestamp":"2026-07-31T17:17:57.617518Z","level":"INFO","fields":{"message":"Request Success: s3::get_range api call succeeded (request id 01KYWJXH6WVEF7RVB5ZQFE8BZ4)."},"filename":"D:\\a\\xet-core\\xet-core\\xet_client\\src\\cas_client\\retry_wrapper.rs","line_number":196}
{"timestamp":"2026-07-31T17:17:57.638710Z","level":"INFO","fields":{"message":"Retry strategy","max_attempts":5,"base_delay":"3s","no_retry_on_429":false},"filename":"D:\\a\\xet-core\\xet-core\\xet_client\\src\\cas_client\\retry_wrapper.rs","line_number":235}
{"timestamp":"2026-07-31T17:17:57.684372Z","level":"INFO","fields":{"message":"Received CAS response","request_id":"01KYWJXHDSFQN1PT29664N5VQV","status_code":206},"filename":"D:\\a\\xet-core\\xet-core\\xet_client\\src\\common\\http_client.rs","line_number":288}
{"timestamp":"2026-07-31T17:17:57.684393Z","level":"INFO","fields":{"message":"Request Success: s3::get_range api call succeeded (request id 01KYWJXHDSFQN1PT29664N5VQV)."},"filename":"D:\\a\\xet-core\\xet-core\\xet_client\\src\\cas_client\\retry_wrapper.rs","line_number":196}
{"timestamp":"2026-07-31T17:17:57.703361Z","level":"INFO","fields":{"message":"Retry strategy","max_attempts":5,"base_delay":"3s","no_retry_on_429":false},"filename":"D:\\a\\xet-core\\xet-core\\xet_client\\src\\cas_client\\retry_wrapper.rs","line_number":235}
{"timestamp":"2026-07-31T17:17:57.881522Z","level":"INFO","fields":{"message":"Received CAS response","request_id":"01KYWJXHKQZKYVWE76TRATC3AT","status_code":206},"filename":"D:\\a\\xet-core\\xet-core\\xet_client\\src\\common\\http_client.rs","line_number":288}
{"timestamp":"2026-07-31T17:17:57.881543Z","level":"INFO","fields":{"message":"Request Success: s3::get_range api call succeeded (request id 01KYWJXHKQZKYVWE76TRATC3AT)."},"filename":"D:\\a\\xet-core\\xet-core\\xet_client\\src\\cas_client\\retry_wrapper.rs","line_number":196}
{"timestamp":"2026-07-31T17:17:57.897927Z","level":"INFO","fields":{"message":"Retry strategy","max_attempts":5,"base_delay":"3s","no_retry_on_429":false},"filename":"D:\\a\\xet-core\\xet-core\\xet_client\\src\\cas_client\\retry_wrapper.rs","line_number":235}
{"timestamp":"2026-07-31T17:17:57.939091Z","level":"INFO","fields":{"message":"Received CAS response","request_id":"01KYWJXHQ7678R588KM41FMN55","status_code":206},"filename":"D:\\a\\xet-core\\xet-core\\xet_client\\src\\common\\http_client.rs","line_number":288}
{"timestamp":"2026-07-31T17:17:57.939111Z","level":"INFO","fields":{"message":"Request Success: s3::get_range api call succeeded (request id 01KYWJXHQ7678R588KM41FMN55)."},"filename":"D:\\a\\xet-core\\xet-core\\xet_client\\src\\cas_client\\retry_wrapper.rs","line_number":196}
{"timestamp":"2026-07-31T17:17:58.000513Z","level":"INFO","fields":{"message":"Received CAS response","request_id":"01KYWJXHVQ35G4DZB8QX9FTH6J","status_code":206},"filename":"D:\\a\\xet-core\\xet-core\\xet_client\\src\\common\\http_client.rs","line_number":288}
{"timestamp":"2026-07-31T17:17:58.000532Z","level":"INFO","fields":{"message":"Request Success: s3::get_range api call succeeded (request id 01KYWJXHVQ35G4DZB8QX9FTH6J)."},"filename":"D:\\a\\xet-core\\xet-core\\xet_client\\src\\cas_client\\retry_wrapper.rs","line_number":196}
{"timestamp":"2026-07-31T17:17:58.131167Z","level":"INFO","fields":{"message":"Received CAS response","request_id":"01KYWJXHX7YT5FEAYRMQJKKCHN","status_code":206},"filename":"D:\\a\\xet-core\\xet-core\\xet_client\\src\\common\\http_client.rs","line_number":288}
{"timestamp":"2026-07-31T17:17:58.131196Z","level":"INFO","fields":{"message":"Request Success: s3::get_range api call succeeded (request id 01KYWJXHX7YT5FEAYRMQJKKCHN)."},"filename":"D:\\a\\xet-core\\xet-core\\xet_client\\src\\cas_client\\retry_wrapper.rs","line_number":196}
{"timestamp":"2026-07-31T17:17:58.348705Z","level":"INFO","fields":{"message":"Retry strategy","max_attempts":5,"base_delay":"3s","no_retry_on_429":false},"filename":"D:\\a\\xet-core\\xet-core\\xet_client\\src\\cas_client\\retry_wrapper.rs","line_number":235}
{"timestamp":"2026-07-31T17:17:58.959229Z","level":"INFO","fields":{"message":"Retry strategy","max_attempts":5,"base_delay":"3s","no_retry_on_429":false},"filename":"D:\\a\\xet-core\\xet-core\\xet_client\\src\\cas_client\\retry_wrapper.rs","line_number":235}
{"timestamp":"2026-07-31T17:17:59.019917Z","level":"INFO","fields":{"message":"Received CAS response","request_id":"01KYWJXJD0N4DQ97VXK3Q74EPM","status_code":206},"filename":"D:\\a\\xet-core\\xet-core\\xet_client\\src\\common\\http_client.rs","line_number":288}
{"timestamp":"2026-07-31T17:17:59.019939Z","level":"INFO","fields":{"message":"Request Success: s3::get_range api call succeeded (request id 01KYWJXJD0N4DQ97VXK3Q74EPM)."},"filename":"D:\\a\\xet-core\\xet-core\\xet_client\\src\\cas_client\\retry_wrapper.rs","line_number":196}
{"timestamp":"2026-07-31T17:17:59.109097Z","level":"INFO","fields":{"message":"Retry strategy","max_attempts":5,"base_delay":"3s","no_retry_on_429":false},"filename":"D:\\a\\xet-core\\xet-core\\xet_client\\src\\cas_client\\retry_wrapper.rs","line_number":235}
{"timestamp":"2026-07-31T17:17:59.157969Z","level":"INFO","fields":{"message":"Received CAS response","request_id":"01KYWJXJYE695HATZKYTQJH2SP","status_code":206},"filename":"D:\\a\\xet-core\\xet-core\\xet_client\\src\\common\\http_client.rs","line_number":288}
{"timestamp":"2026-07-31T17:17:59.157990Z","level":"INFO","fields":{"message":"Request Success: s3::get_range api call succeeded (request id 01KYWJXJYE695HATZKYTQJH2SP)."},"filename":"D:\\a\\xet-core\\xet-core\\xet_client\\src\\cas_client\\retry_wrapper.rs","line_number":196}
{"timestamp":"2026-07-31T17:17:59.260292Z","level":"INFO","fields":{"message":"Retry strategy","max_attempts":5,"base_delay":"3s","no_retry_on_429":false},"filename":"D:\\a\\xet-core\\xet-core\\xet_client\\src\\cas_client\\retry_wrapper.rs","line_number":235}
{"timestamp":"2026-07-31T17:17:59.281590Z","level":"INFO","fields":{"message":"Received CAS response","request_id":"01KYWJXK3DTRYTKGS97AJ3BXER","status_code":206},"filename":"D:\\a\\xet-core\\xet-core\\xet_client\\src\\common\\http_client.rs","line_number":288}
{"timestamp":"2026-07-31T17:17:59.281606Z","level":"INFO","fields":{"message":"Request Success: s3::get_range api call succeeded (request id 01KYWJXK3DTRYTKGS97AJ3BXER)."},"filename":"D:\\a\\xet-core\\xet-core\\xet_client\\src\\cas_client\\retry_wrapper.rs","line_number":196}
{"timestamp":"2026-07-31T17:17:59.353736Z","level":"INFO","fields":{"message":"Retry strategy","max_attempts":5,"base_delay":"3s","no_retry_on_429":false},"filename":"D:\\a\\xet-core\\xet-core\\xet_client\\src\\cas_client\\retry_wrapper.rs","line_number":235}
{"timestamp":"2026-07-31T17:17:59.438153Z","level":"INFO","fields":{"message":"Retry strategy","max_attempts":5,"base_delay":"3s","no_retry_on_429":false},"filename":"D:\\a\\xet-core\\xet-core\\xet_client\\src\\cas_client\\retry_wrapper.rs","line_number":235}
{"timestamp":"2026-07-31T17:17:59.642408Z","level":"INFO","fields":{"message":"Received CAS response","request_id":"01KYWJXK89MREE3A3YNS2B49FB","status_code":206},"filename":"D:\\a\\xet-core\\xet-core\\xet_client\\src\\common\\http_client.rs","line_number":288}
{"timestamp":"2026-07-31T17:17:59.642431Z","level":"INFO","fields":{"message":"Request Success: s3::get_range api call succeeded (request id 01KYWJXK89MREE3A3YNS2B49FB)."},"filename":"D:\\a\\xet-core\\xet-core\\xet_client\\src\\cas_client\\retry_wrapper.rs","line_number":196}
{"timestamp":"2026-07-31T17:18:00.177665Z","level":"INFO","fields":{"message":"Received CAS response","request_id":"01KYWJXKCBYDXJDYH2JE1GJ3R8","status_code":206},"filename":"D:\\a\\xet-core\\xet-core\\xet_client\\src\\common\\http_client.rs","line_number":288}
{"timestamp":"2026-07-31T17:18:00.177687Z","level":"INFO","fields":{"message":"Request Success: s3::get_range api call succeeded (request id 01KYWJXKCBYDXJDYH2JE1GJ3R8)."},"filename":"D:\\a\\xet-core\\xet-core\\xet_client\\src\\cas_client\\retry_wrapper.rs","line_number":196}
{"timestamp":"2026-07-31T17:18:00.362986Z","level":"INFO","fields":{"message":"Retry strategy","max_attempts":5,"base_delay":"3s","no_retry_on_429":false},"filename":"D:\\a\\xet-core\\xet-core\\xet_client\\src\\cas_client\\retry_wrapper.rs","line_number":235}
{"timestamp":"2026-07-31T17:18:00.468506Z","level":"INFO","fields":{"message":"Received CAS response","request_id":"01KYWJXKE63S9FJ7GQX7FNV60A","status_code":206},"filename":"D:\\a\\xet-core\\xet-core\\xet_client\\src\\common\\http_client.rs","line_number":288}
{"timestamp":"2026-07-31T17:18:00.468525Z","level":"INFO","fields":{"message":"Request Success: s3::get_range api call succeeded (request id 01KYWJXKE63S9FJ7GQX7FNV60A)."},"filename":"D:\\a\\xet-core\\xet-core\\xet_client\\src\\cas_client\\retry_wrapper.rs","line_number":196}
{"timestamp":"2026-07-31T17:18:00.762484Z","level":"INFO","fields":{"message":"Retry strategy","max_attempts":5,"base_delay":"3s","no_retry_on_429":false},"filename":"D:\\a\\xet-core\\xet-core\\xet_client\\src\\cas_client\\retry_wrapper.rs","line_number":235}
{"timestamp":"2026-07-31T17:18:01.107615Z","level":"INFO","fields":{"message":"Received CAS response","request_id":"01KYWJXMAC5XPMWSTD2TA6HKXF","status_code":206},"filename":"D:\\a\\xet-core\\xet-core\\xet_client\\src\\common\\http_client.rs","line_number":288}
{"timestamp":"2026-07-31T17:18:01.107634Z","level":"INFO","fields":{"message":"Request Success: s3::get_range api call succeeded (request id 01KYWJXMAC5XPMWSTD2TA6HKXF)."},"filename":"D:\\a\\xet-core\\xet-core\\xet_client\\src\\cas_client\\retry_wrapper.rs","line_number":196}
{"timestamp":"2026-07-31T17:18:01.191130Z","level":"INFO","fields":{"message":"Retry strategy","max_attempts":5,"base_delay":"3s","no_retry_on_429":false},"filename":"D:\\a\\xet-core\\xet-core\\xet_client\\src\\cas_client\\retry_wrapper.rs","line_number":235}
{"timestamp":"2026-07-31T17:18:01.469529Z","level":"INFO","fields":{"message":"Received CAS response","request_id":"01KYWJXN2P9HD781MTDFCZSQBJ","status_code":206},"filename":"D:\\a\\xet-core\\xet-core\\xet_client\\src\\common\\http_client.rs","line_number":288}
{"timestamp":"2026-07-31T17:18:01.469550Z","level":"INFO","fields":{"message":"Request Success: s3::get_range api call succeeded (request id 01KYWJXN2P9HD781MTDFCZSQBJ)."},"filename":"D:\\a\\xet-core\\xet-core\\xet_client\\src\\cas_client\\retry_wrapper.rs","line_number":196}
{"timestamp":"2026-07-31T17:18:01.549318Z","level":"INFO","fields":{"message":"Received CAS response","request_id":"01KYWJXN6HPNH6AG4B0EESP6NM","status_code":206},"filename":"D:\\a\\xet-core\\xet-core\\xet_client\\src\\common\\http_client.rs","line_number":288}
{"timestamp":"2026-07-31T17:18:01.549340Z","level":"INFO","fields":{"message":"Request Success: s3::get_range api call succeeded (request id 01KYWJXN6HPNH6AG4B0EESP6NM)."},"filename":"D:\\a\\xet-core\\xet-core\\xet_client\\src\\cas_client\\retry_wrapper.rs","line_number":196}
{"timestamp":"2026-07-31T17:18:01.604389Z","level":"INFO","fields":{"message":"Retry strategy","max_attempts":5,"base_delay":"3s","no_retry_on_429":false},"filename":"D:\\a\\xet-core\\xet-core\\xet_client\\src\\cas_client\\retry_wrapper.rs","line_number":235}
{"timestamp":"2026-07-31T17:18:01.879983Z","level":"INFO","fields":{"message":"Retry strategy","max_attempts":5,"base_delay":"3s","no_retry_on_429":false},"filename":"D:\\a\\xet-core\\xet-core\\xet_client\\src\\cas_client\\retry_wrapper.rs","line_number":235}
{"timestamp":"2026-07-31T17:18:03.072716Z","level":"INFO","fields":{"message":"Retry strategy","max_attempts":5,"base_delay":"3s","no_retry_on_429":false},"filename":"D:\\a\\xet-core\\xet-core\\xet_client\\src\\cas_client\\retry_wrapper.rs","line_number":235}
{"timestamp":"2026-07-31T17:18:03.221386Z","level":"INFO","fields":{"message":"Received CAS response","request_id":"01KYWJXPYZK4XMWKTZBGXCE1HE","status_code":206},"filename":"D:\\a\\xet-core\\xet-core\\xet_client\\src\\common\\http_client.rs","line_number":288}
{"timestamp":"2026-07-31T17:18:03.221411Z","level":"INFO","fields":{"message":"Request Success: s3::get_range api call succeeded (request id 01KYWJXPYZK4XMWKTZBGXCE1HE)."},"filename":"D:\\a\\xet-core\\xet-core\\xet_client\\src\\cas_client\\retry_wrapper.rs","line_number":196}
{"timestamp":"2026-07-31T17:18:03.390069Z","level":"INFO","fields":{"message":"Retry strategy","max_attempts":5,"base_delay":"3s","no_retry_on_429":false},"filename":"D:\\a\\xet-core\\xet-core\\xet_client\\src\\cas_client\\retry_wrapper.rs","line_number":235}
{"timestamp":"2026-07-31T17:18:03.569965Z","level":"INFO","fields":{"message":"Received CAS response","request_id":"01KYWJXQ918NVFDP6FWKRGJVP1","status_code":206},"filename":"D:\\a\\xet-core\\xet-core\\xet_client\\src\\common\\http_client.rs","line_number":288}
{"timestamp":"2026-07-31T17:18:03.569997Z","level":"INFO","fields":{"message":"Request Success: s3::get_range api call succeeded (request id 01KYWJXQ918NVFDP6FWKRGJVP1)."},"filename":"D:\\a\\xet-core\\xet-core\\xet_client\\src\\cas_client\\retry_wrapper.rs","line_number":196}
{"timestamp":"2026-07-31T17:18:03.598097Z","level":"INFO","fields":{"message":"Received CAS response","request_id":"01KYWJXQA48J7FXM6XTR7RB65D","status_code":206},"filename":"D:\\a\\xet-core\\xet-core\\xet_client\\src\\common\\http_client.rs","line_number":288}
{"timestamp":"2026-07-31T17:18:03.598117Z","level":"INFO","fields":{"message":"Request Success: s3::get_range api call succeeded (request id 01KYWJXQA48J7FXM6XTR7RB65D)."},"filename":"D:\\a\\xet-core\\xet-core\\xet_client\\src\\cas_client\\retry_wrapper.rs","line_number":196}
{"timestamp":"2026-07-31T17:18:03.738217Z","level":"INFO","fields":{"message":"Retry strategy","max_attempts":5,"base_delay":"3s","no_retry_on_429":false},"filename":"D:\\a\\xet-core\\xet-core\\xet_client\\src\\cas_client\\retry_wrapper.rs","line_number":235}
{"timestamp":"2026-07-31T17:18:03.912203Z","level":"INFO","fields":{"message":"Received CAS response","request_id":"01KYWJXQHFVNJV9FQ268CMTHB8","status_code":206},"filename":"D:\\a\\xet-core\\xet-core\\xet_client\\src\\common\\http_client.rs","line_number":288}
{"timestamp":"2026-07-31T17:18:03.912226Z","level":"INFO","fields":{"message":"Request Success: s3::get_range api call succeeded (request id 01KYWJXQHFVNJV9FQ268CMTHB8)."},"filename":"D:\\a\\xet-core\\xet-core\\xet_client\\src\\cas_client\\retry_wrapper.rs","line_number":196}
{"timestamp":"2026-07-31T17:18:04.015731Z","level":"INFO","fields":{"message":"Received CAS response","request_id":"01KYWJXQN62RNHP7NHBRD0VFA7","status_code":206},"filename":"D:\\a\\xet-core\\xet-core\\xet_client\\src\\common\\http_client.rs","line_number":288}
{"timestamp":"2026-07-31T17:18:04.015754Z","level":"INFO","fields":{"message":"Request Success: s3::get_range api call succeeded (request id 01KYWJXQN62RNHP7NHBRD0VFA7)."},"filename":"D:\\a\\xet-core\\xet-core\\xet_client\\src\\cas_client\\retry_wrapper.rs","line_number":196}
{"timestamp":"2026-07-31T17:18:04.524416Z","level":"INFO","fields":{"message":"Retry strategy","max_attempts":5,"base_delay":"3s","no_retry_on_429":false},"filename":"D:\\a\\xet-core\\xet-core\\xet_client\\src\\cas_client\\retry_wrapper.rs","line_number":235}
{"timestamp":"2026-07-31T17:18:04.636363Z","level":"INFO","fields":{"message":"Retry strategy","max_attempts":5,"base_delay":"3s","no_retry_on_429":false},"filename":"D:\\a\\xet-core\\xet-core\\xet_client\\src\\cas_client\\retry_wrapper.rs","line_number":235}
{"timestamp":"2026-07-31T17:18:04.931801Z","level":"INFO","fields":{"message":"Concurrency control for download: Current concurrency = 4; predicted bandwidth = 864787; success_ratio = 1.000; reference_size = 1.0MB; observed bytes sent so far = 9404178; completed transmissions = 79"},"filename":"D:\\a\\xet-core\\xet-core\\xet_client\\src\\cas_client\\adaptive_concurrency\\controller.rs","line_number":597}
{"timestamp":"2026-07-31T17:18:04.944730Z","level":"INFO","fields":{"message":"Received CAS response","request_id":"01KYWJXRDE8M7C9TT0CT0YZQBC","status_code":206},"filename":"D:\\a\\xet-core\\xet-core\\xet_client\\src\\common\\http_client.rs","line_number":288}
{"timestamp":"2026-07-31T17:18:04.944761Z","level":"INFO","fields":{"message":"Request Success: s3::get_range api call succeeded (request id 01KYWJXRDE8M7C9TT0CT0YZQBC)."},"filename":"D:\\a\\xet-core\\xet-core\\xet_client\\src\\cas_client\\retry_wrapper.rs","line_number":196}
{"timestamp":"2026-07-31T17:18:05.052387Z","level":"INFO","fields":{"message":"Received CAS response","request_id":"01KYWJXRG06WYETMFX8XN9F043","status_code":206},"filename":"D:\\a\\xet-core\\xet-core\\xet_client\\src\\common\\http_client.rs","line_number":288}
{"timestamp":"2026-07-31T17:18:05.052415Z","level":"INFO","fields":{"message":"Request Success: s3::get_range api call succeeded (request id 01KYWJXRG06WYETMFX8XN9F043)."},"filename":"D:\\a\\xet-core\\xet-core\\xet_client\\src\\cas_client\\retry_wrapper.rs","line_number":196}
{"timestamp":"2026-07-31T17:18:05.697707Z","level":"INFO","fields":{"message":"Retry strategy","max_attempts":5,"base_delay":"3s","no_retry_on_429":false},"filename":"D:\\a\\xet-core\\xet-core\\xet_client\\src\\cas_client\\retry_wrapper.rs","line_number":235}
{"timestamp":"2026-07-31T17:18:05.847840Z","level":"INFO","fields":{"message":"Retry strategy","max_attempts":5,"base_delay":"3s","no_retry_on_429":false},"filename":"D:\\a\\xet-core\\xet-core\\xet_client\\src\\cas_client\\retry_wrapper.rs","line_number":235}
{"timestamp":"2026-07-31T17:18:06.224844Z","level":"INFO","fields":{"message":"Received CAS response","request_id":"01KYWJXSKDW61T3FJQY3VAPXVF","status_code":206},"filename":"D:\\a\\xet-core\\xet-core\\xet_client\\src\\common\\http_client.rs","line_number":288}
{"timestamp":"2026-07-31T17:18:06.224868Z","level":"INFO","fields":{"message":"Request Success: s3::get_range api call succeeded (request id 01KYWJXSKDW61T3FJQY3VAPXVF)."},"filename":"D:\\a\\xet-core\\xet-core\\xet_client\\src\\cas_client\\retry_wrapper.rs","line_number":196}
{"timestamp":"2026-07-31T17:18:06.898823Z","level":"INFO","fields":{"message":"Received CAS response","request_id":"01KYWJXSR5VF4VJ61DR65WVSY3","status_code":206},"filename":"D:\\a\\xet-core\\xet-core\\xet_client\\src\\common\\http_client.rs","line_number":288}
{"timestamp":"2026-07-31T17:18:06.898846Z","level":"INFO","fields":{"message":"Request Success: s3::get_range api call succeeded (request id 01KYWJXSR5VF4VJ61DR65WVSY3)."},"filename":"D:\\a\\xet-core\\xet-core\\xet_client\\src\\cas_client\\retry_wrapper.rs","line_number":196}
{"timestamp":"2026-07-31T17:18:08.402085Z","level":"INFO","fields":{"message":"Retry strategy","max_attempts":5,"base_delay":"3s","no_retry_on_429":false},"filename":"D:\\a\\xet-core\\xet-core\\xet_client\\src\\cas_client\\retry_wrapper.rs","line_number":235}
{"timestamp":"2026-07-31T17:18:08.708273Z","level":"INFO","fields":{"message":"Retry strategy","max_attempts":5,"base_delay":"3s","no_retry_on_429":false},"filename":"D:\\a\\xet-core\\xet-core\\xet_client\\src\\cas_client\\retry_wrapper.rs","line_number":235}
{"timestamp":"2026-07-31T17:18:09.211363Z","level":"INFO","fields":{"message":"Received CAS response","request_id":"01KYWJXW8STRF8JYGQ8N86H0F5","status_code":206},"filename":"D:\\a\\xet-core\\xet-core\\xet_client\\src\\common\\http_client.rs","line_number":288}
{"timestamp":"2026-07-31T17:18:09.211384Z","level":"INFO","fields":{"message":"Request Success: s3::get_range api call succeeded (request id 01KYWJXW8STRF8JYGQ8N86H0F5)."},"filename":"D:\\a\\xet-core\\xet-core\\xet_client\\src\\cas_client\\retry_wrapper.rs","line_number":196}
{"timestamp":"2026-07-31T17:18:09.292798Z","level":"INFO","fields":{"message":"Retry strategy","max_attempts":5,"base_delay":"3s","no_retry_on_429":false},"filename":"D:\\a\\xet-core\\xet-core\\xet_client\\src\\cas_client\\retry_wrapper.rs","line_number":235}
{"timestamp":"2026-07-31T17:18:09.295333Z","level":"INFO","fields":{"message":"Received CAS response","request_id":"01KYWJXWGSVT3RR6MPVJ503WGB","status_code":206},"filename":"D:\\a\\xet-core\\xet-core\\xet_client\\src\\common\\http_client.rs","line_number":288}
{"timestamp":"2026-07-31T17:18:09.295356Z","level":"INFO","fields":{"message":"Request Success: s3::get_range api call succeeded (request id 01KYWJXWGSVT3RR6MPVJ503WGB)."},"filename":"D:\\a\\xet-core\\xet-core\\xet_client\\src\\cas_client\\retry_wrapper.rs","line_number":196}
{"timestamp":"2026-07-31T17:18:09.340558Z","level":"INFO","fields":{"message":"Retry strategy","max_attempts":5,"base_delay":"3s","no_retry_on_429":false},"filename":"D:\\a\\xet-core\\xet-core\\xet_client\\src\\cas_client\\retry_wrapper.rs","line_number":235}
{"timestamp":"2026-07-31T17:18:09.702852Z","level":"INFO","fields":{"message":"Received CAS response","request_id":"01KYWJXX765KWGCD5WSTVXJ351","status_code":206},"filename":"D:\\a\\xet-core\\xet-core\\xet_client\\src\\common\\http_client.rs","line_number":288}
{"timestamp":"2026-07-31T17:18:09.702875Z","level":"INFO","fields":{"message":"Request Success: s3::get_range api call succeeded (request id 01KYWJXX765KWGCD5WSTVXJ351)."},"filename":"D:\\a\\xet-core\\xet-core\\xet_client\\src\\cas_client\\retry_wrapper.rs","line_number":196}
{"timestamp":"2026-07-31T17:18:09.863452Z","level":"INFO","fields":{"message":"Retry strategy","max_attempts":5,"base_delay":"3s","no_retry_on_429":false},"filename":"D:\\a\\xet-core\\xet-core\\xet_client\\src\\cas_client\\retry_wrapper.rs","line_number":235}
{"timestamp":"2026-07-31T17:18:09.866171Z","level":"INFO","fields":{"message":"Received CAS response","request_id":"01KYWJXX82EPASMAQY5JQ8CFNC","status_code":206},"filename":"D:\\a\\xet-core\\xet-core\\xet_client\\src\\common\\http_client.rs","line_number":288}
{"timestamp":"2026-07-31T17:18:09.866182Z","level":"INFO","fields":{"message":"Request Success: s3::get_range api call succeeded (request id 01KYWJXX82EPASMAQY5JQ8CFNC)."},"filename":"D:\\a\\xet-core\\xet-core\\xet_client\\src\\cas_client\\retry_wrapper.rs","line_number":196}
{"timestamp":"2026-07-31T17:18:09.900539Z","level":"INFO","fields":{"message":"Retry strategy","max_attempts":5,"base_delay":"3s","no_retry_on_429":false},"filename":"D:\\a\\xet-core\\xet-core\\xet_client\\src\\cas_client\\retry_wrapper.rs","line_number":235}
{"timestamp":"2026-07-31T17:18:09.995215Z","level":"INFO","fields":{"message":"Retry strategy","max_attempts":5,"base_delay":"3s","no_retry_on_429":false},"filename":"D:\\a\\xet-core\\xet-core\\xet_client\\src\\cas_client\\retry_wrapper.rs","line_number":235}
{"timestamp":"2026-07-31T17:18:10.206354Z","level":"INFO","fields":{"message":"Received CAS response","request_id":"01KYWJXXRHD6JCG1WV42KRSRGD","status_code":206},"filename":"D:\\a\\xet-core\\xet-core\\xet_client\\src\\common\\http_client.rs","line_number":288}
{"timestamp":"2026-07-31T17:18:10.206374Z","level":"INFO","fields":{"message":"Request Success: s3::get_range api call succeeded (request id 01KYWJXXRHD6JCG1WV42KRSRGD)."},"filename":"D:\\a\\xet-core\\xet-core\\xet_client\\src\\cas_client\\retry_wrapper.rs","line_number":196}
{"timestamp":"2026-07-31T17:18:10.208365Z","level":"INFO","fields":{"message":"Received CAS response","request_id":"01KYWJXXRW3YZA3Z7F0H7J01QM","status_code":206},"filename":"D:\\a\\xet-core\\xet-core\\xet_client\\src\\common\\http_client.rs","line_number":288}
{"timestamp":"2026-07-31T17:18:10.208379Z","level":"INFO","fields":{"message":"Request Success: s3::get_range api call succeeded (request id 01KYWJXXRW3YZA3Z7F0H7J01QM)."},"filename":"D:\\a\\xet-core\\xet-core\\xet_client\\src\\cas_client\\retry_wrapper.rs","line_number":196}
{"timestamp":"2026-07-31T17:18:10.270720Z","level":"INFO","fields":{"message":"Retry strategy","max_attempts":5,"base_delay":"3s","no_retry_on_429":false},"filename":"D:\\a\\xet-core\\xet-core\\xet_client\\src\\cas_client\\retry_wrapper.rs","line_number":235}
{"timestamp":"2026-07-31T17:18:10.448869Z","level":"INFO","fields":{"message":"Retry strategy","max_attempts":5,"base_delay":"3s","no_retry_on_429":false},"filename":"D:\\a\\xet-core\\xet-core\\xet_client\\src\\cas_client\\retry_wrapper.rs","line_number":235}
{"timestamp":"2026-07-31T17:18:10.658584Z","level":"INFO","fields":{"message":"Received CAS response","request_id":"01KYWJXY34SEKC4708Y29AS3DP","status_code":206},"filename":"D:\\a\\xet-core\\xet-core\\xet_client\\src\\common\\http_client.rs","line_number":288}
{"timestamp":"2026-07-31T17:18:10.658604Z","level":"INFO","fields":{"message":"Request Success: s3::get_range api call succeeded (request id 01KYWJXY34SEKC4708Y29AS3DP)."},"filename":"D:\\a\\xet-core\\xet-core\\xet_client\\src\\cas_client\\retry_wrapper.rs","line_number":196}
{"timestamp":"2026-07-31T17:18:10.673173Z","level":"INFO","fields":{"message":"Received CAS response","request_id":"01KYWJXY3Y25HJ12T22AM8MX2S","status_code":206},"filename":"D:\\a\\xet-core\\xet-core\\xet_client\\src\\common\\http_client.rs","line_number":288}
{"timestamp":"2026-07-31T17:18:10.673195Z","level":"INFO","fields":{"message":"Request Success: s3::get_range api call succeeded (request id 01KYWJXY3Y25HJ12T22AM8MX2S)."},"filename":"D:\\a\\xet-core\\xet-core\\xet_client\\src\\cas_client\\retry_wrapper.rs","line_number":196}
{"timestamp":"2026-07-31T17:18:10.676436Z","level":"INFO","fields":{"message":"Retry strategy","max_attempts":5,"base_delay":"3s","no_retry_on_429":false},"filename":"D:\\a\\xet-core\\xet-core\\xet_client\\src\\cas_client\\retry_wrapper.rs","line_number":235}
{"timestamp":"2026-07-31T17:18:10.720795Z","level":"INFO","fields":{"message":"Received CAS response","request_id":"01KYWJXY63RB97TYM0QRKZ53SG","status_code":206},"filename":"D:\\a\\xet-core\\xet-core\\xet_client\\src\\common\\http_client.rs","line_number":288}
{"timestamp":"2026-07-31T17:18:10.720817Z","level":"INFO","fields":{"message":"Request Success: s3::get_range api call succeeded (request id 01KYWJXY63RB97TYM0QRKZ53SG)."},"filename":"D:\\a\\xet-core\\xet-core\\xet_client\\src\\cas_client\\retry_wrapper.rs","line_number":196}
{"timestamp":"2026-07-31T17:18:10.724136Z","level":"INFO","fields":{"message":"Retry strategy","max_attempts":5,"base_delay":"3s","no_retry_on_429":false},"filename":"D:\\a\\xet-core\\xet-core\\xet_client\\src\\cas_client\\retry_wrapper.rs","line_number":235}
{"timestamp":"2026-07-31T17:18:10.970449Z","level":"INFO","fields":{"message":"Received CAS response","request_id":"01KYWJXYCYY2WJ5QV4SPM2JHHQ","status_code":206},"filename":"D:\\a\\xet-core\\xet-core\\xet_client\\src\\common\\http_client.rs","line_number":288}
{"timestamp":"2026-07-31T17:18:10.970470Z","level":"INFO","fields":{"message":"Request Success: s3::get_range api call succeeded (request id 01KYWJXYCYY2WJ5QV4SPM2JHHQ)."},"filename":"D:\\a\\xet-core\\xet-core\\xet_client\\src\\cas_client\\retry_wrapper.rs","line_number":196}
{"timestamp":"2026-07-31T17:18:11.039198Z","level":"INFO","fields":{"message":"Retry strategy","max_attempts":5,"base_delay":"3s","no_retry_on_429":false},"filename":"D:\\a\\xet-core\\xet-core\\xet_client\\src\\cas_client\\retry_wrapper.rs","line_number":235}
{"timestamp":"2026-07-31T17:18:11.052503Z","level":"INFO","fields":{"message":"Received CAS response","request_id":"01KYWJXYGGY25Y5S4TZYNTZ1XN","status_code":206},"filename":"D:\\a\\xet-core\\xet-core\\xet_client\\src\\common\\http_client.rs","line_number":288}
{"timestamp":"2026-07-31T17:18:11.052521Z","level":"INFO","fields":{"message":"Request Success: s3::get_range api call succeeded (request id 01KYWJXYGGY25Y5S4TZYNTZ1XN)."},"filename":"D:\\a\\xet-core\\xet-core\\xet_client\\src\\cas_client\\retry_wrapper.rs","line_number":196}
{"timestamp":"2026-07-31T17:18:11.098639Z","level":"INFO","fields":{"message":"Retry strategy","max_attempts":5,"base_delay":"3s","no_retry_on_429":false},"filename":"D:\\a\\xet-core\\xet-core\\xet_client\\src\\cas_client\\retry_wrapper.rs","line_number":235}
{"timestamp":"2026-07-31T17:18:11.230865Z","level":"INFO","fields":{"message":"Retry strategy","max_attempts":5,"base_delay":"3s","no_retry_on_429":false},"filename":"D:\\a\\xet-core\\xet-core\\xet_client\\src\\cas_client\\retry_wrapper.rs","line_number":235}
{"timestamp":"2026-07-31T17:18:11.256615Z","level":"INFO","fields":{"message":"Received CAS response","request_id":"01KYWJXYR8HAXWZXCEJ9EC4HB1","status_code":206},"filename":"D:\\a\\xet-core\\xet-core\\xet_client\\src\\common\\http_client.rs","line_number":288}
{"timestamp":"2026-07-31T17:18:11.256638Z","level":"INFO","fields":{"message":"Request Success: s3::get_range api call succeeded (request id 01KYWJXYR8HAXWZXCEJ9EC4HB1)."},"filename":"D:\\a\\xet-core\\xet-core\\xet_client\\src\\cas_client\\retry_wrapper.rs","line_number":196}
{"timestamp":"2026-07-31T17:18:11.392798Z","level":"INFO","fields":{"message":"Retry strategy","max_attempts":5,"base_delay":"3s","no_retry_on_429":false},"filename":"D:\\a\\xet-core\\xet-core\\xet_client\\src\\cas_client\\retry_wrapper.rs","line_number":235}
{"timestamp":"2026-07-31T17:18:11.395101Z","level":"INFO","fields":{"message":"Received CAS response","request_id":"01KYWJXYTD3K0QBMED7RM1XVCP","status_code":206},"filename":"D:\\a\\xet-core\\xet-core\\xet_client\\src\\common\\http_client.rs","line_number":288}
{"timestamp":"2026-07-31T17:18:11.395116Z","level":"INFO","fields":{"message":"Request Success: s3::get_range api call succeeded (request id 01KYWJXYTD3K0QBMED7RM1XVCP)."},"filename":"D:\\a\\xet-core\\xet-core\\xet_client\\src\\cas_client\\retry_wrapper.rs","line_number":196}
{"timestamp":"2026-07-31T17:18:11.568137Z","level":"INFO","fields":{"message":"Retry strategy","max_attempts":5,"base_delay":"3s","no_retry_on_429":false},"filename":"D:\\a\\xet-core\\xet-core\\xet_client\\src\\cas_client\\retry_wrapper.rs","line_number":235}
{"timestamp":"2026-07-31T17:18:11.587116Z","level":"INFO","fields":{"message":"Received CAS response","request_id":"01KYWJXYZ9YHCMA8EYEMMJPGZB","status_code":206},"filename":"D:\\a\\xet-core\\xet-core\\xet_client\\src\\common\\http_client.rs","line_number":288}
{"timestamp":"2026-07-31T17:18:11.587143Z","level":"INFO","fields":{"message":"Request Success: s3::get_range api call succeeded (request id 01KYWJXYZ9YHCMA8EYEMMJPGZB)."},"filename":"D:\\a\\xet-core\\xet-core\\xet_client\\src\\cas_client\\retry_wrapper.rs","line_number":196}
{"timestamp":"2026-07-31T17:18:11.820366Z","level":"INFO","fields":{"message":"Received CAS response","request_id":"01KYWJXZA4MFQ92WZD1QJBB1A0","status_code":206},"filename":"D:\\a\\xet-core\\xet-core\\xet_client\\src\\common\\http_client.rs","line_number":288}
{"timestamp":"2026-07-31T17:18:11.820388Z","level":"INFO","fields":{"message":"Request Success: s3::get_range api call succeeded (request id 01KYWJXZA4MFQ92WZD1QJBB1A0)."},"filename":"D:\\a\\xet-core\\xet-core\\xet_client\\src\\cas_client\\retry_wrapper.rs","line_number":196}
{"timestamp":"2026-07-31T17:18:11.821413Z","level":"INFO","fields":{"message":"Retry strategy","max_attempts":5,"base_delay":"3s","no_retry_on_429":false},"filename":"D:\\a\\xet-core\\xet-core\\xet_client\\src\\cas_client\\retry_wrapper.rs","line_number":235}
{"timestamp":"2026-07-31T17:18:11.854797Z","level":"INFO","fields":{"message":"Received CAS response","request_id":"01KYWJXZBKZEWCWD3P6Z9ZAJ1V","status_code":206},"filename":"D:\\a\\xet-core\\xet-core\\xet_client\\src\\common\\http_client.rs","line_number":288}
{"timestamp":"2026-07-31T17:18:11.854819Z","level":"INFO","fields":{"message":"Request Success: s3::get_range api call succeeded (request id 01KYWJXZBKZEWCWD3P6Z9ZAJ1V)."},"filename":"D:\\a\\xet-core\\xet-core\\xet_client\\src\\cas_client\\retry_wrapper.rs","line_number":196}
{"timestamp":"2026-07-31T17:18:11.922411Z","level":"INFO","fields":{"message":"Retry strategy","max_attempts":5,"base_delay":"3s","no_retry_on_429":false},"filename":"D:\\a\\xet-core\\xet-core\\xet_client\\src\\cas_client\\retry_wrapper.rs","line_number":235}
{"timestamp":"2026-07-31T17:18:12.084774Z","level":"INFO","fields":{"message":"Retry strategy","max_attempts":5,"base_delay":"3s","no_retry_on_429":false},"filename":"D:\\a\\xet-core\\xet-core\\xet_client\\src\\cas_client\\retry_wrapper.rs","line_number":235}
{"timestamp":"2026-07-31T17:18:12.135009Z","level":"INFO","fields":{"message":"Received CAS response","request_id":"01KYWJXZNBYX5NBWFY2FVF7233","status_code":206},"filename":"D:\\a\\xet-core\\xet-core\\xet_client\\src\\common\\http_client.rs","line_number":288}
{"timestamp":"2026-07-31T17:18:12.135029Z","level":"INFO","fields":{"message":"Request Success: s3::get_range api call succeeded (request id 01KYWJXZNBYX5NBWFY2FVF7233)."},"filename":"D:\\a\\xet-core\\xet-core\\xet_client\\src\\cas_client\\retry_wrapper.rs","line_number":196}
{"timestamp":"2026-07-31T17:18:12.155908Z","level":"INFO","fields":{"message":"Received CAS response","request_id":"01KYWJXZN1DJCMFNJ3YRB7NZK0","status_code":206},"filename":"D:\\a\\xet-core\\xet-core\\xet_client\\src\\common\\http_client.rs","line_number":288}
{"timestamp":"2026-07-31T17:18:12.155924Z","level":"INFO","fields":{"message":"Request Success: s3::get_range api call succeeded (request id 01KYWJXZN1DJCMFNJ3YRB7NZK0)."},"filename":"D:\\a\\xet-core\\xet-core\\xet_client\\src\\cas_client\\retry_wrapper.rs","line_number":196}
{"timestamp":"2026-07-31T17:18:12.293954Z","level":"INFO","fields":{"message":"Retry strategy","max_attempts":5,"base_delay":"3s","no_retry_on_429":false},"filename":"D:\\a\\xet-core\\xet-core\\xet_client\\src\\cas_client\\retry_wrapper.rs","line_number":235}
{"timestamp":"2026-07-31T17:18:12.368925Z","level":"INFO","fields":{"message":"Retry strategy","max_attempts":5,"base_delay":"3s","no_retry_on_429":false},"filename":"D:\\a\\xet-core\\xet-core\\xet_client\\src\\cas_client\\retry_wrapper.rs","line_number":235}
{"timestamp":"2026-07-31T17:18:12.378725Z","level":"INFO","fields":{"message":"Received CAS response","request_id":"01KYWJXZSTE811R8HBM8SYZZPP","status_code":206},"filename":"D:\\a\\xet-core\\xet-core\\xet_client\\src\\common\\http_client.rs","line_number":288}
{"timestamp":"2026-07-31T17:18:12.378742Z","level":"INFO","fields":{"message":"Request Success: s3::get_range api call succeeded (request id 01KYWJXZSTE811R8HBM8SYZZPP)."},"filename":"D:\\a\\xet-core\\xet-core\\xet_client\\src\\cas_client\\retry_wrapper.rs","line_number":196}
{"timestamp":"2026-07-31T17:18:12.502139Z","level":"INFO","fields":{"message":"Retry strategy","max_attempts":5,"base_delay":"3s","no_retry_on_429":false},"filename":"D:\\a\\xet-core\\xet-core\\xet_client\\src\\cas_client\\retry_wrapper.rs","line_number":235}
{"timestamp":"2026-07-31T17:18:12.512808Z","level":"INFO","fields":{"message":"Received CAS response","request_id":"01KYWJY003GDZHVJ422RSV7FYZ","status_code":206},"filename":"D:\\a\\xet-core\\xet-core\\xet_client\\src\\common\\http_client.rs","line_number":288}
{"timestamp":"2026-07-31T17:18:12.512831Z","level":"INFO","fields":{"message":"Request Success: s3::get_range api call succeeded (request id 01KYWJY003GDZHVJ422RSV7FYZ)."},"filename":"D:\\a\\xet-core\\xet-core\\xet_client\\src\\cas_client\\retry_wrapper.rs","line_number":196}
{"timestamp":"2026-07-31T17:18:12.675335Z","level":"INFO","fields":{"message":"Retry strategy","max_attempts":5,"base_delay":"3s","no_retry_on_429":false},"filename":"D:\\a\\xet-core\\xet-core\\xet_client\\src\\cas_client\\retry_wrapper.rs","line_number":235}
{"timestamp":"2026-07-31T17:18:12.676208Z","level":"INFO","fields":{"message":"Received CAS response","request_id":"01KYWJY02C0ZFPWAW9TQC6EN5P","status_code":206},"filename":"D:\\a\\xet-core\\xet-core\\xet_client\\src\\common\\http_client.rs","line_number":288}
{"timestamp":"2026-07-31T17:18:12.676221Z","level":"INFO","fields":{"message":"Request Success: s3::get_range api call succeeded (request id 01KYWJY02C0ZFPWAW9TQC6EN5P)."},"filename":"D:\\a\\xet-core\\xet-core\\xet_client\\src\\cas_client\\retry_wrapper.rs","line_number":196}
{"timestamp":"2026-07-31T17:18:12.724085Z","level":"INFO","fields":{"message":"Retry strategy","max_attempts":5,"base_delay":"3s","no_retry_on_429":false},"filename":"D:\\a\\xet-core\\xet-core\\xet_client\\src\\cas_client\\retry_wrapper.rs","line_number":235}
{"timestamp":"2026-07-31T17:18:12.897864Z","level":"INFO","fields":{"message":"Received CAS response","request_id":"01KYWJY07JG43CJD5HKFHBT7CT","status_code":206},"filename":"D:\\a\\xet-core\\xet-core\\xet_client\\src\\common\\http_client.rs","line_number":288}
{"timestamp":"2026-07-31T17:18:12.897888Z","level":"INFO","fields":{"message":"Request Success: s3::get_range api call succeeded (request id 01KYWJY07JG43CJD5HKFHBT7CT)."},"filename":"D:\\a\\xet-core\\xet-core\\xet_client\\src\\cas_client\\retry_wrapper.rs","line_number":196}
{"timestamp":"2026-07-31T17:18:12.987314Z","level":"INFO","fields":{"message":"Retry strategy","max_attempts":5,"base_delay":"3s","no_retry_on_429":false},"filename":"D:\\a\\xet-core\\xet-core\\xet_client\\src\\cas_client\\retry_wrapper.rs","line_number":235}
{"timestamp":"2026-07-31T17:18:13.008739Z","level":"INFO","fields":{"message":"Received CAS response","request_id":"01KYWJY0B9XNYHPF4BP5Q5D74A","status_code":206},"filename":"D:\\a\\xet-core\\xet-core\\xet_client\\src\\common\\http_client.rs","line_number":288}
{"timestamp":"2026-07-31T17:18:13.008760Z","level":"INFO","fields":{"message":"Request Success: s3::get_range api call succeeded (request id 01KYWJY0B9XNYHPF4BP5Q5D74A)."},"filename":"D:\\a\\xet-core\\xet-core\\xet_client\\src\\cas_client\\retry_wrapper.rs","line_number":196}
{"timestamp":"2026-07-31T17:18:13.069552Z","level":"INFO","fields":{"message":"Retry strategy","max_attempts":5,"base_delay":"3s","no_retry_on_429":false},"filename":"D:\\a\\xet-core\\xet-core\\xet_client\\src\\cas_client\\retry_wrapper.rs","line_number":235}
{"timestamp":"2026-07-31T17:18:13.069562Z","level":"INFO","fields":{"message":"Received CAS response","request_id":"01KYWJY0D9X8V2H9WG4YPM7HH1","status_code":206},"filename":"D:\\a\\xet-core\\xet-core\\xet_client\\src\\common\\http_client.rs","line_number":288}
{"timestamp":"2026-07-31T17:18:13.069578Z","level":"INFO","fields":{"message":"Request Success: s3::get_range api call succeeded (request id 01KYWJY0D9X8V2H9WG4YPM7HH1)."},"filename":"D:\\a\\xet-core\\xet-core\\xet_client\\src\\cas_client\\retry_wrapper.rs","line_number":196}
{"timestamp":"2026-07-31T17:18:13.144141Z","level":"INFO","fields":{"message":"Retry strategy","max_attempts":5,"base_delay":"3s","no_retry_on_429":false},"filename":"D:\\a\\xet-core\\xet-core\\xet_client\\src\\cas_client\\retry_wrapper.rs","line_number":235}
{"timestamp":"2026-07-31T17:18:13.217478Z","level":"INFO","fields":{"message":"Received CAS response","request_id":"01KYWJY0Q3XNQ13F44PKD4HFNJ","status_code":206},"filename":"D:\\a\\xet-core\\xet-core\\xet_client\\src\\common\\http_client.rs","line_number":288}
{"timestamp":"2026-07-31T17:18:13.217499Z","level":"INFO","fields":{"message":"Request Success: s3::get_range api call succeeded (request id 01KYWJY0Q3XNQ13F44PKD4HFNJ)."},"filename":"D:\\a\\xet-core\\xet-core\\xet_client\\src\\cas_client\\retry_wrapper.rs","line_number":196}
{"timestamp":"2026-07-31T17:18:13.416896Z","level":"INFO","fields":{"message":"Received CAS response","request_id":"01KYWJY0TK71534G5GAVYGH4D0","status_code":206},"filename":"D:\\a\\xet-core\\xet-core\\xet_client\\src\\common\\http_client.rs","line_number":288}
{"timestamp":"2026-07-31T17:18:13.416917Z","level":"INFO","fields":{"message":"Request Success: s3::get_range api call succeeded (request id 01KYWJY0TK71534G5GAVYGH4D0)."},"filename":"D:\\a\\xet-core\\xet-core\\xet_client\\src\\cas_client\\retry_wrapper.rs","line_number":196}
{"timestamp":"2026-07-31T17:18:13.426185Z","level":"INFO","fields":{"message":"Retry strategy","max_attempts":5,"base_delay":"3s","no_retry_on_429":false},"filename":"D:\\a\\xet-core\\xet-core\\xet_client\\src\\cas_client\\retry_wrapper.rs","line_number":235}
{"timestamp":"2026-07-31T17:18:13.426272Z","level":"INFO","fields":{"message":"Received CAS response","request_id":"01KYWJY0TKHY1NQRMBJABBXQ8R","status_code":206},"filename":"D:\\a\\xet-core\\xet-core\\xet_client\\src\\common\\http_client.rs","line_number":288}
{"timestamp":"2026-07-31T17:18:13.426288Z","level":"INFO","fields":{"message":"Request Success: s3::get_range api call succeeded (request id 01KYWJY0TKHY1NQRMBJABBXQ8R)."},"filename":"D:\\a\\xet-core\\xet-core\\xet_client\\src\\cas_client\\retry_wrapper.rs","line_number":196}
{"timestamp":"2026-07-31T17:18:13.471716Z","level":"INFO","fields":{"message":"Retry strategy","max_attempts":5,"base_delay":"3s","no_retry_on_429":false},"filename":"D:\\a\\xet-core\\xet-core\\xet_client\\src\\cas_client\\retry_wrapper.rs","line_number":235}
{"timestamp":"2026-07-31T17:18:13.694839Z","level":"INFO","fields":{"message":"Received CAS response","request_id":"01KYWJY14GKCPCRGARZYCB4S1S","status_code":206},"filename":"D:\\a\\xet-core\\xet-core\\xet_client\\src\\common\\http_client.rs","line_number":288}
{"timestamp":"2026-07-31T17:18:13.694863Z","level":"INFO","fields":{"message":"Request Success: s3::get_range api call succeeded (request id 01KYWJY14GKCPCRGARZYCB4S1S)."},"filename":"D:\\a\\xet-core\\xet-core\\xet_client\\src\\cas_client\\retry_wrapper.rs","line_number":196}
{"timestamp":"2026-07-31T17:18:13.722203Z","level":"INFO","fields":{"message":"Retry strategy","max_attempts":5,"base_delay":"3s","no_retry_on_429":false},"filename":"D:\\a\\xet-core\\xet-core\\xet_client\\src\\cas_client\\retry_wrapper.rs","line_number":235}
{"timestamp":"2026-07-31T17:18:13.782605Z","level":"INFO","fields":{"message":"Received CAS response","request_id":"01KYWJY154XYYZJRT2YKXTFMHK","status_code":206},"filename":"D:\\a\\xet-core\\xet-core\\xet_client\\src\\common\\http_client.rs","line_number":288}
{"timestamp":"2026-07-31T17:18:13.782652Z","level":"INFO","fields":{"message":"Request Success: s3::get_range api call succeeded (request id 01KYWJY154XYYZJRT2YKXTFMHK)."},"filename":"D:\\a\\xet-core\\xet-core\\xet_client\\src\\cas_client\\retry_wrapper.rs","line_number":196}
{"timestamp":"2026-07-31T17:18:13.786762Z","level":"INFO","fields":{"message":"Retry strategy","max_attempts":5,"base_delay":"3s","no_retry_on_429":false},"filename":"D:\\a\\xet-core\\xet-core\\xet_client\\src\\cas_client\\retry_wrapper.rs","line_number":235}
{"timestamp":"2026-07-31T17:18:14.101701Z","level":"INFO","fields":{"message":"Retry strategy","max_attempts":5,"base_delay":"3s","no_retry_on_429":false},"filename":"D:\\a\\xet-core\\xet-core\\xet_client\\src\\cas_client\\retry_wrapper.rs","line_number":235}
{"timestamp":"2026-07-31T17:18:14.116053Z","level":"INFO","fields":{"message":"Received CAS response","request_id":"01KYWJY1DV9D04WMKSHNH7J5TQ","status_code":206},"filename":"D:\\a\\xet-core\\xet-core\\xet_client\\src\\common\\http_client.rs","line_number":288}
{"timestamp":"2026-07-31T17:18:14.116071Z","level":"INFO","fields":{"message":"Request Success: s3::get_range api call succeeded (request id 01KYWJY1DV9D04WMKSHNH7J5TQ)."},"filename":"D:\\a\\xet-core\\xet-core\\xet_client\\src\\cas_client\\retry_wrapper.rs","line_number":196}
{"timestamp":"2026-07-31T17:18:14.184436Z","level":"INFO","fields":{"message":"Received CAS response","request_id":"01KYWJY1EBK4VZ6CB582R8BGCB","status_code":206},"filename":"D:\\a\\xet-core\\xet-core\\xet_client\\src\\common\\http_client.rs","line_number":288}
{"timestamp":"2026-07-31T17:18:14.184458Z","level":"INFO","fields":{"message":"Request Success: s3::get_range api call succeeded (request id 01KYWJY1EBK4VZ6CB582R8BGCB)."},"filename":"D:\\a\\xet-core\\xet-core\\xet_client\\src\\cas_client\\retry_wrapper.rs","line_number":196}
{"timestamp":"2026-07-31T17:18:14.191358Z","level":"INFO","fields":{"message":"Retry strategy","max_attempts":5,"base_delay":"3s","no_retry_on_429":false},"filename":"D:\\a\\xet-core\\xet-core\\xet_client\\src\\cas_client\\retry_wrapper.rs","line_number":235}
{"timestamp":"2026-07-31T17:18:14.284855Z","level":"INFO","fields":{"message":"Retry strategy","max_attempts":5,"base_delay":"3s","no_retry_on_429":false},"filename":"D:\\a\\xet-core\\xet-core\\xet_client\\src\\cas_client\\retry_wrapper.rs","line_number":235}
{"timestamp":"2026-07-31T17:18:14.389728Z","level":"INFO","fields":{"message":"Received CAS response","request_id":"01KYWJY1RP8J63N6AVT9T8J2BK","status_code":206},"filename":"D:\\a\\xet-core\\xet-core\\xet_client\\src\\common\\http_client.rs","line_number":288}
{"timestamp":"2026-07-31T17:18:14.389750Z","level":"INFO","fields":{"message":"Request Success: s3::get_range api call succeeded (request id 01KYWJY1RP8J63N6AVT9T8J2BK)."},"filename":"D:\\a\\xet-core\\xet-core\\xet_client\\src\\cas_client\\retry_wrapper.rs","line_number":196}
{"timestamp":"2026-07-31T17:18:14.443842Z","level":"INFO","fields":{"message":"Received CAS response","request_id":"01KYWJY1V4SVAQGXABNYDH0F4W","status_code":206},"filename":"D:\\a\\xet-core\\xet-core\\xet_client\\src\\common\\http_client.rs","line_number":288}
{"timestamp":"2026-07-31T17:18:14.443862Z","level":"INFO","fields":{"message":"Request Success: s3::get_range api call succeeded (request id 01KYWJY1V4SVAQGXABNYDH0F4W)."},"filename":"D:\\a\\xet-core\\xet-core\\xet_client\\src\\cas_client\\retry_wrapper.rs","line_number":196}
{"timestamp":"2026-07-31T17:18:14.590886Z","level":"INFO","fields":{"message":"Retry strategy","max_attempts":5,"base_delay":"3s","no_retry_on_429":false},"filename":"D:\\a\\xet-core\\xet-core\\xet_client\\src\\cas_client\\retry_wrapper.rs","line_number":235}
{"timestamp":"2026-07-31T17:18:14.605604Z","level":"INFO","fields":{"message":"Received CAS response","request_id":"01KYWJY1XT17MS65JJZ3C54M4S","status_code":206},"filename":"D:\\a\\xet-core\\xet-core\\xet_client\\src\\common\\http_client.rs","line_number":288}
{"timestamp":"2026-07-31T17:18:14.605624Z","level":"INFO","fields":{"message":"Request Success: s3::get_range api call succeeded (request id 01KYWJY1XT17MS65JJZ3C54M4S)."},"filename":"D:\\a\\xet-core\\xet-core\\xet_client\\src\\cas_client\\retry_wrapper.rs","line_number":196}
{"timestamp":"2026-07-31T17:18:14.707144Z","level":"INFO","fields":{"message":"Retry strategy","max_attempts":5,"base_delay":"3s","no_retry_on_429":false},"filename":"D:\\a\\xet-core\\xet-core\\xet_client\\src\\cas_client\\retry_wrapper.rs","line_number":235}
{"timestamp":"2026-07-31T17:18:14.934183Z","level":"INFO","fields":{"message":"Concurrency control for download: Current concurrency = 4; predicted bandwidth = 532141; success_ratio = 1.000; reference_size = 1.0MB; observed bytes sent so far = 13912614; completed transmissions = 118"},"filename":"D:\\a\\xet-core\\xet-core\\xet_client\\src\\cas_client\\adaptive_concurrency\\controller.rs","line_number":597}
{"timestamp":"2026-07-31T17:18:14.934248Z","level":"INFO","fields":{"message":"Retry strategy","max_attempts":5,"base_delay":"3s","no_retry_on_429":false},"filename":"D:\\a\\xet-core\\xet-core\\xet_client\\src\\cas_client\\retry_wrapper.rs","line_number":235}
{"timestamp":"2026-07-31T17:18:14.935285Z","level":"INFO","fields":{"message":"Received CAS response","request_id":"01KYWJY27MW1EZ892609BNVXR1","status_code":206},"filename":"D:\\a\\xet-core\\xet-core\\xet_client\\src\\common\\http_client.rs","line_number":288}
{"timestamp":"2026-07-31T17:18:14.935299Z","level":"INFO","fields":{"message":"Request Success: s3::get_range api call succeeded (request id 01KYWJY27MW1EZ892609BNVXR1)."},"filename":"D:\\a\\xet-core\\xet-core\\xet_client\\src\\cas_client\\retry_wrapper.rs","line_number":196}
{"timestamp":"2026-07-31T17:18:14.943941Z","level":"INFO","fields":{"message":"Retry strategy","max_attempts":5,"base_delay":"3s","no_retry_on_429":false},"filename":"D:\\a\\xet-core\\xet-core\\xet_client\\src\\cas_client\\retry_wrapper.rs","line_number":235}
{"timestamp":"2026-07-31T17:18:15.009828Z","level":"INFO","fields":{"message":"Received CAS response","request_id":"01KYWJY2F2T6ZC11TREKCVBZ7N","status_code":206},"filename":"D:\\a\\xet-core\\xet-core\\xet_client\\src\\common\\http_client.rs","line_number":288}
{"timestamp":"2026-07-31T17:18:15.009851Z","level":"INFO","fields":{"message":"Request Success: s3::get_range api call succeeded (request id 01KYWJY2F2T6ZC11TREKCVBZ7N)."},"filename":"D:\\a\\xet-core\\xet-core\\xet_client\\src\\cas_client\\retry_wrapper.rs","line_number":196}
{"timestamp":"2026-07-31T17:18:15.198989Z","level":"INFO","fields":{"message":"Retry strategy","max_attempts":5,"base_delay":"3s","no_retry_on_429":false},"filename":"D:\\a\\xet-core\\xet-core\\xet_client\\src\\cas_client\\retry_wrapper.rs","line_number":235}
{"timestamp":"2026-07-31T17:18:15.209703Z","level":"INFO","fields":{"message":"Received CAS response","request_id":"01KYWJY2KGC4KYP14G0J4J8Z18","status_code":206},"filename":"D:\\a\\xet-core\\xet-core\\xet_client\\src\\common\\http_client.rs","line_number":288}
{"timestamp":"2026-07-31T17:18:15.209717Z","level":"INFO","fields":{"message":"Request Success: s3::get_range api call succeeded (request id 01KYWJY2KGC4KYP14G0J4J8Z18)."},"filename":"D:\\a\\xet-core\\xet-core\\xet_client\\src\\cas_client\\retry_wrapper.rs","line_number":196}
{"timestamp":"2026-07-31T17:18:15.211349Z","level":"INFO","fields":{"message":"Received CAS response","request_id":"01KYWJY2JZ5G64R26WDQVKGQXK","status_code":206},"filename":"D:\\a\\xet-core\\xet-core\\xet_client\\src\\common\\http_client.rs","line_number":288}
{"timestamp":"2026-07-31T17:18:15.211357Z","level":"INFO","fields":{"message":"Request Success: s3::get_range api call succeeded (request id 01KYWJY2JZ5G64R26WDQVKGQXK)."},"filename":"D:\\a\\xet-core\\xet-core\\xet_client\\src\\cas_client\\retry_wrapper.rs","line_number":196}
{"timestamp":"2026-07-31T17:18:15.313405Z","level":"INFO","fields":{"message":"Retry strategy","max_attempts":5,"base_delay":"3s","no_retry_on_429":false},"filename":"D:\\a\\xet-core\\xet-core\\xet_client\\src\\cas_client\\retry_wrapper.rs","line_number":235}
{"timestamp":"2026-07-31T17:18:15.474689Z","level":"INFO","fields":{"message":"Retry strategy","max_attempts":5,"base_delay":"3s","no_retry_on_429":false},"filename":"D:\\a\\xet-core\\xet-core\\xet_client\\src\\cas_client\\retry_wrapper.rs","line_number":235}
{"timestamp":"2026-07-31T17:18:15.616853Z","level":"INFO","fields":{"message":"Received CAS response","request_id":"01KYWJY31R6C4X9KZKG31CBNSZ","status_code":206},"filename":"D:\\a\\xet-core\\xet-core\\xet_client\\src\\common\\http_client.rs","line_number":288}
{"timestamp":"2026-07-31T17:18:15.616874Z","level":"INFO","fields":{"message":"Request Success: s3::get_range api call succeeded (request id 01KYWJY31R6C4X9KZKG31CBNSZ)."},"filename":"D:\\a\\xet-core\\xet-core\\xet_client\\src\\cas_client\\retry_wrapper.rs","line_number":196}
{"timestamp":"2026-07-31T17:18:15.639201Z","level":"INFO","fields":{"message":"Received CAS response","request_id":"01KYWJY32B72AS29S73GSR65ZS","status_code":206},"filename":"D:\\a\\xet-core\\xet-core\\xet_client\\src\\common\\http_client.rs","line_number":288}
{"timestamp":"2026-07-31T17:18:15.639224Z","level":"INFO","fields":{"message":"Request Success: s3::get_range api call succeeded (request id 01KYWJY32B72AS29S73GSR65ZS)."},"filename":"D:\\a\\xet-core\\xet-core\\xet_client\\src\\cas_client\\retry_wrapper.rs","line_number":196}
{"timestamp":"2026-07-31T17:18:15.655341Z","level":"INFO","fields":{"message":"Retry strategy","max_attempts":5,"base_delay":"3s","no_retry_on_429":false},"filename":"D:\\a\\xet-core\\xet-core\\xet_client\\src\\cas_client\\retry_wrapper.rs","line_number":235}
{"timestamp":"2026-07-31T17:18:15.782377Z","level":"INFO","fields":{"message":"Received CAS response","request_id":"01KYWJY33QZCXAZC1N44XYSX24","status_code":206},"filename":"D:\\a\\xet-core\\xet-core\\xet_client\\src\\common\\http_client.rs","line_number":288}
{"timestamp":"2026-07-31T17:18:15.782405Z","level":"INFO","fields":{"message":"Request Success: s3::get_range api call succeeded (request id 01KYWJY33QZCXAZC1N44XYSX24)."},"filename":"D:\\a\\xet-core\\xet-core\\xet_client\\src\\cas_client\\retry_wrapper.rs","line_number":196}
{"timestamp":"2026-07-31T17:18:15.796434Z","level":"INFO","fields":{"message":"Retry strategy","max_attempts":5,"base_delay":"3s","no_retry_on_429":false},"filename":"D:\\a\\xet-core\\xet-core\\xet_client\\src\\cas_client\\retry_wrapper.rs","line_number":235}
{"timestamp":"2026-07-31T17:18:15.810829Z","level":"INFO","fields":{"message":"Retry strategy","max_attempts":5,"base_delay":"3s","no_retry_on_429":false},"filename":"D:\\a\\xet-core\\xet-core\\xet_client\\src\\cas_client\\retry_wrapper.rs","line_number":235}
{"timestamp":"2026-07-31T17:18:15.848852Z","level":"INFO","fields":{"message":"Received CAS response","request_id":"01KYWJY3956VN2ASTND2RFCWE2","status_code":206},"filename":"D:\\a\\xet-core\\xet-core\\xet_client\\src\\common\\http_client.rs","line_number":288}
{"timestamp":"2026-07-31T17:18:15.848871Z","level":"INFO","fields":{"message":"Request Success: s3::get_range api call succeeded (request id 01KYWJY3956VN2ASTND2RFCWE2)."},"filename":"D:\\a\\xet-core\\xet-core\\xet_client\\src\\cas_client\\retry_wrapper.rs","line_number":196}
{"timestamp":"2026-07-31T17:18:15.935475Z","level":"INFO","fields":{"message":"Retry strategy","max_attempts":5,"base_delay":"3s","no_retry_on_429":false},"filename":"D:\\a\\xet-core\\xet-core\\xet_client\\src\\cas_client\\retry_wrapper.rs","line_number":235}
{"timestamp":"2026-07-31T17:18:15.989285Z","level":"INFO","fields":{"message":"Received CAS response","request_id":"01KYWJY3DD3RY3X01E200BASTJ","status_code":206},"filename":"D:\\a\\xet-core\\xet-core\\xet_client\\src\\common\\http_client.rs","line_number":288}
{"timestamp":"2026-07-31T17:18:15.989307Z","level":"INFO","fields":{"message":"Request Success: s3::get_range api call succeeded (request id 01KYWJY3DD3RY3X01E200BASTJ)."},"filename":"D:\\a\\xet-core\\xet-core\\xet_client\\src\\cas_client\\retry_wrapper.rs","line_number":196}
{"timestamp":"2026-07-31T17:18:16.045904Z","level":"INFO","fields":{"message":"Received CAS response","request_id":"01KYWJY3EF1R5ETK2A1FDG6EJM","status_code":206},"filename":"D:\\a\\xet-core\\xet-core\\xet_client\\src\\common\\http_client.rs","line_number":288}
{"timestamp":"2026-07-31T17:18:16.045924Z","level":"INFO","fields":{"message":"Request Success: s3::get_range api call succeeded (request id 01KYWJY3EF1R5ETK2A1FDG6EJM)."},"filename":"D:\\a\\xet-core\\xet-core\\xet_client\\src\\cas_client\\retry_wrapper.rs","line_number":196}
{"timestamp":"2026-07-31T17:18:16.114666Z","level":"INFO","fields":{"message":"Retry strategy","max_attempts":5,"base_delay":"3s","no_retry_on_429":false},"filename":"D:\\a\\xet-core\\xet-core\\xet_client\\src\\cas_client\\retry_wrapper.rs","line_number":235}
{"timestamp":"2026-07-31T17:18:16.127817Z","level":"INFO","fields":{"message":"Received CAS response","request_id":"01KYWJY3H8WZ6JYMBHC6FQZPAY","status_code":206},"filename":"D:\\a\\xet-core\\xet-core\\xet_client\\src\\common\\http_client.rs","line_number":288}
{"timestamp":"2026-07-31T17:18:16.127829Z","level":"INFO","fields":{"message":"Request Success: s3::get_range api call succeeded (request id 01KYWJY3H8WZ6JYMBHC6FQZPAY)."},"filename":"D:\\a\\xet-core\\xet-core\\xet_client\\src\\cas_client\\retry_wrapper.rs","line_number":196}
{"timestamp":"2026-07-31T17:18:16.197359Z","level":"INFO","fields":{"message":"Retry strategy","max_attempts":5,"base_delay":"3s","no_retry_on_429":false},"filename":"D:\\a\\xet-core\\xet-core\\xet_client\\src\\cas_client\\retry_wrapper.rs","line_number":235}
{"timestamp":"2026-07-31T17:18:16.255660Z","level":"INFO","fields":{"message":"Retry strategy","max_attempts":5,"base_delay":"3s","no_retry_on_429":false},"filename":"D:\\a\\xet-core\\xet-core\\xet_client\\src\\cas_client\\retry_wrapper.rs","line_number":235}
{"timestamp":"2026-07-31T17:18:16.280614Z","level":"INFO","fields":{"message":"Received CAS response","request_id":"01KYWJY3PR7V9J01F3V8JKRX6X","status_code":206},"filename":"D:\\a\\xet-core\\xet-core\\xet_client\\src\\common\\http_client.rs","line_number":288}
{"timestamp":"2026-07-31T17:18:16.280634Z","level":"INFO","fields":{"message":"Request Success: s3::get_range api call succeeded (request id 01KYWJY3PR7V9J01F3V8JKRX6X)."},"filename":"D:\\a\\xet-core\\xet-core\\xet_client\\src\\cas_client\\retry_wrapper.rs","line_number":196}
{"timestamp":"2026-07-31T17:18:16.335931Z","level":"INFO","fields":{"message":"Retry strategy","max_attempts":5,"base_delay":"3s","no_retry_on_429":false},"filename":"D:\\a\\xet-core\\xet-core\\xet_client\\src\\cas_client\\retry_wrapper.rs","line_number":235}
{"timestamp":"2026-07-31T17:18:16.383060Z","level":"INFO","fields":{"message":"Received CAS response","request_id":"01KYWJY3STGT71HS1T431MP46G","status_code":206},"filename":"D:\\a\\xet-core\\xet-core\\xet_client\\src\\common\\http_client.rs","line_number":288}
{"timestamp":"2026-07-31T17:18:16.383080Z","level":"INFO","fields":{"message":"Request Success: s3::get_range api call succeeded (request id 01KYWJY3STGT71HS1T431MP46G)."},"filename":"D:\\a\\xet-core\\xet-core\\xet_client\\src\\cas_client\\retry_wrapper.rs","line_number":196}
{"timestamp":"2026-07-31T17:18:16.526586Z","level":"INFO","fields":{"message":"Retry strategy","max_attempts":5,"base_delay":"3s","no_retry_on_429":false},"filename":"D:\\a\\xet-core\\xet-core\\xet_client\\src\\cas_client\\retry_wrapper.rs","line_number":235}
{"timestamp":"2026-07-31T17:18:16.533021Z","level":"INFO","fields":{"message":"Received CAS response","request_id":"01KYWJY3VX795GMS8W2KHAHZGF","status_code":206},"filename":"D:\\a\\xet-core\\xet-core\\xet_client\\src\\common\\http_client.rs","line_number":288}
{"timestamp":"2026-07-31T17:18:16.533037Z","level":"INFO","fields":{"message":"Request Success: s3::get_range api call succeeded (request id 01KYWJY3VX795GMS8W2KHAHZGF)."},"filename":"D:\\a\\xet-core\\xet-core\\xet_client\\src\\cas_client\\retry_wrapper.rs","line_number":196}
{"timestamp":"2026-07-31T17:18:16.550198Z","level":"INFO","fields":{"message":"Received CAS response","request_id":"01KYWJY3Y53K30BPX9ECSEB8M1","status_code":206},"filename":"D:\\a\\xet-core\\xet-core\\xet_client\\src\\common\\http_client.rs","line_number":288}
{"timestamp":"2026-07-31T17:18:16.550220Z","level":"INFO","fields":{"message":"Request Success: s3::get_range api call succeeded (request id 01KYWJY3Y53K30BPX9ECSEB8M1)."},"filename":"D:\\a\\xet-core\\xet-core\\xet_client\\src\\cas_client\\retry_wrapper.rs","line_number":196}
{"timestamp":"2026-07-31T17:18:16.703438Z","level":"INFO","fields":{"message":"Retry strategy","max_attempts":5,"base_delay":"3s","no_retry_on_429":false},"filename":"D:\\a\\xet-core\\xet-core\\xet_client\\src\\cas_client\\retry_wrapper.rs","line_number":235}
{"timestamp":"2026-07-31T17:18:16.839242Z","level":"INFO","fields":{"message":"Received CAS response","request_id":"01KYWJY43XVJR93W7ZXVKGWY40","status_code":206},"filename":"D:\\a\\xet-core\\xet-core\\xet_client\\src\\common\\http_client.rs","line_number":288}
{"timestamp":"2026-07-31T17:18:16.839262Z","level":"INFO","fields":{"message":"Request Success: s3::get_range api call succeeded (request id 01KYWJY43XVJR93W7ZXVKGWY40)."},"filename":"D:\\a\\xet-core\\xet-core\\xet_client\\src\\cas_client\\retry_wrapper.rs","line_number":196}
{"timestamp":"2026-07-31T17:18:17.448426Z","level":"INFO","fields":{"message":"Received CAS response","request_id":"01KYWJY49XMVYNRXXHEXJQ8BDB","status_code":206},"filename":"D:\\a\\xet-core\\xet-core\\xet_client\\src\\common\\http_client.rs","line_number":288}
{"timestamp":"2026-07-31T17:18:17.448451Z","level":"INFO","fields":{"message":"Request Success: s3::get_range api call succeeded (request id 01KYWJY49XMVYNRXXHEXJQ8BDB)."},"filename":"D:\\a\\xet-core\\xet-core\\xet_client\\src\\cas_client\\retry_wrapper.rs","line_number":196}
{"timestamp":"2026-07-31T17:18:17.519169Z","level":"INFO","fields":{"message":"Retry strategy","max_attempts":5,"base_delay":"3s","no_retry_on_429":false},"filename":"D:\\a\\xet-core\\xet-core\\xet_client\\src\\cas_client\\retry_wrapper.rs","line_number":235}
{"timestamp":"2026-07-31T17:18:17.736561Z","level":"INFO","fields":{"message":"Retry strategy","max_attempts":5,"base_delay":"3s","no_retry_on_429":false},"filename":"D:\\a\\xet-core\\xet-core\\xet_client\\src\\cas_client\\retry_wrapper.rs","line_number":235}
{"timestamp":"2026-07-31T17:18:18.350105Z","level":"INFO","fields":{"message":"Received CAS response","request_id":"01KYWJY570R1XFFE9VG0F4QNHE","status_code":206},"filename":"D:\\a\\xet-core\\xet-core\\xet_client\\src\\common\\http_client.rs","line_number":288}
{"timestamp":"2026-07-31T17:18:18.350127Z","level":"INFO","fields":{"message":"Request Success: s3::get_range api call succeeded (request id 01KYWJY570R1XFFE9VG0F4QNHE)."},"filename":"D:\\a\\xet-core\\xet-core\\xet_client\\src\\cas_client\\retry_wrapper.rs","line_number":196}
{"timestamp":"2026-07-31T17:18:18.419287Z","level":"INFO","fields":{"message":"Retry strategy","max_attempts":5,"base_delay":"3s","no_retry_on_429":false},"filename":"D:\\a\\xet-core\\xet-core\\xet_client\\src\\cas_client\\retry_wrapper.rs","line_number":235}
{"timestamp":"2026-07-31T17:18:18.430583Z","level":"INFO","fields":{"message":"Received CAS response","request_id":"01KYWJY5CS9VS2B7CMZ2NP39F2","status_code":206},"filename":"D:\\a\\xet-core\\xet-core\\xet_client\\src\\common\\http_client.rs","line_number":288}
{"timestamp":"2026-07-31T17:18:18.430605Z","level":"INFO","fields":{"message":"Request Success: s3::get_range api call succeeded (request id 01KYWJY5CS9VS2B7CMZ2NP39F2)."},"filename":"D:\\a\\xet-core\\xet-core\\xet_client\\src\\cas_client\\retry_wrapper.rs","line_number":196}
{"timestamp":"2026-07-31T17:18:18.540380Z","level":"INFO","fields":{"message":"Retry strategy","max_attempts":5,"base_delay":"3s","no_retry_on_429":false},"filename":"D:\\a\\xet-core\\xet-core\\xet_client\\src\\cas_client\\retry_wrapper.rs","line_number":235}
{"timestamp":"2026-07-31T17:18:18.894265Z","level":"INFO","fields":{"message":"Received CAS response","request_id":"01KYWJY60E4101NQCXGZTF10G6","status_code":206},"filename":"D:\\a\\xet-core\\xet-core\\xet_client\\src\\common\\http_client.rs","line_number":288}
{"timestamp":"2026-07-31T17:18:18.894288Z","level":"INFO","fields":{"message":"Request Success: s3::get_range api call succeeded (request id 01KYWJY60E4101NQCXGZTF10G6)."},"filename":"D:\\a\\xet-core\\xet-core\\xet_client\\src\\cas_client\\retry_wrapper.rs","line_number":196}
{"timestamp":"2026-07-31T17:18:19.018456Z","level":"INFO","fields":{"message":"Retry strategy","max_attempts":5,"base_delay":"3s","no_retry_on_429":false},"filename":"D:\\a\\xet-core\\xet-core\\xet_client\\src\\cas_client\\retry_wrapper.rs","line_number":235}
{"timestamp":"2026-07-31T17:18:19.071572Z","level":"INFO","fields":{"message":"Received CAS response","request_id":"01KYWJY63WWRDMT06VXZ62D3FN","status_code":206},"filename":"D:\\a\\xet-core\\xet-core\\xet_client\\src\\common\\http_client.rs","line_number":288}
{"timestamp":"2026-07-31T17:18:19.071594Z","level":"INFO","fields":{"message":"Request Success: s3::get_range api call succeeded (request id 01KYWJY63WWRDMT06VXZ62D3FN)."},"filename":"D:\\a\\xet-core\\xet-core\\xet_client\\src\\cas_client\\retry_wrapper.rs","line_number":196}
{"timestamp":"2026-07-31T17:18:19.495954Z","level":"INFO","fields":{"message":"Received CAS response","request_id":"01KYWJY6HKY8A9FW2EJT77Q7ND","status_code":206},"filename":"D:\\a\\xet-core\\xet-core\\xet_client\\src\\common\\http_client.rs","line_number":288}
{"timestamp":"2026-07-31T17:18:19.495996Z","level":"INFO","fields":{"message":"Request Success: s3::get_range api call succeeded (request id 01KYWJY6HKY8A9FW2EJT77Q7ND)."},"filename":"D:\\a\\xet-core\\xet-core\\xet_client\\src\\cas_client\\retry_wrapper.rs","line_number":196}
{"timestamp":"2026-07-31T17:18:19.516060Z","level":"INFO","fields":{"message":"Retry strategy","max_attempts":5,"base_delay":"3s","no_retry_on_429":false},"filename":"D:\\a\\xet-core\\xet-core\\xet_client\\src\\cas_client\\retry_wrapper.rs","line_number":235}
{"timestamp":"2026-07-31T17:18:20.134774Z","level":"INFO","fields":{"message":"Retry strategy","max_attempts":5,"base_delay":"3s","no_retry_on_429":false},"filename":"D:\\a\\xet-core\\xet-core\\xet_client\\src\\cas_client\\retry_wrapper.rs","line_number":235}
{"timestamp":"2026-07-31T17:18:20.408024Z","level":"INFO","fields":{"message":"Received CAS response","request_id":"01KYWJY73VST0RMMJ4HNQJTNNM","status_code":206},"filename":"D:\\a\\xet-core\\xet-core\\xet_client\\src\\common\\http_client.rs","line_number":288}
{"timestamp":"2026-07-31T17:18:20.408043Z","level":"INFO","fields":{"message":"Request Success: s3::get_range api call succeeded (request id 01KYWJY73VST0RMMJ4HNQJTNNM)."},"filename":"D:\\a\\xet-core\\xet-core\\xet_client\\src\\cas_client\\retry_wrapper.rs","line_number":196}
{"timestamp":"2026-07-31T17:18:20.412967Z","level":"INFO","fields":{"message":"Retry strategy","max_attempts":5,"base_delay":"3s","no_retry_on_429":false},"filename":"D:\\a\\xet-core\\xet-core\\xet_client\\src\\cas_client\\retry_wrapper.rs","line_number":235}
{"timestamp":"2026-07-31T17:18:21.143410Z","level":"INFO","fields":{"message":"Received CAS response","request_id":"01KYWJY7QBR2N93E6ZJFJT8HDV","status_code":206},"filename":"D:\\a\\xet-core\\xet-core\\xet_client\\src\\common\\http_client.rs","line_number":288}
{"timestamp":"2026-07-31T17:18:21.143434Z","level":"INFO","fields":{"message":"Request Success: s3::get_range api call succeeded (request id 01KYWJY7QBR2N93E6ZJFJT8HDV)."},"filename":"D:\\a\\xet-core\\xet-core\\xet_client\\src\\cas_client\\retry_wrapper.rs","line_number":196}
{"timestamp":"2026-07-31T17:18:21.260608Z","level":"INFO","fields":{"message":"Received CAS response","request_id":"01KYWJY7Z16B3WWF3GC0BXDTP0","status_code":206},"filename":"D:\\a\\xet-core\\xet-core\\xet_client\\src\\common\\http_client.rs","line_number":288}
{"timestamp":"2026-07-31T17:18:21.260629Z","level":"INFO","fields":{"message":"Request Success: s3::get_range api call succeeded (request id 01KYWJY7Z16B3WWF3GC0BXDTP0)."},"filename":"D:\\a\\xet-core\\xet-core\\xet_client\\src\\cas_client\\retry_wrapper.rs","line_number":196}
{"timestamp":"2026-07-31T17:18:21.638038Z","level":"INFO","fields":{"message":"Retry strategy","max_attempts":5,"base_delay":"3s","no_retry_on_429":false},"filename":"D:\\a\\xet-core\\xet-core\\xet_client\\src\\cas_client\\retry_wrapper.rs","line_number":235}
{"timestamp":"2026-07-31T17:18:23.083675Z","level":"INFO","fields":{"message":"Received CAS response","request_id":"01KYWJY93CXB9V1MQ5P4KKDDKQ","status_code":206},"filename":"D:\\a\\xet-core\\xet-core\\xet_client\\src\\common\\http_client.rs","line_number":288}
{"timestamp":"2026-07-31T17:18:23.083699Z","level":"INFO","fields":{"message":"Request Success: s3::get_range api call succeeded (request id 01KYWJY93CXB9V1MQ5P4KKDDKQ)."},"filename":"D:\\a\\xet-core\\xet-core\\xet_client\\src\\cas_client\\retry_wrapper.rs","line_number":196}
{"timestamp":"2026-07-31T17:18:23.621805Z","level":"INFO","fields":{"message":"Retry strategy","max_attempts":5,"base_delay":"3s","no_retry_on_429":false},"filename":"D:\\a\\xet-core\\xet-core\\xet_client\\src\\cas_client\\retry_wrapper.rs","line_number":235}
{"timestamp":"2026-07-31T17:18:24.578371Z","level":"INFO","fields":{"message":"Retry strategy","max_attempts":5,"base_delay":"3s","no_retry_on_429":false},"filename":"D:\\a\\xet-core\\xet-core\\xet_client\\src\\cas_client\\retry_wrapper.rs","line_number":235}
{"timestamp":"2026-07-31T17:18:25.041956Z","level":"INFO","fields":{"message":"Concurrency control for download: Current concurrency = 4; predicted bandwidth = 482423; success_ratio = 1.000; reference_size = 1.0MB; observed bytes sent so far = 18791584; completed transmissions = 143"},"filename":"D:\\a\\xet-core\\xet-core\\xet_client\\src\\cas_client\\adaptive_concurrency\\controller.rs","line_number":597}
{"timestamp":"2026-07-31T17:18:25.132005Z","level":"INFO","fields":{"message":"Received CAS response","request_id":"01KYWJYB1XKJHZ16GVCSGTW8H0","status_code":206},"filename":"D:\\a\\xet-core\\xet-core\\xet_client\\src\\common\\http_client.rs","line_number":288}
{"timestamp":"2026-07-31T17:18:25.132028Z","level":"INFO","fields":{"message":"Request Success: s3::get_range api call succeeded (request id 01KYWJYB1XKJHZ16GVCSGTW8H0)."},"filename":"D:\\a\\xet-core\\xet-core\\xet_client\\src\\cas_client\\retry_wrapper.rs","line_number":196}
{"timestamp":"2026-07-31T17:18:25.185571Z","level":"INFO","fields":{"message":"Retry strategy","max_attempts":5,"base_delay":"3s","no_retry_on_429":false},"filename":"D:\\a\\xet-core\\xet-core\\xet_client\\src\\cas_client\\retry_wrapper.rs","line_number":235}
{"timestamp":"2026-07-31T17:18:28.297943Z","level":"INFO","fields":{"message":"Received CAS response","request_id":"01KYWJYC71RJAT6E66S96QSC8P","status_code":206},"filename":"D:\\a\\xet-core\\xet-core\\xet_client\\src\\common\\http_client.rs","line_number":288}
{"timestamp":"2026-07-31T17:18:28.297967Z","level":"INFO","fields":{"message":"Request Success: s3::get_range api call succeeded (request id 01KYWJYC71RJAT6E66S96QSC8P)."},"filename":"D:\\a\\xet-core\\xet-core\\xet_client\\src\\cas_client\\retry_wrapper.rs","line_number":196}
{"timestamp":"2026-07-31T17:18:28.681123Z","level":"INFO","fields":{"message":"Received CAS response","request_id":"01KYWJYCJDA9X542E1VJVVR4JT","status_code":206},"filename":"D:\\a\\xet-core\\xet-core\\xet_client\\src\\common\\http_client.rs","line_number":288}
{"timestamp":"2026-07-31T17:18:28.681143Z","level":"INFO","fields":{"message":"Request Success: s3::get_range api call succeeded (request id 01KYWJYCJDA9X542E1VJVVR4JT)."},"filename":"D:\\a\\xet-core\\xet-core\\xet_client\\src\\cas_client\\retry_wrapper.rs","line_number":196}
{"timestamp":"2026-07-31T17:18:29.112619Z","level":"INFO","fields":{"message":"Retry strategy","max_attempts":5,"base_delay":"3s","no_retry_on_429":false},"filename":"D:\\a\\xet-core\\xet-core\\xet_client\\src\\cas_client\\retry_wrapper.rs","line_number":235}
{"timestamp":"2026-07-31T17:18:29.243403Z","level":"INFO","fields":{"message":"Retry strategy","max_attempts":5,"base_delay":"3s","no_retry_on_429":false},"filename":"D:\\a\\xet-core\\xet-core\\xet_client\\src\\cas_client\\retry_wrapper.rs","line_number":235}
{"timestamp":"2026-07-31T17:18:30.088031Z","level":"INFO","fields":{"message":"Received CAS response","request_id":"01KYWJYGD7RF489CDZ01CQGXGX","status_code":206},"filename":"D:\\a\\xet-core\\xet-core\\xet_client\\src\\common\\http_client.rs","line_number":288}
{"timestamp":"2026-07-31T17:18:30.088122Z","level":"INFO","fields":{"message":"Request Success: s3::get_range api call succeeded (request id 01KYWJYGD7RF489CDZ01CQGXGX)."},"filename":"D:\\a\\xet-core\\xet-core\\xet_client\\src\\cas_client\\retry_wrapper.rs","line_number":196}
{"timestamp":"2026-07-31T17:18:30.106940Z","level":"INFO","fields":{"message":"Concurrency control for download: Increased concurrency from 4 to 5; reason: success ratio 1.000 is above threshold 0.800 and predicted RTT for 0MB at new concurrency is 13.30s < target 60.0s"},"filename":"D:\\a\\xet-core\\xet-core\\xet_client\\src\\cas_client\\adaptive_concurrency\\controller.rs","line_number":543}
{"timestamp":"2026-07-31T17:18:30.107001Z","level":"INFO","fields":{"message":"Retry strategy","max_attempts":5,"base_delay":"3s","no_retry_on_429":false},"filename":"D:\\a\\xet-core\\xet-core\\xet_client\\src\\cas_client\\retry_wrapper.rs","line_number":235}
