{"timestamp":"2026-07-31T15:05:12.655659Z","level":"INFO","fields":{"message":"python/3.14.2; huggingface_hub/1.17.0; hf_xet/1.5.0; , xet-core revision 6ed5a00-modified"},"filename":"D:\\a\\xet-core\\xet-core\\xet_runtime\\src\\logging\\init.rs","line_number":65}
{"timestamp":"2026-07-31T15:05:12.655705Z","level":"INFO","fields":{"message":"hf_xet logging configured."},"filename":"src\\logging.rs","line_number":36}
{"timestamp":"2026-07-31T15:05:12.975950Z","level":"INFO","fields":{"message":"Config: min_spacing_between_global_dedup_queries = 256 (default)"},"filename":"D:\\a\\xet-core\\xet-core\\xet_runtime\\src\\utils\\configuration_utils.rs","line_number":53}
{"timestamp":"2026-07-31T15:05:12.975992Z","level":"INFO","fields":{"message":"Config: local_cas_scheme = \"local://\" (default)"},"filename":"D:\\a\\xet-core\\xet-core\\xet_runtime\\src\\utils\\configuration_utils.rs","line_number":53}
{"timestamp":"2026-07-31T15:05:12.976006Z","level":"INFO","fields":{"message":"Config: max_concurrent_file_ingestion = 8 (default)"},"filename":"D:\\a\\xet-core\\xet-core\\xet_runtime\\src\\utils\\configuration_utils.rs","line_number":53}
{"timestamp":"2026-07-31T15:05:12.976011Z","level":"INFO","fields":{"message":"Config: max_concurrent_file_downloads = 8 (default)"},"filename":"D:\\a\\xet-core\\xet-core\\xet_runtime\\src\\utils\\configuration_utils.rs","line_number":53}
{"timestamp":"2026-07-31T15:05:12.976017Z","level":"INFO","fields":{"message":"Config: ingestion_block_size = 8MB (default)"},"filename":"D:\\a\\xet-core\\xet-core\\xet_runtime\\src\\utils\\configuration_utils.rs","line_number":53}
{"timestamp":"2026-07-31T15:05:12.976025Z","level":"INFO","fields":{"message":"Config: progress_update_interval = 200ms (default)"},"filename":"D:\\a\\xet-core\\xet-core\\xet_runtime\\src\\utils\\configuration_utils.rs","line_number":53}
{"timestamp":"2026-07-31T15:05:12.976036Z","level":"INFO","fields":{"message":"Config: progress_update_speed_sampling_window = 10s (default)"},"filename":"D:\\a\\xet-core\\xet-core\\xet_runtime\\src\\utils\\configuration_utils.rs","line_number":53}
{"timestamp":"2026-07-31T15:05:12.976041Z","level":"INFO","fields":{"message":"Config: progress_update_speed_min_observations = 4 (default)"},"filename":"D:\\a\\xet-core\\xet-core\\xet_runtime\\src\\utils\\configuration_utils.rs","line_number":53}
{"timestamp":"2026-07-31T15:05:12.976047Z","level":"INFO","fields":{"message":"Config: session_xorb_metadata_flush_interval = 20s (default)"},"filename":"D:\\a\\xet-core\\xet-core\\xet_runtime\\src\\utils\\configuration_utils.rs","line_number":53}
{"timestamp":"2026-07-31T15:05:12.976052Z","level":"INFO","fields":{"message":"Config: session_xorb_metadata_flush_max_count = 64 (default)"},"filename":"D:\\a\\xet-core\\xet-core\\xet_runtime\\src\\utils\\configuration_utils.rs","line_number":53}
{"timestamp":"2026-07-31T15:05:12.976056Z","level":"INFO","fields":{"message":"Config: default_cas_endpoint = \"http://localhost:8080\" (default)"},"filename":"D:\\a\\xet-core\\xet-core\\xet_runtime\\src\\utils\\configuration_utils.rs","line_number":53}
{"timestamp":"2026-07-31T15:05:12.976059Z","level":"INFO","fields":{"message":"Config: aggregate_progress = true (default)"},"filename":"D:\\a\\xet-core\\xet-core\\xet_runtime\\src\\utils\\configuration_utils.rs","line_number":53}
{"timestamp":"2026-07-31T15:05:12.976064Z","level":"INFO","fields":{"message":"Config: default_prefix = \"default\" (default)"},"filename":"D:\\a\\xet-core\\xet-core\\xet_runtime\\src\\utils\\configuration_utils.rs","line_number":53}
{"timestamp":"2026-07-31T15:05:12.976068Z","level":"INFO","fields":{"message":"Config: staging_subdir = \"staging\" (default)"},"filename":"D:\\a\\xet-core\\xet-core\\xet_runtime\\src\\utils\\configuration_utils.rs","line_number":53}
{"timestamp":"2026-07-31T15:05:12.976072Z","level":"INFO","fields":{"message":"Config: target_size = 67108864 (default)"},"filename":"D:\\a\\xet-core\\xet-core\\xet_runtime\\src\\utils\\configuration_utils.rs","line_number":53}
{"timestamp":"2026-07-31T15:05:12.976077Z","level":"INFO","fields":{"message":"Config: max_target_size = 67108864 (default)"},"filename":"D:\\a\\xet-core\\xet-core\\xet_runtime\\src\\utils\\configuration_utils.rs","line_number":53}
{"timestamp":"2026-07-31T15:05:12.976082Z","level":"INFO","fields":{"message":"Config: cache_size_limit = 16GB (default)"},"filename":"D:\\a\\xet-core\\xet-core\\xet_runtime\\src\\utils\\configuration_utils.rs","line_number":53}
{"timestamp":"2026-07-31T15:05:12.976087Z","level":"INFO","fields":{"message":"Config: chunk_index_table_max_size = 67108864 (default)"},"filename":"D:\\a\\xet-core\\xet-core\\xet_runtime\\src\\utils\\configuration_utils.rs","line_number":53}
{"timestamp":"2026-07-31T15:05:12.976091Z","level":"INFO","fields":{"message":"Config: cache_subdir = \"shard-cache\" (default)"},"filename":"D:\\a\\xet-core\\xet-core\\xet_runtime\\src\\utils\\configuration_utils.rs","line_number":53}
{"timestamp":"2026-07-31T15:05:12.976096Z","level":"INFO","fields":{"message":"Config: nranges_in_streaming_fragmentation_estimator = 128 (default)"},"filename":"D:\\a\\xet-core\\xet-core\\xet_runtime\\src\\utils\\configuration_utils.rs","line_number":53}
{"timestamp":"2026-07-31T15:05:12.976101Z","level":"INFO","fields":{"message":"Config: min_n_chunks_per_range_hysteresis_factor = 0.5 (default)"},"filename":"D:\\a\\xet-core\\xet-core\\xet_runtime\\src\\utils\\configuration_utils.rs","line_number":53}
{"timestamp":"2026-07-31T15:05:12.976138Z","level":"INFO","fields":{"message":"Config: min_n_chunks_per_range = 8.0 (default)"},"filename":"D:\\a\\xet-core\\xet-core\\xet_runtime\\src\\utils\\configuration_utils.rs","line_number":53}
{"timestamp":"2026-07-31T15:05:12.976145Z","level":"INFO","fields":{"message":"Config: global_dedup_query_enabled = true (default)"},"filename":"D:\\a\\xet-core\\xet-core\\xet_runtime\\src\\utils\\configuration_utils.rs","line_number":53}
{"timestamp":"2026-07-31T15:05:12.976148Z","level":"INFO","fields":{"message":"Config: size_bytes = 0 (default)"},"filename":"D:\\a\\xet-core\\xet-core\\xet_runtime\\src\\utils\\configuration_utils.rs","line_number":53}
{"timestamp":"2026-07-31T15:05:12.976155Z","level":"INFO","fields":{"message":"Config: retry_max_attempts = 5 (default)"},"filename":"D:\\a\\xet-core\\xet-core\\xet_runtime\\src\\utils\\configuration_utils.rs","line_number":53}
{"timestamp":"2026-07-31T15:05:12.976161Z","level":"INFO","fields":{"message":"Config: retry_base_delay = 3s (default)"},"filename":"D:\\a\\xet-core\\xet-core\\xet_runtime\\src\\utils\\configuration_utils.rs","line_number":53}
{"timestamp":"2026-07-31T15:05:12.976165Z","level":"INFO","fields":{"message":"Config: retry_max_duration = 360s (default)"},"filename":"D:\\a\\xet-core\\xet-core\\xet_runtime\\src\\utils\\configuration_utils.rs","line_number":53}
{"timestamp":"2026-07-31T15:05:12.976168Z","level":"INFO","fields":{"message":"Config: idle_connection_timeout = 60s (default)"},"filename":"D:\\a\\xet-core\\xet-core\\xet_runtime\\src\\utils\\configuration_utils.rs","line_number":53}
{"timestamp":"2026-07-31T15:05:12.976172Z","level":"INFO","fields":{"message":"Config: max_idle_connections = 16 (default)"},"filename":"D:\\a\\xet-core\\xet-core\\xet_runtime\\src\\utils\\configuration_utils.rs","line_number":53}
{"timestamp":"2026-07-31T15:05:12.976180Z","level":"INFO","fields":{"message":"Config: connect_timeout = 60s (default)"},"filename":"D:\\a\\xet-core\\xet-core\\xet_runtime\\src\\utils\\configuration_utils.rs","line_number":53}
{"timestamp":"2026-07-31T15:05:12.976184Z","level":"INFO","fields":{"message":"Config: read_timeout = 120s (default)"},"filename":"D:\\a\\xet-core\\xet-core\\xet_runtime\\src\\utils\\configuration_utils.rs","line_number":53}
{"timestamp":"2026-07-31T15:05:12.976188Z","level":"INFO","fields":{"message":"Config: upload_reporting_block_size = 524288 (default)"},"filename":"D:\\a\\xet-core\\xet-core\\xet_runtime\\src\\utils\\configuration_utils.rs","line_number":53}
{"timestamp":"2026-07-31T15:05:12.976192Z","level":"INFO","fields":{"message":"Config: enable_adaptive_concurrency = true (default)"},"filename":"D:\\a\\xet-core\\xet-core\\xet_runtime\\src\\utils\\configuration_utils.rs","line_number":53}
{"timestamp":"2026-07-31T15:05:12.976196Z","level":"INFO","fields":{"message":"Config: ac_min_adjustment_window_ms = 500 (default)"},"filename":"D:\\a\\xet-core\\xet-core\\xet_runtime\\src\\utils\\configuration_utils.rs","line_number":53}
{"timestamp":"2026-07-31T15:05:12.976202Z","level":"INFO","fields":{"message":"Config: ac_min_bytes_required_for_adjustment = 20MB (default)"},"filename":"D:\\a\\xet-core\\xet-core\\xet_runtime\\src\\utils\\configuration_utils.rs","line_number":53}
{"timestamp":"2026-07-31T15:05:12.976208Z","level":"INFO","fields":{"message":"Config: ac_num_transmissions_required_for_adjustment = 1 (default)"},"filename":"D:\\a\\xet-core\\xet-core\\xet_runtime\\src\\utils\\configuration_utils.rs","line_number":53}
{"timestamp":"2026-07-31T15:05:12.976213Z","level":"INFO","fields":{"message":"Config: ac_latency_rtt_half_life = 64.0 (default)"},"filename":"D:\\a\\xet-core\\xet-core\\xet_runtime\\src\\utils\\configuration_utils.rs","line_number":53}
{"timestamp":"2026-07-31T15:05:12.976218Z","level":"INFO","fields":{"message":"Config: ac_success_tracking_half_life = 8.0 (default)"},"filename":"D:\\a\\xet-core\\xet-core\\xet_runtime\\src\\utils\\configuration_utils.rs","line_number":53}
{"timestamp":"2026-07-31T15:05:12.976224Z","level":"INFO","fields":{"message":"Config: ac_target_rtt = 60s (default)"},"filename":"D:\\a\\xet-core\\xet-core\\xet_runtime\\src\\utils\\configuration_utils.rs","line_number":53}
{"timestamp":"2026-07-31T15:05:12.976229Z","level":"INFO","fields":{"message":"Config: ac_max_healthy_rtt = 90s (default)"},"filename":"D:\\a\\xet-core\\xet-core\\xet_runtime\\src\\utils\\configuration_utils.rs","line_number":53}
{"timestamp":"2026-07-31T15:05:12.976237Z","level":"INFO","fields":{"message":"Config: ac_rtt_success_max_quantile = 0.95 (default)"},"filename":"D:\\a\\xet-core\\xet-core\\xet_runtime\\src\\utils\\configuration_utils.rs","line_number":53}
{"timestamp":"2026-07-31T15:05:12.976243Z","level":"INFO","fields":{"message":"Config: ac_healthy_success_ratio_threshold = 0.8 (default)"},"filename":"D:\\a\\xet-core\\xet-core\\xet_runtime\\src\\utils\\configuration_utils.rs","line_number":53}
{"timestamp":"2026-07-31T15:05:12.976246Z","level":"INFO","fields":{"message":"Config: ac_unhealthy_success_ratio_threshold = 0.5 (default)"},"filename":"D:\\a\\xet-core\\xet-core\\xet_runtime\\src\\utils\\configuration_utils.rs","line_number":53}
{"timestamp":"2026-07-31T15:05:12.976252Z","level":"INFO","fields":{"message":"Config: ac_max_reference_transmission_size = 64MB (default)"},"filename":"D:\\a\\xet-core\\xet-core\\xet_runtime\\src\\utils\\configuration_utils.rs","line_number":53}
{"timestamp":"2026-07-31T15:05:12.976257Z","level":"INFO","fields":{"message":"Config: ac_min_reference_transmission_size = 1MB (default)"},"filename":"D:\\a\\xet-core\\xet-core\\xet_runtime\\src\\utils\\configuration_utils.rs","line_number":53}
{"timestamp":"2026-07-31T15:05:12.976261Z","level":"INFO","fields":{"message":"Config: ac_logging_interval_ms = 10000 (default)"},"filename":"D:\\a\\xet-core\\xet-core\\xet_runtime\\src\\utils\\configuration_utils.rs","line_number":53}
{"timestamp":"2026-07-31T15:05:12.976265Z","level":"INFO","fields":{"message":"Config: ac_max_upload_concurrency = 64 (default)"},"filename":"D:\\a\\xet-core\\xet-core\\xet_runtime\\src\\utils\\configuration_utils.rs","line_number":53}
{"timestamp":"2026-07-31T15:05:12.976269Z","level":"INFO","fields":{"message":"Config: ac_min_upload_concurrency = 1 (default)"},"filename":"D:\\a\\xet-core\\xet-core\\xet_runtime\\src\\utils\\configuration_utils.rs","line_number":53}
{"timestamp":"2026-07-31T15:05:12.976273Z","level":"INFO","fields":{"message":"Config: ac_initial_upload_concurrency = 2 (default)"},"filename":"D:\\a\\xet-core\\xet-core\\xet_runtime\\src\\utils\\configuration_utils.rs","line_number":53}
{"timestamp":"2026-07-31T15:05:12.976278Z","level":"INFO","fields":{"message":"Config: ac_max_download_concurrency = 64 (default)"},"filename":"D:\\a\\xet-core\\xet-core\\xet_runtime\\src\\utils\\configuration_utils.rs","line_number":53}
{"timestamp":"2026-07-31T15:05:12.976282Z","level":"INFO","fields":{"message":"Config: ac_min_download_concurrency = 1 (default)"},"filename":"D:\\a\\xet-core\\xet-core\\xet_runtime\\src\\utils\\configuration_utils.rs","line_number":53}
{"timestamp":"2026-07-31T15:05:12.976287Z","level":"INFO","fields":{"message":"Config: ac_initial_download_concurrency = 4 (default)"},"filename":"D:\\a\\xet-core\\xet-core\\xet_runtime\\src\\utils\\configuration_utils.rs","line_number":53}
{"timestamp":"2026-07-31T15:05:12.976290Z","level":"INFO","fields":{"message":"Config: unix_socket_path = None (default)"},"filename":"D:\\a\\xet-core\\xet-core\\xet_runtime\\src\\utils\\configuration_utils.rs","line_number":53}
{"timestamp":"2026-07-31T15:05:12.976294Z","level":"INFO","fields":{"message":"Config: reconstruction_api_version = None (default)"},"filename":"D:\\a\\xet-core\\xet-core\\xet_runtime\\src\\utils\\configuration_utils.rs","line_number":53}
{"timestamp":"2026-07-31T15:05:12.976308Z","level":"INFO","fields":{"message":"Config: enable_multirange_fetching = false (default)"},"filename":"D:\\a\\xet-core\\xet-core\\xet_runtime\\src\\utils\\configuration_utils.rs","line_number":53}
{"timestamp":"2026-07-31T15:05:12.976314Z","level":"INFO","fields":{"message":"Config: dest = None (default)"},"filename":"D:\\a\\xet-core\\xet-core\\xet_runtime\\src\\utils\\configuration_utils.rs","line_number":53}
{"timestamp":"2026-07-31T15:05:12.976318Z","level":"INFO","fields":{"message":"Config: format = None (default)"},"filename":"D:\\a\\xet-core\\xet-core\\xet_runtime\\src\\utils\\configuration_utils.rs","line_number":53}
{"timestamp":"2026-07-31T15:05:12.976322Z","level":"INFO","fields":{"message":"Config: prefix = \"xet\" (default)"},"filename":"D:\\a\\xet-core\\xet-core\\xet_runtime\\src\\utils\\configuration_utils.rs","line_number":53}
{"timestamp":"2026-07-31T15:05:12.976325Z","level":"INFO","fields":{"message":"Config: dir_disable_cleanup = false (default)"},"filename":"D:\\a\\xet-core\\xet-core\\xet_runtime\\src\\utils\\configuration_utils.rs","line_number":53}
{"timestamp":"2026-07-31T15:05:12.976329Z","level":"INFO","fields":{"message":"Config: dir_max_size = 250MB (default)"},"filename":"D:\\a\\xet-core\\xet-core\\xet_runtime\\src\\utils\\configuration_utils.rs","line_number":53}
{"timestamp":"2026-07-31T15:05:12.976333Z","level":"INFO","fields":{"message":"Config: dir_min_deletion_age = 86400s (default)"},"filename":"D:\\a\\xet-core\\xet-core\\xet_runtime\\src\\utils\\configuration_utils.rs","line_number":53}
{"timestamp":"2026-07-31T15:05:12.976337Z","level":"INFO","fields":{"message":"Config: dir_max_retention_age = 1209600s (default)"},"filename":"D:\\a\\xet-core\\xet-core\\xet_runtime\\src\\utils\\configuration_utils.rs","line_number":53}
{"timestamp":"2026-07-31T15:05:12.976341Z","level":"INFO","fields":{"message":"Config: min_reconstruction_fetch_size = 256MB (default)"},"filename":"D:\\a\\xet-core\\xet-core\\xet_runtime\\src\\utils\\configuration_utils.rs","line_number":53}
{"timestamp":"2026-07-31T15:05:12.976347Z","level":"INFO","fields":{"message":"Config: max_reconstruction_fetch_size = 8GB (default)"},"filename":"D:\\a\\xet-core\\xet-core\\xet_runtime\\src\\utils\\configuration_utils.rs","line_number":53}
{"timestamp":"2026-07-31T15:05:12.976352Z","level":"INFO","fields":{"message":"Config: download_buffer_size = 2GB (default)"},"filename":"D:\\a\\xet-core\\xet-core\\xet_runtime\\src\\utils\\configuration_utils.rs","line_number":53}
{"timestamp":"2026-07-31T15:05:12.976356Z","level":"INFO","fields":{"message":"Config: download_buffer_perfile_size = 512MB (default)"},"filename":"D:\\a\\xet-core\\xet-core\\xet_runtime\\src\\utils\\configuration_utils.rs","line_number":53}
{"timestamp":"2026-07-31T15:05:12.976360Z","level":"INFO","fields":{"message":"Config: download_buffer_limit = 8GB (default)"},"filename":"D:\\a\\xet-core\\xet-core\\xet_runtime\\src\\utils\\configuration_utils.rs","line_number":53}
{"timestamp":"2026-07-31T15:05:12.976364Z","level":"INFO","fields":{"message":"Config: completion_rate_estimator_half_life = 4.0 (default)"},"filename":"D:\\a\\xet-core\\xet-core\\xet_runtime\\src\\utils\\configuration_utils.rs","line_number":53}
{"timestamp":"2026-07-31T15:05:12.976368Z","level":"INFO","fields":{"message":"Config: target_block_completion_time = 900s (default)"},"filename":"D:\\a\\xet-core\\xet-core\\xet_runtime\\src\\utils\\configuration_utils.rs","line_number":53}
{"timestamp":"2026-07-31T15:05:12.976373Z","level":"INFO","fields":{"message":"Config: min_prefetch_buffer = 1GB (default)"},"filename":"D:\\a\\xet-core\\xet-core\\xet_runtime\\src\\utils\\configuration_utils.rs","line_number":53}
{"timestamp":"2026-07-31T15:05:12.976376Z","level":"INFO","fields":{"message":"Config: use_vectored_write = true (default)"},"filename":"D:\\a\\xet-core\\xet-core\\xet_runtime\\src\\utils\\configuration_utils.rs","line_number":53}
{"timestamp":"2026-07-31T15:05:12.976381Z","level":"INFO","fields":{"message":"Config: compression_scheme_retest_interval = 32 (default)"},"filename":"D:\\a\\xet-core\\xet-core\\xet_runtime\\src\\utils\\configuration_utils.rs","line_number":53}
{"timestamp":"2026-07-31T15:05:12.976395Z","level":"INFO","fields":{"message":"Config: compression_policy = \"auto\" (default)"},"filename":"D:\\a\\xet-core\\xet-core\\xet_runtime\\src\\utils\\config_enum.rs","line_number":174}
{"timestamp":"2026-07-31T15:05:12.976401Z","level":"INFO","fields":{"message":"Config: simulation_max_bytes = None (default)"},"filename":"D:\\a\\xet-core\\xet-core\\xet_runtime\\src\\utils\\configuration_utils.rs","line_number":53}
{"timestamp":"2026-07-31T15:05:12.976405Z","level":"INFO","fields":{"message":"Config: simulation_max_chunks = None (default)"},"filename":"D:\\a\\xet-core\\xet-core\\xet_runtime\\src\\utils\\configuration_utils.rs","line_number":53}
{"timestamp":"2026-07-31T15:05:12.976409Z","level":"INFO","fields":{"message":"Config: dir_name = \"shard-session\" (default)"},"filename":"D:\\a\\xet-core\\xet-core\\xet_runtime\\src\\utils\\configuration_utils.rs","line_number":53}
{"timestamp":"2026-07-31T15:05:12.976412Z","level":"INFO","fields":{"message":"Config: enabled = false (default)"},"filename":"D:\\a\\xet-core\\xet-core\\xet_runtime\\src\\utils\\configuration_utils.rs","line_number":53}
{"timestamp":"2026-07-31T15:05:12.976416Z","level":"INFO","fields":{"message":"Config: sample_interval = 5s (default)"},"filename":"D:\\a\\xet-core\\xet-core\\xet_runtime\\src\\utils\\configuration_utils.rs","line_number":53}
{"timestamp":"2026-07-31T15:05:12.976420Z","level":"INFO","fields":{"message":"Config: log_path = None (default)"},"filename":"D:\\a\\xet-core\\xet-core\\xet_runtime\\src\\utils\\configuration_utils.rs","line_number":53}
{"timestamp":"2026-07-31T15:05:12.976468Z","level":"INFO","fields":{"message":"Using 12 async threads for tokio runtime"},"filename":"D:\\a\\xet-core\\xet-core\\xet_runtime\\src\\core\\runtime.rs","line_number":70}
{"timestamp":"2026-07-31T15:05:12.979716Z","level":"INFO","fields":{"message":"TranslatorConfig initialized","endpoint":"https://cas-server.xethub.hf.co","session_id":"Some(\"019fb8b5-3c13-7a23-acff-e0be6bd45483\")","shard_cache":"M:\\MCHINE LERNING\\Project one\\models\\xet\\https___cas_serv-tGqkUaZf_CBPHQ6h\\shard-cache","shard_session":"M:\\MCHINE LERNING\\Project one\\models\\xet\\https___cas_serv-tGqkUaZf_CBPHQ6h\\staging\\shard-session"},"filename":"D:\\a\\xet-core\\xet-core\\xet_data\\src\\processing\\configurations.rs","line_number":115,"span":{"num_files":1,"name":"data_client::download"},"spans":[{"num_files":1,"name":"data_client::download"}]}
{"timestamp":"2026-07-31T15:05:12.980071Z","level":"INFO","fields":{"message":"HTTP client configured","idle_timeout":"60s","max_idle_connections":16,"custom_headers":"Some({\"user-agent\": \"unknown/None; hf_hub/1.17.0; python/3.14.2; torch/2.12.0; agent/unknown; transformers/5.9.0; session_id/28f5669c40e14f7489e3d580540954fa; file_type/model; framework/pytorch; from_auto_class/False; hf_xet/1.5.0\"})"},"filename":"D:\\a\\xet-core\\xet-core\\xet_client\\src\\common\\http_client.rs","line_number":187,"span":{"num_files":1,"session_id":"019fb8b5-3c13-7a23-acff-e0be6bd45483","name":"data_client::download"},"spans":[{"num_files":1,"session_id":"019fb8b5-3c13-7a23-acff-e0be6bd45483","name":"data_client::download"}]}
{"timestamp":"2026-07-31T15:05:12.980110Z","level":"INFO","fields":{"message":"CAS auth disabled","caller":"D:\\a\\xet-core\\xet-core\\xet_client\\src\\common\\http_client.rs:166"},"filename":"D:\\a\\xet-core\\xet-core\\xet_runtime\\src\\error_printer\\mod.rs","line_number":198,"span":{"num_files":1,"session_id":"019fb8b5-3c13-7a23-acff-e0be6bd45483","name":"data_client::download"},"spans":[{"num_files":1,"session_id":"019fb8b5-3c13-7a23-acff-e0be6bd45483","name":"data_client::download"}]}
{"timestamp":"2026-07-31T15:05:12.980122Z","level":"INFO","fields":{"message":"HTTP client configured","idle_timeout":"60s","max_idle_connections":16,"custom_headers":"Some({\"user-agent\": \"unknown/None; hf_hub/1.17.0; python/3.14.2; torch/2.12.0; agent/unknown; transformers/5.9.0; session_id/28f5669c40e14f7489e3d580540954fa; file_type/model; framework/pytorch; from_auto_class/False; hf_xet/1.5.0\"})"},"filename":"D:\\a\\xet-core\\xet-core\\xet_client\\src\\common\\http_client.rs","line_number":187,"span":{"num_files":1,"session_id":"019fb8b5-3c13-7a23-acff-e0be6bd45483","name":"data_client::download"},"spans":[{"num_files":1,"session_id":"019fb8b5-3c13-7a23-acff-e0be6bd45483","name":"data_client::download"}]}
{"timestamp":"2026-07-31T15:05:12.980155Z","level":"INFO","fields":{"message":"No-read-timeout HTTP client configured (for shard uploads)","connect_timeout":"60s"},"filename":"D:\\a\\xet-core\\xet-core\\xet_client\\src\\common\\http_client.rs","line_number":136,"span":{"num_files":1,"session_id":"019fb8b5-3c13-7a23-acff-e0be6bd45483","name":"data_client::download"},"spans":[{"num_files":1,"session_id":"019fb8b5-3c13-7a23-acff-e0be6bd45483","name":"data_client::download"}]}
{"timestamp":"2026-07-31T15:05:12.980167Z","level":"INFO","fields":{"message":"Initializing Adaptive Concurrency Controller for upload with starting concurrency = 2; min = 1, max = 64, min_bytes_for_adjustment = 20000000, min_completed_transmissions_for_adjustment = 1"},"filename":"D:\\a\\xet-core\\xet-core\\xet_client\\src\\cas_client\\adaptive_concurrency\\controller.rs","line_number":301,"span":{"num_files":1,"session_id":"019fb8b5-3c13-7a23-acff-e0be6bd45483","name":"data_client::download"},"spans":[{"num_files":1,"session_id":"019fb8b5-3c13-7a23-acff-e0be6bd45483","name":"data_client::download"}]}
{"timestamp":"2026-07-31T15:05:12.980181Z","level":"INFO","fields":{"message":"Initializing Adaptive Concurrency Controller for download with starting concurrency = 4; min = 1, max = 64, min_bytes_for_adjustment = 20000000, min_completed_transmissions_for_adjustment = 1"},"filename":"D:\\a\\xet-core\\xet-core\\xet_client\\src\\cas_client\\adaptive_concurrency\\controller.rs","line_number":301,"span":{"num_files":1,"session_id":"019fb8b5-3c13-7a23-acff-e0be6bd45483","name":"data_client::download"},"spans":[{"num_files":1,"session_id":"019fb8b5-3c13-7a23-acff-e0be6bd45483","name":"data_client::download"}]}
{"timestamp":"2026-07-31T15:05:12.980304Z","level":"INFO","fields":{"message":"Reconstructing file to disk","file_hash":"aeb713fdee2a083353a999d46771858f952744509d8af12868a1e95e9c45c7e3","byte_range":"None","path":"M:\\MCHINE LERNING\\Project one\\models\\transformers\\models--Qwen--Qwen2.5-0.5B\\blobs\\88c142557820ccad55bb59756bfcfcf891de9cc6202816bd346445188a0ed342.incomplete","write_offset":"None"},"filename":"D:\\a\\xet-core\\xet-core\\xet_data\\src\\file_reconstruction\\file_reconstructor.rs","line_number":121}
{"timestamp":"2026-07-31T15:05:12.980659Z","level":"INFO","fields":{"message":"Scheduling prefetch block","file_hash":"aeb713fdee2a083353a999d46771858f952744509d8af12868a1e95e9c45c7e3","prefetch_range":"(0, 256000000)","requested_block_size":256000000,"actual_block_size":256000000,"queue_depth":1},"filename":"D:\\a\\xet-core\\xet-core\\xet_data\\src\\file_reconstruction\\reconstruction_terms\\manager.rs","line_number":272}
{"timestamp":"2026-07-31T15:05:12.980689Z","level":"INFO","fields":{"message":"Scheduling prefetch block","file_hash":"aeb713fdee2a083353a999d46771858f952744509d8af12868a1e95e9c45c7e3","prefetch_range":"(256000000, 768000000)","requested_block_size":512000000,"actual_block_size":512000000,"queue_depth":2},"filename":"D:\\a\\xet-core\\xet-core\\xet_data\\src\\file_reconstruction\\reconstruction_terms\\manager.rs","line_number":272}
{"timestamp":"2026-07-31T15:05:12.980710Z","level":"INFO","fields":{"message":"Scheduling prefetch block","file_hash":"aeb713fdee2a083353a999d46771858f952744509d8af12868a1e95e9c45c7e3","prefetch_range":"(768000000, 1024000000)","requested_block_size":256000000,"actual_block_size":256000000,"queue_depth":3},"filename":"D:\\a\\xet-core\\xet-core\\xet_data\\src\\file_reconstruction\\reconstruction_terms\\manager.rs","line_number":272}
{"timestamp":"2026-07-31T15:05:12.980890Z","level":"INFO","fields":{"message":"Starting get_reconstruction API call","call_id":2,"file_id":"aeb713fdee2a083353a999d46771858f952744509d8af12868a1e95e9c45c7e3","bytes_range":"Some(Range { start: 0, end: 256000000 })","api_version":"v2"},"filename":"D:\\a\\xet-core\\xet-core\\xet_client\\src\\cas_client\\remote_client.rs","line_number":208}
{"timestamp":"2026-07-31T15:05:12.980892Z","level":"INFO","fields":{"message":"Starting get_reconstruction API call","call_id":1,"file_id":"aeb713fdee2a083353a999d46771858f952744509d8af12868a1e95e9c45c7e3","bytes_range":"Some(Range { start: 768000000, end: 1024000000 })","api_version":"v2"},"filename":"D:\\a\\xet-core\\xet-core\\xet_client\\src\\cas_client\\remote_client.rs","line_number":208}
{"timestamp":"2026-07-31T15:05:12.980893Z","level":"INFO","fields":{"message":"Starting get_reconstruction API call","call_id":3,"file_id":"aeb713fdee2a083353a999d46771858f952744509d8af12868a1e95e9c45c7e3","bytes_range":"Some(Range { start: 256000000, end: 768000000 })","api_version":"v2"},"filename":"D:\\a\\xet-core\\xet-core\\xet_client\\src\\cas_client\\remote_client.rs","line_number":208}
{"timestamp":"2026-07-31T15:05:12.980917Z","level":"INFO","fields":{"message":"Retry strategy","max_attempts":5,"base_delay":"3s","no_retry_on_429":false},"filename":"D:\\a\\xet-core\\xet-core\\xet_client\\src\\cas_client\\retry_wrapper.rs","line_number":235}
{"timestamp":"2026-07-31T15:05:12.980918Z","level":"INFO","fields":{"message":"Retry strategy","max_attempts":5,"base_delay":"3s","no_retry_on_429":false},"filename":"D:\\a\\xet-core\\xet-core\\xet_client\\src\\cas_client\\retry_wrapper.rs","line_number":235}
{"timestamp":"2026-07-31T15:05:12.980920Z","level":"INFO","fields":{"message":"Retry strategy","max_attempts":5,"base_delay":"3s","no_retry_on_429":false},"filename":"D:\\a\\xet-core\\xet-core\\xet_client\\src\\cas_client\\retry_wrapper.rs","line_number":235}
{"timestamp":"2026-07-31T15:05:14.911112Z","level":"INFO","fields":{"message":"Received CAS response","request_id":"01KYWBAGVZCV12HCMM05XZFBE6","status_code":200},"filename":"D:\\a\\xet-core\\xet-core\\xet_client\\src\\common\\http_client.rs","line_number":288}
{"timestamp":"2026-07-31T15:05:14.911139Z","level":"INFO","fields":{"message":"Request Success: cas::get_reconstruction_v2 api call succeeded (request id 01KYWBAGVZCV12HCMM05XZFBE6)."},"filename":"D:\\a\\xet-core\\xet-core\\xet_client\\src\\cas_client\\retry_wrapper.rs","line_number":196}
{"timestamp":"2026-07-31T15:05:14.911259Z","level":"INFO","fields":{"message":"Completed get_reconstruction API call","call_id":1,"file_id":"aeb713fdee2a083353a999d46771858f952744509d8af12868a1e95e9c45c7e3","bytes_range":"Some(Range { start: 768000000, end: 1024000000 })","api_version":"v2"},"filename":"D:\\a\\xet-core\\xet-core\\xet_client\\src\\cas_client\\remote_client.rs","line_number":232}
{"timestamp":"2026-07-31T15:05:15.094512Z","level":"INFO","fields":{"message":"Received CAS response","request_id":"01KYWBAGVENZE807F2Z406PZPV","status_code":200},"filename":"D:\\a\\xet-core\\xet-core\\xet_client\\src\\common\\http_client.rs","line_number":288}
{"timestamp":"2026-07-31T15:05:15.094539Z","level":"INFO","fields":{"message":"Request Success: cas::get_reconstruction_v2 api call succeeded (request id 01KYWBAGVENZE807F2Z406PZPV)."},"filename":"D:\\a\\xet-core\\xet-core\\xet_client\\src\\cas_client\\retry_wrapper.rs","line_number":196}
{"timestamp":"2026-07-31T15:05:15.207747Z","level":"INFO","fields":{"message":"Received CAS response","request_id":"01KYWBAGYH9DZBFA1KMXF3TKPK","status_code":200},"filename":"D:\\a\\xet-core\\xet-core\\xet_client\\src\\common\\http_client.rs","line_number":288}
{"timestamp":"2026-07-31T15:05:15.207768Z","level":"INFO","fields":{"message":"Request Success: cas::get_reconstruction_v2 api call succeeded (request id 01KYWBAGYH9DZBFA1KMXF3TKPK)."},"filename":"D:\\a\\xet-core\\xet-core\\xet_client\\src\\cas_client\\retry_wrapper.rs","line_number":196}
{"timestamp":"2026-07-31T15:05:15.207849Z","level":"INFO","fields":{"message":"Completed get_reconstruction API call","call_id":3,"file_id":"aeb713fdee2a083353a999d46771858f952744509d8af12868a1e95e9c45c7e3","bytes_range":"Some(Range { start: 256000000, end: 768000000 })","api_version":"v2"},"filename":"D:\\a\\xet-core\\xet-core\\xet_client\\src\\cas_client\\remote_client.rs","line_number":232}
{"timestamp":"2026-07-31T15:05:15.341690Z","level":"INFO","fields":{"message":"Completed get_reconstruction API call","call_id":2,"file_id":"aeb713fdee2a083353a999d46771858f952744509d8af12868a1e95e9c45c7e3","bytes_range":"Some(Range { start: 0, end: 256000000 })","api_version":"v2"},"filename":"D:\\a\\xet-core\\xet-core\\xet_client\\src\\cas_client\\remote_client.rs","line_number":232}
{"timestamp":"2026-07-31T15:05:15.341914Z","level":"INFO","fields":{"message":"Received block of file terms from prefetch queue","file_hash":"aeb713fdee2a083353a999d46771858f952744509d8af12868a1e95e9c45c7e3","domain":"us.aws.cdn.hf.co","block_start":0,"block_end":256000000,"block_size":226},"filename":"D:\\a\\xet-core\\xet-core\\xet_data\\src\\file_reconstruction\\reconstruction_terms\\manager.rs","line_number":151}
{"timestamp":"2026-07-31T15:05:15.342023Z","level":"INFO","fields":{"message":"Retry strategy","max_attempts":5,"base_delay":"3s","no_retry_on_429":false},"filename":"D:\\a\\xet-core\\xet-core\\xet_client\\src\\cas_client\\retry_wrapper.rs","line_number":235}
{"timestamp":"2026-07-31T15:05:15.342034Z","level":"INFO","fields":{"message":"Retry strategy","max_attempts":5,"base_delay":"3s","no_retry_on_429":false},"filename":"D:\\a\\xet-core\\xet-core\\xet_client\\src\\cas_client\\retry_wrapper.rs","line_number":235}
{"timestamp":"2026-07-31T15:05:15.342039Z","level":"INFO","fields":{"message":"Retry strategy","max_attempts":5,"base_delay":"3s","no_retry_on_429":false},"filename":"D:\\a\\xet-core\\xet-core\\xet_client\\src\\cas_client\\retry_wrapper.rs","line_number":235}
{"timestamp":"2026-07-31T15:05:15.342040Z","level":"INFO","fields":{"message":"Retry strategy","max_attempts":5,"base_delay":"3s","no_retry_on_429":false},"filename":"D:\\a\\xet-core\\xet-core\\xet_client\\src\\cas_client\\retry_wrapper.rs","line_number":235}
{"timestamp":"2026-07-31T15:05:15.342443Z","level":"INFO","fields":{"message":"Updated completion rate estimate based on previous block completion time (seconds).","file_hash":"aeb713fdee2a083353a999d46771858f952744509d8af12868a1e95e9c45c7e3","block_start":0,"block_end":256000000,"block_size":256000000,"completion_time":0.0005286},"filename":"D:\\a\\xet-core\\xet-core\\xet_data\\src\\file_reconstruction\\reconstruction_terms\\manager.rs","line_number":104}
{"timestamp":"2026-07-31T15:05:15.342470Z","level":"INFO","fields":{"message":"Received block of file terms from prefetch queue","file_hash":"aeb713fdee2a083353a999d46771858f952744509d8af12868a1e95e9c45c7e3","domain":"us.aws.cdn.hf.co","block_start":256000000,"block_end":768000000,"block_size":23},"filename":"D:\\a\\xet-core\\xet-core\\xet_data\\src\\file_reconstruction\\reconstruction_terms\\manager.rs","line_number":151}
{"timestamp":"2026-07-31T15:05:15.342516Z","level":"INFO","fields":{"message":"Updated completion rate estimate based on previous block completion time (seconds).","file_hash":"aeb713fdee2a083353a999d46771858f952744509d8af12868a1e95e9c45c7e3","block_start":256000000,"block_end":768000000,"block_size":512000000,"completion_time":0.0000457},"filename":"D:\\a\\xet-core\\xet-core\\xet_data\\src\\file_reconstruction\\reconstruction_terms\\manager.rs","line_number":104}
{"timestamp":"2026-07-31T15:05:15.342526Z","level":"INFO","fields":{"message":"Received block of file terms from prefetch queue","file_hash":"aeb713fdee2a083353a999d46771858f952744509d8af12868a1e95e9c45c7e3","domain":"us.aws.cdn.hf.co","block_start":768000000,"block_end":988097824,"block_size":20},"filename":"D:\\a\\xet-core\\xet-core\\xet_data\\src\\file_reconstruction\\reconstruction_terms\\manager.rs","line_number":151}
{"timestamp":"2026-07-31T15:05:15.342565Z","level":"INFO","fields":{"message":"Updated completion rate estimate based on previous block completion time (seconds).","file_hash":"aeb713fdee2a083353a999d46771858f952744509d8af12868a1e95e9c45c7e3","block_start":768000000,"block_end":988097824,"block_size":220097824,"completion_time":0.0000381},"filename":"D:\\a\\xet-core\\xet-core\\xet_data\\src\\file_reconstruction\\reconstruction_terms\\manager.rs","line_number":104}
{"timestamp":"2026-07-31T15:05:15.342570Z","level":"INFO","fields":{"message":"All term blocks received and scheduled for writing","file_hash":"aeb713fdee2a083353a999d46771858f952744509d8af12868a1e95e9c45c7e3","block_count":3,"total_terms_processed":269,"total_bytes_scheduled":988097824},"filename":"D:\\a\\xet-core\\xet-core\\xet_data\\src\\file_reconstruction\\run_state.rs","line_number":150}
{"timestamp":"2026-07-31T15:05:16.115977Z","level":"INFO","fields":{"message":"Received CAS response","request_id":"01KYWBAJ7XN29QPV1CXQCGQC4N","status_code":206},"filename":"D:\\a\\xet-core\\xet-core\\xet_client\\src\\common\\http_client.rs","line_number":288}
{"timestamp":"2026-07-31T15:05:16.116019Z","level":"INFO","fields":{"message":"Request Success: s3::get_range api call succeeded (request id 01KYWBAJ7XN29QPV1CXQCGQC4N)."},"filename":"D:\\a\\xet-core\\xet-core\\xet_client\\src\\cas_client\\retry_wrapper.rs","line_number":196}
{"timestamp":"2026-07-31T15:05:16.257315Z","level":"INFO","fields":{"message":"Received CAS response","request_id":"01KYWBAJCMYYERHNW3R585QERC","status_code":206},"filename":"D:\\a\\xet-core\\xet-core\\xet_client\\src\\common\\http_client.rs","line_number":288}
{"timestamp":"2026-07-31T15:05:16.257336Z","level":"INFO","fields":{"message":"Request Success: s3::get_range api call succeeded (request id 01KYWBAJCMYYERHNW3R585QERC)."},"filename":"D:\\a\\xet-core\\xet-core\\xet_client\\src\\cas_client\\retry_wrapper.rs","line_number":196}
{"timestamp":"2026-07-31T15:05:16.276256Z","level":"INFO","fields":{"message":"Received CAS response","request_id":"01KYWBAJCN7H453JTS3GTE3JHX","status_code":206},"filename":"D:\\a\\xet-core\\xet-core\\xet_client\\src\\common\\http_client.rs","line_number":288}
{"timestamp":"2026-07-31T15:05:16.276278Z","level":"INFO","fields":{"message":"Request Success: s3::get_range api call succeeded (request id 01KYWBAJCN7H453JTS3GTE3JHX)."},"filename":"D:\\a\\xet-core\\xet-core\\xet_client\\src\\cas_client\\retry_wrapper.rs","line_number":196}
{"timestamp":"2026-07-31T15:05:16.310975Z","level":"INFO","fields":{"message":"Received CAS response","request_id":"01KYWBAJDSTH9K6P0NX7Y1RCH6","status_code":206},"filename":"D:\\a\\xet-core\\xet-core\\xet_client\\src\\common\\http_client.rs","line_number":288}
{"timestamp":"2026-07-31T15:05:16.310993Z","level":"INFO","fields":{"message":"Request Success: s3::get_range api call succeeded (request id 01KYWBAJDSTH9K6P0NX7Y1RCH6)."},"filename":"D:\\a\\xet-core\\xet-core\\xet_client\\src\\cas_client\\retry_wrapper.rs","line_number":196}
{"timestamp":"2026-07-31T15:05:16.441422Z","level":"INFO","fields":{"message":"Retry strategy","max_attempts":5,"base_delay":"3s","no_retry_on_429":false},"filename":"D:\\a\\xet-core\\xet-core\\xet_client\\src\\cas_client\\retry_wrapper.rs","line_number":235}
{"timestamp":"2026-07-31T15:05:16.647877Z","level":"INFO","fields":{"message":"Received CAS response","request_id":"01KYWBAJRDVRTXCN6WP6V6TZWX","status_code":206},"filename":"D:\\a\\xet-core\\xet-core\\xet_client\\src\\common\\http_client.rs","line_number":288}
{"timestamp":"2026-07-31T15:05:16.647898Z","level":"INFO","fields":{"message":"Request Success: s3::get_range api call succeeded (request id 01KYWBAJRDVRTXCN6WP6V6TZWX)."},"filename":"D:\\a\\xet-core\\xet-core\\xet_client\\src\\cas_client\\retry_wrapper.rs","line_number":196}
{"timestamp":"2026-07-31T15:05:16.736990Z","level":"INFO","fields":{"message":"Retry strategy","max_attempts":5,"base_delay":"3s","no_retry_on_429":false},"filename":"D:\\a\\xet-core\\xet-core\\xet_client\\src\\cas_client\\retry_wrapper.rs","line_number":235}
{"timestamp":"2026-07-31T15:05:16.873775Z","level":"INFO","fields":{"message":"Retry strategy","max_attempts":5,"base_delay":"3s","no_retry_on_429":false},"filename":"D:\\a\\xet-core\\xet-core\\xet_client\\src\\cas_client\\retry_wrapper.rs","line_number":235}
{"timestamp":"2026-07-31T15:05:17.120949Z","level":"INFO","fields":{"message":"Received CAS response","request_id":"01KYWBAK13W38B1230YTT6WS6S","status_code":206},"filename":"D:\\a\\xet-core\\xet-core\\xet_client\\src\\common\\http_client.rs","line_number":288}
{"timestamp":"2026-07-31T15:05:17.120974Z","level":"INFO","fields":{"message":"Request Success: s3::get_range api call succeeded (request id 01KYWBAK13W38B1230YTT6WS6S)."},"filename":"D:\\a\\xet-core\\xet-core\\xet_client\\src\\cas_client\\retry_wrapper.rs","line_number":196}
{"timestamp":"2026-07-31T15:05:17.226234Z","level":"INFO","fields":{"message":"Received CAS response","request_id":"01KYWBAK4Z94WMQZ19CGHWFJX4","status_code":206},"filename":"D:\\a\\xet-core\\xet-core\\xet_client\\src\\common\\http_client.rs","line_number":288}
{"timestamp":"2026-07-31T15:05:17.226254Z","level":"INFO","fields":{"message":"Request Success: s3::get_range api call succeeded (request id 01KYWBAK4Z94WMQZ19CGHWFJX4)."},"filename":"D:\\a\\xet-core\\xet-core\\xet_client\\src\\cas_client\\retry_wrapper.rs","line_number":196}
{"timestamp":"2026-07-31T15:05:17.273212Z","level":"INFO","fields":{"message":"Retry strategy","max_attempts":5,"base_delay":"3s","no_retry_on_429":false},"filename":"D:\\a\\xet-core\\xet-core\\xet_client\\src\\cas_client\\retry_wrapper.rs","line_number":235}
{"timestamp":"2026-07-31T15:05:18.038568Z","level":"INFO","fields":{"message":"Received CAS response","request_id":"01KYWBAKJ9C80P6AVYGF9JJYDM","status_code":206},"filename":"D:\\a\\xet-core\\xet-core\\xet_client\\src\\common\\http_client.rs","line_number":288}
{"timestamp":"2026-07-31T15:05:18.038593Z","level":"INFO","fields":{"message":"Request Success: s3::get_range api call succeeded (request id 01KYWBAKJ9C80P6AVYGF9JJYDM)."},"filename":"D:\\a\\xet-core\\xet-core\\xet_client\\src\\cas_client\\retry_wrapper.rs","line_number":196}
{"timestamp":"2026-07-31T15:05:18.564233Z","level":"INFO","fields":{"message":"Retry strategy","max_attempts":5,"base_delay":"3s","no_retry_on_429":false},"filename":"D:\\a\\xet-core\\xet-core\\xet_client\\src\\cas_client\\retry_wrapper.rs","line_number":235}
{"timestamp":"2026-07-31T15:05:19.000974Z","level":"INFO","fields":{"message":"Received CAS response","request_id":"01KYWBAMTAHMKHMZ1KV79XJ2R9","status_code":206},"filename":"D:\\a\\xet-core\\xet-core\\xet_client\\src\\common\\http_client.rs","line_number":288}
{"timestamp":"2026-07-31T15:05:19.000996Z","level":"INFO","fields":{"message":"Request Success: s3::get_range api call succeeded (request id 01KYWBAMTAHMKHMZ1KV79XJ2R9)."},"filename":"D:\\a\\xet-core\\xet-core\\xet_client\\src\\cas_client\\retry_wrapper.rs","line_number":196}
{"timestamp":"2026-07-31T15:05:19.835910Z","level":"INFO","fields":{"message":"Retry strategy","max_attempts":5,"base_delay":"3s","no_retry_on_429":false},"filename":"D:\\a\\xet-core\\xet-core\\xet_client\\src\\cas_client\\retry_wrapper.rs","line_number":235}
{"timestamp":"2026-07-31T15:05:20.550919Z","level":"INFO","fields":{"message":"Received CAS response","request_id":"01KYWBAP4HRVBHEHEYAG228DYC","status_code":206},"filename":"D:\\a\\xet-core\\xet-core\\xet_client\\src\\common\\http_client.rs","line_number":288}
{"timestamp":"2026-07-31T15:05:20.550938Z","level":"INFO","fields":{"message":"Request Success: s3::get_range api call succeeded (request id 01KYWBAP4HRVBHEHEYAG228DYC)."},"filename":"D:\\a\\xet-core\\xet-core\\xet_client\\src\\cas_client\\retry_wrapper.rs","line_number":196}
{"timestamp":"2026-07-31T15:05:23.039136Z","level":"INFO","fields":{"message":"Concurrency control for download: Current concurrency = 4; predicted bandwidth = 739795; success_ratio = 1.000; reference_size = 1.0MB; observed bytes sent so far = 3988840; completed transmissions = 6"},"filename":"D:\\a\\xet-core\\xet-core\\xet_client\\src\\cas_client\\adaptive_concurrency\\controller.rs","line_number":597}
{"timestamp":"2026-07-31T15:05:31.770607Z","level":"INFO","fields":{"message":"Retry strategy","max_attempts":5,"base_delay":"3s","no_retry_on_429":false},"filename":"D:\\a\\xet-core\\xet-core\\xet_client\\src\\cas_client\\retry_wrapper.rs","line_number":235}
{"timestamp":"2026-07-31T15:05:31.980849Z","level":"INFO","fields":{"message":"Received CAS response","request_id":"01KYWBB1PM6MS5A02NCW26PJ60","status_code":206},"filename":"D:\\a\\xet-core\\xet-core\\xet_client\\src\\common\\http_client.rs","line_number":288}
{"timestamp":"2026-07-31T15:05:31.980868Z","level":"INFO","fields":{"message":"Request Success: s3::get_range api call succeeded (request id 01KYWBB1PM6MS5A02NCW26PJ60)."},"filename":"D:\\a\\xet-core\\xet-core\\xet_client\\src\\cas_client\\retry_wrapper.rs","line_number":196}
{"timestamp":"2026-07-31T15:05:32.972913Z","level":"INFO","fields":{"message":"Retry strategy","max_attempts":5,"base_delay":"3s","no_retry_on_429":false},"filename":"D:\\a\\xet-core\\xet-core\\xet_client\\src\\cas_client\\retry_wrapper.rs","line_number":235}
{"timestamp":"2026-07-31T15:05:33.221704Z","level":"INFO","fields":{"message":"Concurrency control for download: Current concurrency = 4; predicted bandwidth = 143930; success_ratio = 1.000; reference_size = 1.0MB; observed bytes sent so far = 5512208; completed transmissions = 8"},"filename":"D:\\a\\xet-core\\xet-core\\xet_client\\src\\cas_client\\adaptive_concurrency\\controller.rs","line_number":597}
{"timestamp":"2026-07-31T15:05:33.482350Z","level":"INFO","fields":{"message":"Received CAS response","request_id":"01KYWBB2WQM4EF2QFZ4FNRX9M7","status_code":206},"filename":"D:\\a\\xet-core\\xet-core\\xet_client\\src\\common\\http_client.rs","line_number":288}
{"timestamp":"2026-07-31T15:05:33.482369Z","level":"INFO","fields":{"message":"Request Success: s3::get_range api call succeeded (request id 01KYWBB2WQM4EF2QFZ4FNRX9M7)."},"filename":"D:\\a\\xet-core\\xet-core\\xet_client\\src\\cas_client\\retry_wrapper.rs","line_number":196}
{"timestamp":"2026-07-31T15:05:33.751928Z","level":"INFO","fields":{"message":"Retry strategy","max_attempts":5,"base_delay":"3s","no_retry_on_429":false},"filename":"D:\\a\\xet-core\\xet-core\\xet_client\\src\\cas_client\\retry_wrapper.rs","line_number":235}
{"timestamp":"2026-07-31T15:05:34.186003Z","level":"INFO","fields":{"message":"Received CAS response","request_id":"01KYWBB3N09B60ZW879AYYHYD5","status_code":206},"filename":"D:\\a\\xet-core\\xet-core\\xet_client\\src\\common\\http_client.rs","line_number":288}
{"timestamp":"2026-07-31T15:05:34.186023Z","level":"INFO","fields":{"message":"Request Success: s3::get_range api call succeeded (request id 01KYWBB3N09B60ZW879AYYHYD5)."},"filename":"D:\\a\\xet-core\\xet-core\\xet_client\\src\\cas_client\\retry_wrapper.rs","line_number":196}
{"timestamp":"2026-07-31T15:05:35.184040Z","level":"INFO","fields":{"message":"Retry strategy","max_attempts":5,"base_delay":"3s","no_retry_on_429":false},"filename":"D:\\a\\xet-core\\xet-core\\xet_client\\src\\cas_client\\retry_wrapper.rs","line_number":235}
{"timestamp":"2026-07-31T15:05:35.394594Z","level":"INFO","fields":{"message":"Received CAS response","request_id":"01KYWBB51B0SAX7YQ3S9FGMZ4S","status_code":206},"filename":"D:\\a\\xet-core\\xet-core\\xet_client\\src\\common\\http_client.rs","line_number":288}
{"timestamp":"2026-07-31T15:05:35.394615Z","level":"INFO","fields":{"message":"Request Success: s3::get_range api call succeeded (request id 01KYWBB51B0SAX7YQ3S9FGMZ4S)."},"filename":"D:\\a\\xet-core\\xet-core\\xet_client\\src\\cas_client\\retry_wrapper.rs","line_number":196}
{"timestamp":"2026-07-31T15:05:36.900769Z","level":"INFO","fields":{"message":"Retry strategy","max_attempts":5,"base_delay":"3s","no_retry_on_429":false},"filename":"D:\\a\\xet-core\\xet-core\\xet_client\\src\\cas_client\\retry_wrapper.rs","line_number":235}
{"timestamp":"2026-07-31T15:05:38.584950Z","level":"INFO","fields":{"message":"Received CAS response","request_id":"01KYWBB6PK31ZVA0AXBQ52KRMR","status_code":206},"filename":"D:\\a\\xet-core\\xet-core\\xet_client\\src\\common\\http_client.rs","line_number":288}
{"timestamp":"2026-07-31T15:05:38.584969Z","level":"INFO","fields":{"message":"Request Success: s3::get_range api call succeeded (request id 01KYWBB6PK31ZVA0AXBQ52KRMR)."},"filename":"D:\\a\\xet-core\\xet-core\\xet_client\\src\\cas_client\\retry_wrapper.rs","line_number":196}
{"timestamp":"2026-07-31T15:05:41.733115Z","level":"INFO","fields":{"message":"Retry strategy","max_attempts":5,"base_delay":"3s","no_retry_on_429":false},"filename":"D:\\a\\xet-core\\xet-core\\xet_client\\src\\cas_client\\retry_wrapper.rs","line_number":235}
{"timestamp":"2026-07-31T15:05:42.383105Z","level":"INFO","fields":{"message":"Received CAS response","request_id":"01KYWBBBE8CNN6JVETF6ZB2GVY","status_code":206},"filename":"D:\\a\\xet-core\\xet-core\\xet_client\\src\\common\\http_client.rs","line_number":288}
{"timestamp":"2026-07-31T15:05:42.383127Z","level":"INFO","fields":{"message":"Request Success: s3::get_range api call succeeded (request id 01KYWBBBE8CNN6JVETF6ZB2GVY)."},"filename":"D:\\a\\xet-core\\xet-core\\xet_client\\src\\cas_client\\retry_wrapper.rs","line_number":196}
{"timestamp":"2026-07-31T15:05:43.191454Z","level":"INFO","fields":{"message":"Retry strategy","max_attempts":5,"base_delay":"3s","no_retry_on_429":false},"filename":"D:\\a\\xet-core\\xet-core\\xet_client\\src\\cas_client\\retry_wrapper.rs","line_number":235}
{"timestamp":"2026-07-31T15:05:43.246730Z","level":"INFO","fields":{"message":"Concurrency control for download: Current concurrency = 4; predicted bandwidth = 208027; success_ratio = 1.000; reference_size = 1.0MB; observed bytes sent so far = 10050755; completed transmissions = 13"},"filename":"D:\\a\\xet-core\\xet-core\\xet_client\\src\\cas_client\\adaptive_concurrency\\controller.rs","line_number":597}
{"timestamp":"2026-07-31T15:05:48.794126Z","level":"INFO","fields":{"message":"Received CAS response","request_id":"01KYWBBCWSXN8JW7HWSY9A760E","status_code":206},"filename":"D:\\a\\xet-core\\xet-core\\xet_client\\src\\common\\http_client.rs","line_number":288}
{"timestamp":"2026-07-31T15:05:48.794147Z","level":"INFO","fields":{"message":"Request Success: s3::get_range api call succeeded (request id 01KYWBBCWSXN8JW7HWSY9A760E)."},"filename":"D:\\a\\xet-core\\xet-core\\xet_client\\src\\cas_client\\retry_wrapper.rs","line_number":196}
{"timestamp":"2026-07-31T15:05:54.024325Z","level":"INFO","fields":{"message":"Concurrency control for download: Current concurrency = 4; predicted bandwidth = 210031; success_ratio = 1.000; reference_size = 1.0MB; observed bytes sent so far = 10791481; completed transmissions = 13"},"filename":"D:\\a\\xet-core\\xet-core\\xet_client\\src\\cas_client\\adaptive_concurrency\\controller.rs","line_number":597}
{"timestamp":"2026-07-31T15:06:04.774877Z","level":"INFO","fields":{"message":"Concurrency control for download: Current concurrency = 4; predicted bandwidth = 211359; success_ratio = 1.000; reference_size = 1.0MB; observed bytes sent so far = 11138991; completed transmissions = 13"},"filename":"D:\\a\\xet-core\\xet-core\\xet_client\\src\\cas_client\\adaptive_concurrency\\controller.rs","line_number":597}
{"timestamp":"2026-07-31T15:06:10.108921Z","level":"INFO","fields":{"message":"Retry strategy","max_attempts":5,"base_delay":"3s","no_retry_on_429":false},"filename":"D:\\a\\xet-core\\xet-core\\xet_client\\src\\cas_client\\retry_wrapper.rs","line_number":235}
{"timestamp":"2026-07-31T15:06:10.439855Z","level":"INFO","fields":{"message":"Retry strategy","max_attempts":5,"base_delay":"3s","no_retry_on_429":false},"filename":"D:\\a\\xet-core\\xet-core\\xet_client\\src\\cas_client\\retry_wrapper.rs","line_number":235}
{"timestamp":"2026-07-31T15:06:10.586550Z","level":"INFO","fields":{"message":"Received CAS response","request_id":"01KYWBC76RFTEFXD66EDQ0FF8F","status_code":206},"filename":"D:\\a\\xet-core\\xet-core\\xet_client\\src\\common\\http_client.rs","line_number":288}
{"timestamp":"2026-07-31T15:06:10.586574Z","level":"INFO","fields":{"message":"Request Success: s3::get_range api call succeeded (request id 01KYWBC76RFTEFXD66EDQ0FF8F)."},"filename":"D:\\a\\xet-core\\xet-core\\xet_client\\src\\cas_client\\retry_wrapper.rs","line_number":196}
{"timestamp":"2026-07-31T15:06:12.506179Z","level":"INFO","fields":{"message":"Received CAS response","request_id":"01KYWBC7S4DAV0J68RFXNGKXA8","status_code":206},"filename":"D:\\a\\xet-core\\xet-core\\xet_client\\src\\common\\http_client.rs","line_number":288}
{"timestamp":"2026-07-31T15:06:12.506199Z","level":"INFO","fields":{"message":"Request Success: s3::get_range api call succeeded (request id 01KYWBC7S4DAV0J68RFXNGKXA8)."},"filename":"D:\\a\\xet-core\\xet-core\\xet_client\\src\\cas_client\\retry_wrapper.rs","line_number":196}
{"timestamp":"2026-07-31T15:06:14.153751Z","level":"INFO","fields":{"message":"Retry strategy","max_attempts":5,"base_delay":"3s","no_retry_on_429":false},"filename":"D:\\a\\xet-core\\xet-core\\xet_client\\src\\cas_client\\retry_wrapper.rs","line_number":235}
{"timestamp":"2026-07-31T15:06:14.852052Z","level":"INFO","fields":{"message":"Concurrency control for download: Current concurrency = 4; predicted bandwidth = 153032; success_ratio = 1.000; reference_size = 1.0MB; observed bytes sent so far = 13374188; completed transmissions = 16"},"filename":"D:\\a\\xet-core\\xet-core\\xet_client\\src\\cas_client\\adaptive_concurrency\\controller.rs","line_number":597}
{"timestamp":"2026-07-31T15:06:14.907331Z","level":"INFO","fields":{"message":"Retry strategy","max_attempts":5,"base_delay":"3s","no_retry_on_429":false},"filename":"D:\\a\\xet-core\\xet-core\\xet_client\\src\\cas_client\\retry_wrapper.rs","line_number":235}
{"timestamp":"2026-07-31T15:06:15.222175Z","level":"INFO","fields":{"message":"Received CAS response","request_id":"01KYWBCB3GF1GTT9J086AE6283","status_code":206},"filename":"D:\\a\\xet-core\\xet-core\\xet_client\\src\\common\\http_client.rs","line_number":288}
{"timestamp":"2026-07-31T15:06:15.222195Z","level":"INFO","fields":{"message":"Request Success: s3::get_range api call succeeded (request id 01KYWBCB3GF1GTT9J086AE6283)."},"filename":"D:\\a\\xet-core\\xet-core\\xet_client\\src\\cas_client\\retry_wrapper.rs","line_number":196}
{"timestamp":"2026-07-31T15:06:16.192598Z","level":"INFO","fields":{"message":"Retry strategy","max_attempts":5,"base_delay":"3s","no_retry_on_429":false},"filename":"D:\\a\\xet-core\\xet-core\\xet_client\\src\\cas_client\\retry_wrapper.rs","line_number":235}
{"timestamp":"2026-07-31T15:06:16.535552Z","level":"INFO","fields":{"message":"Received CAS response","request_id":"01KYWBCBV1AQRBYR20ZH82EAKX","status_code":206},"filename":"D:\\a\\xet-core\\xet-core\\xet_client\\src\\common\\http_client.rs","line_number":288}
{"timestamp":"2026-07-31T15:06:16.535584Z","level":"INFO","fields":{"message":"Request Success: s3::get_range api call succeeded (request id 01KYWBCBV1AQRBYR20ZH82EAKX)."},"filename":"D:\\a\\xet-core\\xet-core\\xet_client\\src\\cas_client\\retry_wrapper.rs","line_number":196}
{"timestamp":"2026-07-31T15:06:18.066199Z","level":"INFO","fields":{"message":"Received CAS response","request_id":"01KYWBCD3DA8A14KCYAHQC0R5R","status_code":206},"filename":"D:\\a\\xet-core\\xet-core\\xet_client\\src\\common\\http_client.rs","line_number":288}
{"timestamp":"2026-07-31T15:06:18.066217Z","level":"INFO","fields":{"message":"Request Success: s3::get_range api call succeeded (request id 01KYWBCD3DA8A14KCYAHQC0R5R)."},"filename":"D:\\a\\xet-core\\xet-core\\xet_client\\src\\cas_client\\retry_wrapper.rs","line_number":196}
{"timestamp":"2026-07-31T15:06:18.518170Z","level":"INFO","fields":{"message":"Retry strategy","max_attempts":5,"base_delay":"3s","no_retry_on_429":false},"filename":"D:\\a\\xet-core\\xet-core\\xet_client\\src\\cas_client\\retry_wrapper.rs","line_number":235}
{"timestamp":"2026-07-31T15:06:19.171568Z","level":"INFO","fields":{"message":"Received CAS response","request_id":"01KYWBCFBP5X0HWG8D46W28NG6","status_code":206},"filename":"D:\\a\\xet-core\\xet-core\\xet_client\\src\\common\\http_client.rs","line_number":288}
{"timestamp":"2026-07-31T15:06:19.171589Z","level":"INFO","fields":{"message":"Request Success: s3::get_range api call succeeded (request id 01KYWBCFBP5X0HWG8D46W28NG6)."},"filename":"D:\\a\\xet-core\\xet-core\\xet_client\\src\\cas_client\\retry_wrapper.rs","line_number":196}
{"timestamp":"2026-07-31T15:06:20.841410Z","level":"INFO","fields":{"message":"Retry strategy","max_attempts":5,"base_delay":"3s","no_retry_on_429":false},"filename":"D:\\a\\xet-core\\xet-core\\xet_client\\src\\cas_client\\retry_wrapper.rs","line_number":235}
{"timestamp":"2026-07-31T15:06:21.016040Z","level":"INFO","fields":{"message":"Received CAS response","request_id":"01KYWBCHM6CCJ4KGNMH7M3CG6H","status_code":206},"filename":"D:\\a\\xet-core\\xet-core\\xet_client\\src\\common\\http_client.rs","line_number":288}
{"timestamp":"2026-07-31T15:06:21.016058Z","level":"INFO","fields":{"message":"Request Success: s3::get_range api call succeeded (request id 01KYWBCHM6CCJ4KGNMH7M3CG6H)."},"filename":"D:\\a\\xet-core\\xet-core\\xet_client\\src\\cas_client\\retry_wrapper.rs","line_number":196}
{"timestamp":"2026-07-31T15:06:21.090821Z","level":"INFO","fields":{"message":"Retry strategy","max_attempts":5,"base_delay":"3s","no_retry_on_429":false},"filename":"D:\\a\\xet-core\\xet-core\\xet_client\\src\\cas_client\\retry_wrapper.rs","line_number":235}
{"timestamp":"2026-07-31T15:06:21.292667Z","level":"INFO","fields":{"message":"Received CAS response","request_id":"01KYWBCHX1DHTEE7ZN4GHWN1AX","status_code":206},"filename":"D:\\a\\xet-core\\xet-core\\xet_client\\src\\common\\http_client.rs","line_number":288}
{"timestamp":"2026-07-31T15:06:21.292686Z","level":"INFO","fields":{"message":"Request Success: s3::get_range api call succeeded (request id 01KYWBCHX1DHTEE7ZN4GHWN1AX)."},"filename":"D:\\a\\xet-core\\xet-core\\xet_client\\src\\cas_client\\retry_wrapper.rs","line_number":196}
{"timestamp":"2026-07-31T15:06:21.579025Z","level":"INFO","fields":{"message":"Retry strategy","max_attempts":5,"base_delay":"3s","no_retry_on_429":false},"filename":"D:\\a\\xet-core\\xet-core\\xet_client\\src\\cas_client\\retry_wrapper.rs","line_number":235}
{"timestamp":"2026-07-31T15:06:21.830386Z","level":"INFO","fields":{"message":"Received CAS response","request_id":"01KYWBCJDRREK56RZEJQ00THP9","status_code":206},"filename":"D:\\a\\xet-core\\xet-core\\xet_client\\src\\common\\http_client.rs","line_number":288}
{"timestamp":"2026-07-31T15:06:21.830407Z","level":"INFO","fields":{"message":"Request Success: s3::get_range api call succeeded (request id 01KYWBCJDRREK56RZEJQ00THP9)."},"filename":"D:\\a\\xet-core\\xet-core\\xet_client\\src\\cas_client\\retry_wrapper.rs","line_number":196}
{"timestamp":"2026-07-31T15:06:22.117286Z","level":"INFO","fields":{"message":"Retry strategy","max_attempts":5,"base_delay":"3s","no_retry_on_429":false},"filename":"D:\\a\\xet-core\\xet-core\\xet_client\\src\\cas_client\\retry_wrapper.rs","line_number":235}
{"timestamp":"2026-07-31T15:06:22.304817Z","level":"INFO","fields":{"message":"Received CAS response","request_id":"01KYWBCJWKVSGZ50B5NRC7B5GY","status_code":206},"filename":"D:\\a\\xet-core\\xet-core\\xet_client\\src\\common\\http_client.rs","line_number":288}
{"timestamp":"2026-07-31T15:06:22.304842Z","level":"INFO","fields":{"message":"Request Success: s3::get_range api call succeeded (request id 01KYWBCJWKVSGZ50B5NRC7B5GY)."},"filename":"D:\\a\\xet-core\\xet-core\\xet_client\\src\\cas_client\\retry_wrapper.rs","line_number":196}
{"timestamp":"2026-07-31T15:06:22.544091Z","level":"INFO","fields":{"message":"Retry strategy","max_attempts":5,"base_delay":"3s","no_retry_on_429":false},"filename":"D:\\a\\xet-core\\xet-core\\xet_client\\src\\cas_client\\retry_wrapper.rs","line_number":235}
{"timestamp":"2026-07-31T15:06:22.720806Z","level":"INFO","fields":{"message":"Received CAS response","request_id":"01KYWBCK9GQEBV9GNAAWWMTCSP","status_code":206},"filename":"D:\\a\\xet-core\\xet-core\\xet_client\\src\\common\\http_client.rs","line_number":288}
{"timestamp":"2026-07-31T15:06:22.720825Z","level":"INFO","fields":{"message":"Request Success: s3::get_range api call succeeded (request id 01KYWBCK9GQEBV9GNAAWWMTCSP)."},"filename":"D:\\a\\xet-core\\xet-core\\xet_client\\src\\cas_client\\retry_wrapper.rs","line_number":196}
{"timestamp":"2026-07-31T15:06:23.109999Z","level":"INFO","fields":{"message":"Retry strategy","max_attempts":5,"base_delay":"3s","no_retry_on_429":false},"filename":"D:\\a\\xet-core\\xet-core\\xet_client\\src\\cas_client\\retry_wrapper.rs","line_number":235}
{"timestamp":"2026-07-31T15:06:23.301075Z","level":"INFO","fields":{"message":"Received CAS response","request_id":"01KYWBCKVJ9NFNEJVCMDXK1MQ8","status_code":206},"filename":"D:\\a\\xet-core\\xet-core\\xet_client\\src\\common\\http_client.rs","line_number":288}
{"timestamp":"2026-07-31T15:06:23.301094Z","level":"INFO","fields":{"message":"Request Success: s3::get_range api call succeeded (request id 01KYWBCKVJ9NFNEJVCMDXK1MQ8)."},"filename":"D:\\a\\xet-core\\xet-core\\xet_client\\src\\cas_client\\retry_wrapper.rs","line_number":196}
{"timestamp":"2026-07-31T15:06:24.887448Z","level":"INFO","fields":{"message":"Concurrency control for download: Current concurrency = 4; predicted bandwidth = 197176; success_ratio = 1.000; reference_size = 1.0MB; observed bytes sent so far = 19082237; completed transmissions = 25"},"filename":"D:\\a\\xet-core\\xet-core\\xet_client\\src\\cas_client\\adaptive_concurrency\\controller.rs","line_number":597}
{"timestamp":"2026-07-31T15:06:25.878193Z","level":"INFO","fields":{"message":"Retry strategy","max_attempts":5,"base_delay":"3s","no_retry_on_429":false},"filename":"D:\\a\\xet-core\\xet-core\\xet_client\\src\\cas_client\\retry_wrapper.rs","line_number":235}
{"timestamp":"2026-07-31T15:06:26.487170Z","level":"INFO","fields":{"message":"Concurrency control for download: Increased concurrency from 4 to 5; reason: success ratio 1.000 is above threshold 0.800 and predicted RTT for 0MB at new concurrency is 23.44s < target 60.0s"},"filename":"D:\\a\\xet-core\\xet-core\\xet_client\\src\\cas_client\\adaptive_concurrency\\controller.rs","line_number":543}
{"timestamp":"2026-07-31T15:06:26.487204Z","level":"INFO","fields":{"message":"Retry strategy","max_attempts":5,"base_delay":"3s","no_retry_on_429":false},"filename":"D:\\a\\xet-core\\xet-core\\xet_client\\src\\cas_client\\retry_wrapper.rs","line_number":235}
{"timestamp":"2026-07-31T15:06:26.520675Z","level":"INFO","fields":{"message":"Received CAS response","request_id":"01KYWBCPJ47ZCVKW020MVGDYZ7","status_code":206},"filename":"D:\\a\\xet-core\\xet-core\\xet_client\\src\\common\\http_client.rs","line_number":288}
{"timestamp":"2026-07-31T15:06:26.520698Z","level":"INFO","fields":{"message":"Request Success: s3::get_range api call succeeded (request id 01KYWBCPJ47ZCVKW020MVGDYZ7)."},"filename":"D:\\a\\xet-core\\xet-core\\xet_client\\src\\cas_client\\retry_wrapper.rs","line_number":196}
{"timestamp":"2026-07-31T15:06:27.037950Z","level":"INFO","fields":{"message":"Concurrency control for download: Increased concurrency from 5 to 6; reason: success ratio 1.000 is above threshold 0.800 and predicted RTT for 0MB at new concurrency is 27.21s < target 60.0s"},"filename":"D:\\a\\xet-core\\xet-core\\xet_client\\src\\cas_client\\adaptive_concurrency\\controller.rs","line_number":543}
{"timestamp":"2026-07-31T15:06:27.037995Z","level":"INFO","fields":{"message":"Retry strategy","max_attempts":5,"base_delay":"3s","no_retry_on_429":false},"filename":"D:\\a\\xet-core\\xet-core\\xet_client\\src\\cas_client\\retry_wrapper.rs","line_number":235}
{"timestamp":"2026-07-31T15:06:27.541498Z","level":"INFO","fields":{"message":"Concurrency control for download: Increased concurrency from 6 to 7; reason: success ratio 1.000 is above threshold 0.800 and predicted RTT for 0MB at new concurrency is 31.67s < target 60.0s"},"filename":"D:\\a\\xet-core\\xet-core\\xet_client\\src\\cas_client\\adaptive_concurrency\\controller.rs","line_number":543}
{"timestamp":"2026-07-31T15:06:27.541539Z","level":"INFO","fields":{"message":"Retry strategy","max_attempts":5,"base_delay":"3s","no_retry_on_429":false},"filename":"D:\\a\\xet-core\\xet-core\\xet_client\\src\\cas_client\\retry_wrapper.rs","line_number":235}
{"timestamp":"2026-07-31T15:06:28.042183Z","level":"INFO","fields":{"message":"Concurrency control for download: Increased concurrency from 7 to 8; reason: success ratio 1.000 is above threshold 0.800 and predicted RTT for 0MB at new concurrency is 34.05s < target 60.0s"},"filename":"D:\\a\\xet-core\\xet-core\\xet_client\\src\\cas_client\\adaptive_concurrency\\controller.rs","line_number":543}
{"timestamp":"2026-07-31T15:06:28.042216Z","level":"INFO","fields":{"message":"Retry strategy","max_attempts":5,"base_delay":"3s","no_retry_on_429":false},"filename":"D:\\a\\xet-core\\xet-core\\xet_client\\src\\cas_client\\retry_wrapper.rs","line_number":235}
{"timestamp":"2026-07-31T15:06:28.564103Z","level":"INFO","fields":{"message":"Concurrency control for download: Increased concurrency from 8 to 9; reason: success ratio 1.000 is above threshold 0.800 and predicted RTT for 0MB at new concurrency is 19.39s < target 60.0s"},"filename":"D:\\a\\xet-core\\xet-core\\xet_client\\src\\cas_client\\adaptive_concurrency\\controller.rs","line_number":543}
{"timestamp":"2026-07-31T15:06:28.564146Z","level":"INFO","fields":{"message":"Retry strategy","max_attempts":5,"base_delay":"3s","no_retry_on_429":false},"filename":"D:\\a\\xet-core\\xet-core\\xet_client\\src\\cas_client\\retry_wrapper.rs","line_number":235}
{"timestamp":"2026-07-31T15:06:28.564187Z","level":"INFO","fields":{"message":"Retry strategy","max_attempts":5,"base_delay":"3s","no_retry_on_429":false},"filename":"D:\\a\\xet-core\\xet-core\\xet_client\\src\\cas_client\\retry_wrapper.rs","line_number":235}
{"timestamp":"2026-07-31T15:06:29.005015Z","level":"INFO","fields":{"message":"Retry strategy","max_attempts":5,"base_delay":"3s","no_retry_on_429":false},"filename":"D:\\a\\xet-core\\xet-core\\xet_client\\src\\cas_client\\retry_wrapper.rs","line_number":235}
{"timestamp":"2026-07-31T15:06:29.198140Z","level":"INFO","fields":{"message":"Concurrency control for download: Increased concurrency from 9 to 10; reason: success ratio 1.000 is above threshold 0.800 and predicted RTT for 0MB at new concurrency is 21.18s < target 60.0s"},"filename":"D:\\a\\xet-core\\xet-core\\xet_client\\src\\cas_client\\adaptive_concurrency\\controller.rs","line_number":543}
{"timestamp":"2026-07-31T15:06:29.198172Z","level":"INFO","fields":{"message":"Retry strategy","max_attempts":5,"base_delay":"3s","no_retry_on_429":false},"filename":"D:\\a\\xet-core\\xet-core\\xet_client\\src\\cas_client\\retry_wrapper.rs","line_number":235}
{"timestamp":"2026-07-31T15:06:29.529657Z","level":"INFO","fields":{"message":"Received CAS response","request_id":"01KYWBCS5RQ67NWWQCQ0NJ1Y18","status_code":206},"filename":"D:\\a\\xet-core\\xet-core\\xet_client\\src\\common\\http_client.rs","line_number":288}
{"timestamp":"2026-07-31T15:06:29.529678Z","level":"INFO","fields":{"message":"Request Success: s3::get_range api call succeeded (request id 01KYWBCS5RQ67NWWQCQ0NJ1Y18)."},"filename":"D:\\a\\xet-core\\xet-core\\xet_client\\src\\cas_client\\retry_wrapper.rs","line_number":196}
{"timestamp":"2026-07-31T15:06:29.670561Z","level":"INFO","fields":{"message":"Retry strategy","max_attempts":5,"base_delay":"3s","no_retry_on_429":false},"filename":"D:\\a\\xet-core\\xet-core\\xet_client\\src\\cas_client\\retry_wrapper.rs","line_number":235}
{"timestamp":"2026-07-31T15:06:29.722071Z","level":"INFO","fields":{"message":"Concurrency control for download: Increased concurrency from 10 to 11; reason: success ratio 1.000 is above threshold 0.800 and predicted RTT for 0MB at new concurrency is 22.57s < target 60.0s"},"filename":"D:\\a\\xet-core\\xet-core\\xet_client\\src\\cas_client\\adaptive_concurrency\\controller.rs","line_number":543}
{"timestamp":"2026-07-31T15:06:29.722109Z","level":"INFO","fields":{"message":"Retry strategy","max_attempts":5,"base_delay":"3s","no_retry_on_429":false},"filename":"D:\\a\\xet-core\\xet-core\\xet_client\\src\\cas_client\\retry_wrapper.rs","line_number":235}
{"timestamp":"2026-07-31T15:06:29.800680Z","level":"INFO","fields":{"message":"Received CAS response","request_id":"01KYWBCSKWSK9NWBYGQZRS2FE3","status_code":206},"filename":"D:\\a\\xet-core\\xet-core\\xet_client\\src\\common\\http_client.rs","line_number":288}
{"timestamp":"2026-07-31T15:06:29.800699Z","level":"INFO","fields":{"message":"Request Success: s3::get_range api call succeeded (request id 01KYWBCSKWSK9NWBYGQZRS2FE3)."},"filename":"D:\\a\\xet-core\\xet-core\\xet_client\\src\\cas_client\\retry_wrapper.rs","line_number":196}
{"timestamp":"2026-07-31T15:06:29.958921Z","level":"INFO","fields":{"message":"Received CAS response","request_id":"01KYWBCSZ08MSC7Z9TXHSCWH2B","status_code":206},"filename":"D:\\a\\xet-core\\xet-core\\xet_client\\src\\common\\http_client.rs","line_number":288}
{"timestamp":"2026-07-31T15:06:29.958943Z","level":"INFO","fields":{"message":"Request Success: s3::get_range api call succeeded (request id 01KYWBCSZ08MSC7Z9TXHSCWH2B)."},"filename":"D:\\a\\xet-core\\xet-core\\xet_client\\src\\cas_client\\retry_wrapper.rs","line_number":196}
{"timestamp":"2026-07-31T15:06:30.016381Z","level":"INFO","fields":{"message":"Received CAS response","request_id":"01KYWBCSZ08ZEKHAYG2598BJVX","status_code":206},"filename":"D:\\a\\xet-core\\xet-core\\xet_client\\src\\common\\http_client.rs","line_number":288}
{"timestamp":"2026-07-31T15:06:30.016398Z","level":"INFO","fields":{"message":"Request Success: s3::get_range api call succeeded (request id 01KYWBCSZ08ZEKHAYG2598BJVX)."},"filename":"D:\\a\\xet-core\\xet-core\\xet_client\\src\\cas_client\\retry_wrapper.rs","line_number":196}
{"timestamp":"2026-07-31T15:06:30.027804Z","level":"INFO","fields":{"message":"Received CAS response","request_id":"01KYWBCSYYH2B8DBSPS8D56VQ8","status_code":206},"filename":"D:\\a\\xet-core\\xet-core\\xet_client\\src\\common\\http_client.rs","line_number":288}
{"timestamp":"2026-07-31T15:06:30.027816Z","level":"INFO","fields":{"message":"Request Success: s3::get_range api call succeeded (request id 01KYWBCSYYH2B8DBSPS8D56VQ8)."},"filename":"D:\\a\\xet-core\\xet-core\\xet_client\\src\\cas_client\\retry_wrapper.rs","line_number":196}
{"timestamp":"2026-07-31T15:06:30.257791Z","level":"INFO","fields":{"message":"Concurrency control for download: Increased concurrency from 11 to 12; reason: success ratio 1.000 is above threshold 0.800 and predicted RTT for 0MB at new concurrency is 23.99s < target 60.0s"},"filename":"D:\\a\\xet-core\\xet-core\\xet_client\\src\\cas_client\\adaptive_concurrency\\controller.rs","line_number":543}
{"timestamp":"2026-07-31T15:06:30.257826Z","level":"INFO","fields":{"message":"Retry strategy","max_attempts":5,"base_delay":"3s","no_retry_on_429":false},"filename":"D:\\a\\xet-core\\xet-core\\xet_client\\src\\cas_client\\retry_wrapper.rs","line_number":235}
{"timestamp":"2026-07-31T15:06:30.309977Z","level":"INFO","fields":{"message":"Received CAS response","request_id":"01KYWBCT1KXDY9C42AFZHHP7AM","status_code":206},"filename":"D:\\a\\xet-core\\xet-core\\xet_client\\src\\common\\http_client.rs","line_number":288}
{"timestamp":"2026-07-31T15:06:30.309996Z","level":"INFO","fields":{"message":"Request Success: s3::get_range api call succeeded (request id 01KYWBCT1KXDY9C42AFZHHP7AM)."},"filename":"D:\\a\\xet-core\\xet-core\\xet_client\\src\\cas_client\\retry_wrapper.rs","line_number":196}
{"timestamp":"2026-07-31T15:06:30.608848Z","level":"INFO","fields":{"message":"Received CAS response","request_id":"01KYWBCT7ZAQF1WDP9JQVPCPXP","status_code":206},"filename":"D:\\a\\xet-core\\xet-core\\xet_client\\src\\common\\http_client.rs","line_number":288}
{"timestamp":"2026-07-31T15:06:30.608868Z","level":"INFO","fields":{"message":"Request Success: s3::get_range api call succeeded (request id 01KYWBCT7ZAQF1WDP9JQVPCPXP)."},"filename":"D:\\a\\xet-core\\xet-core\\xet_client\\src\\cas_client\\retry_wrapper.rs","line_number":196}
{"timestamp":"2026-07-31T15:06:30.622241Z","level":"INFO","fields":{"message":"Received CAS response","request_id":"01KYWBCT7STS7CATB546Q05DSZ","status_code":206},"filename":"D:\\a\\xet-core\\xet-core\\xet_client\\src\\common\\http_client.rs","line_number":288}
{"timestamp":"2026-07-31T15:06:30.622260Z","level":"INFO","fields":{"message":"Request Success: s3::get_range api call succeeded (request id 01KYWBCT7STS7CATB546Q05DSZ)."},"filename":"D:\\a\\xet-core\\xet-core\\xet_client\\src\\cas_client\\retry_wrapper.rs","line_number":196}
{"timestamp":"2026-07-31T15:06:30.663625Z","level":"INFO","fields":{"message":"Received CAS response","request_id":"01KYWBCT81BEQ2T3ZY8724VHWX","status_code":206},"filename":"D:\\a\\xet-core\\xet-core\\xet_client\\src\\common\\http_client.rs","line_number":288}
{"timestamp":"2026-07-31T15:06:30.663645Z","level":"INFO","fields":{"message":"Request Success: s3::get_range api call succeeded (request id 01KYWBCT81BEQ2T3ZY8724VHWX)."},"filename":"D:\\a\\xet-core\\xet-core\\xet_client\\src\\cas_client\\retry_wrapper.rs","line_number":196}
{"timestamp":"2026-07-31T15:06:30.771467Z","level":"INFO","fields":{"message":"Concurrency control for download: Increased concurrency from 12 to 13; reason: success ratio 1.000 is above threshold 0.800 and predicted RTT for 0MB at new concurrency is 25.15s < target 60.0s"},"filename":"D:\\a\\xet-core\\xet-core\\xet_client\\src\\cas_client\\adaptive_concurrency\\controller.rs","line_number":543}
{"timestamp":"2026-07-31T15:06:30.771503Z","level":"INFO","fields":{"message":"Retry strategy","max_attempts":5,"base_delay":"3s","no_retry_on_429":false},"filename":"D:\\a\\xet-core\\xet-core\\xet_client\\src\\cas_client\\retry_wrapper.rs","line_number":235}
{"timestamp":"2026-07-31T15:06:31.165934Z","level":"INFO","fields":{"message":"Received CAS response","request_id":"01KYWBCTEF6F0NWYV9XG4CV82Q","status_code":206},"filename":"D:\\a\\xet-core\\xet-core\\xet_client\\src\\common\\http_client.rs","line_number":288}
{"timestamp":"2026-07-31T15:06:31.165963Z","level":"INFO","fields":{"message":"Request Success: s3::get_range api call succeeded (request id 01KYWBCTEF6F0NWYV9XG4CV82Q)."},"filename":"D:\\a\\xet-core\\xet-core\\xet_client\\src\\cas_client\\retry_wrapper.rs","line_number":196}
{"timestamp":"2026-07-31T15:06:31.288223Z","level":"INFO","fields":{"message":"Concurrency control for download: Increased concurrency from 13 to 14; reason: success ratio 1.000 is above threshold 0.800 and predicted RTT for 0MB at new concurrency is 26.29s < target 60.0s"},"filename":"D:\\a\\xet-core\\xet-core\\xet_client\\src\\cas_client\\adaptive_concurrency\\controller.rs","line_number":543}
{"timestamp":"2026-07-31T15:06:31.288255Z","level":"INFO","fields":{"message":"Retry strategy","max_attempts":5,"base_delay":"3s","no_retry_on_429":false},"filename":"D:\\a\\xet-core\\xet-core\\xet_client\\src\\cas_client\\retry_wrapper.rs","line_number":235}
{"timestamp":"2026-07-31T15:06:31.872370Z","level":"INFO","fields":{"message":"Concurrency control for download: Increased concurrency from 14 to 15; reason: success ratio 1.000 is above threshold 0.800 and predicted RTT for 0MB at new concurrency is 27.00s < target 60.0s"},"filename":"D:\\a\\xet-core\\xet-core\\xet_client\\src\\cas_client\\adaptive_concurrency\\controller.rs","line_number":543}
{"timestamp":"2026-07-31T15:06:31.872403Z","level":"INFO","fields":{"message":"Retry strategy","max_attempts":5,"base_delay":"3s","no_retry_on_429":false},"filename":"D:\\a\\xet-core\\xet-core\\xet_client\\src\\cas_client\\retry_wrapper.rs","line_number":235}
{"timestamp":"2026-07-31T15:06:32.519576Z","level":"INFO","fields":{"message":"Received CAS response","request_id":"01KYWBCV5EZFK311GEKJHBC8S6","status_code":206},"filename":"D:\\a\\xet-core\\xet-core\\xet_client\\src\\common\\http_client.rs","line_number":288}
{"timestamp":"2026-07-31T15:06:32.519598Z","level":"INFO","fields":{"message":"Request Success: s3::get_range api call succeeded (request id 01KYWBCV5EZFK311GEKJHBC8S6)."},"filename":"D:\\a\\xet-core\\xet-core\\xet_client\\src\\cas_client\\retry_wrapper.rs","line_number":196}
{"timestamp":"2026-07-31T15:06:32.543782Z","level":"INFO","fields":{"message":"Concurrency control for download: Increased concurrency from 15 to 16; reason: success ratio 1.000 is above threshold 0.800 and predicted RTT for 0MB at new concurrency is 28.38s < target 60.0s"},"filename":"D:\\a\\xet-core\\xet-core\\xet_client\\src\\cas_client\\adaptive_concurrency\\controller.rs","line_number":543}
{"timestamp":"2026-07-31T15:06:32.543836Z","level":"INFO","fields":{"message":"Retry strategy","max_attempts":5,"base_delay":"3s","no_retry_on_429":false},"filename":"D:\\a\\xet-core\\xet-core\\xet_client\\src\\cas_client\\retry_wrapper.rs","line_number":235}
{"timestamp":"2026-07-31T15:06:33.078076Z","level":"INFO","fields":{"message":"Received CAS response","request_id":"01KYWBCVR3JCDES3QV5DGTE2VE","status_code":206},"filename":"D:\\a\\xet-core\\xet-core\\xet_client\\src\\common\\http_client.rs","line_number":288}
{"timestamp":"2026-07-31T15:06:33.078096Z","level":"INFO","fields":{"message":"Request Success: s3::get_range api call succeeded (request id 01KYWBCVR3JCDES3QV5DGTE2VE)."},"filename":"D:\\a\\xet-core\\xet-core\\xet_client\\src\\cas_client\\retry_wrapper.rs","line_number":196}
{"timestamp":"2026-07-31T15:06:33.128979Z","level":"INFO","fields":{"message":"Concurrency control for download: Increased concurrency from 16 to 17; reason: success ratio 1.000 is above threshold 0.800 and predicted RTT for 0MB at new concurrency is 29.15s < target 60.0s"},"filename":"D:\\a\\xet-core\\xet-core\\xet_client\\src\\cas_client\\adaptive_concurrency\\controller.rs","line_number":543}
{"timestamp":"2026-07-31T15:06:33.129012Z","level":"INFO","fields":{"message":"Retry strategy","max_attempts":5,"base_delay":"3s","no_retry_on_429":false},"filename":"D:\\a\\xet-core\\xet-core\\xet_client\\src\\cas_client\\retry_wrapper.rs","line_number":235}
{"timestamp":"2026-07-31T15:06:33.270422Z","level":"INFO","fields":{"message":"Received CAS response","request_id":"01KYWBCVTFJXPABDPYVFJ347PZ","status_code":206},"filename":"D:\\a\\xet-core\\xet-core\\xet_client\\src\\common\\http_client.rs","line_number":288}
{"timestamp":"2026-07-31T15:06:33.270441Z","level":"INFO","fields":{"message":"Request Success: s3::get_range api call succeeded (request id 01KYWBCVTFJXPABDPYVFJ347PZ)."},"filename":"D:\\a\\xet-core\\xet-core\\xet_client\\src\\cas_client\\retry_wrapper.rs","line_number":196}
{"timestamp":"2026-07-31T15:06:33.309985Z","level":"INFO","fields":{"message":"Retry strategy","max_attempts":5,"base_delay":"3s","no_retry_on_429":false},"filename":"D:\\a\\xet-core\\xet-core\\xet_client\\src\\cas_client\\retry_wrapper.rs","line_number":235}
{"timestamp":"2026-07-31T15:06:34.127495Z","level":"INFO","fields":{"message":"Concurrency control for download: Increased concurrency from 17 to 18; reason: success ratio 1.000 is above threshold 0.800 and predicted RTT for 0MB at new concurrency is 29.24s < target 60.0s"},"filename":"D:\\a\\xet-core\\xet-core\\xet_client\\src\\cas_client\\adaptive_concurrency\\controller.rs","line_number":543}
{"timestamp":"2026-07-31T15:06:34.127538Z","level":"INFO","fields":{"message":"Retry strategy","max_attempts":5,"base_delay":"3s","no_retry_on_429":false},"filename":"D:\\a\\xet-core\\xet-core\\xet_client\\src\\cas_client\\retry_wrapper.rs","line_number":235}
{"timestamp":"2026-07-31T15:06:34.197223Z","level":"INFO","fields":{"message":"Received CAS response","request_id":"01KYWBCWDN3VS0812PKGMHHZ64","status_code":206},"filename":"D:\\a\\xet-core\\xet-core\\xet_client\\src\\common\\http_client.rs","line_number":288}
{"timestamp":"2026-07-31T15:06:34.197242Z","level":"INFO","fields":{"message":"Request Success: s3::get_range api call succeeded (request id 01KYWBCWDN3VS0812PKGMHHZ64)."},"filename":"D:\\a\\xet-core\\xet-core\\xet_client\\src\\cas_client\\retry_wrapper.rs","line_number":196}
{"timestamp":"2026-07-31T15:06:34.460264Z","level":"INFO","fields":{"message":"Retry strategy","max_attempts":5,"base_delay":"3s","no_retry_on_429":false},"filename":"D:\\a\\xet-core\\xet-core\\xet_client\\src\\cas_client\\retry_wrapper.rs","line_number":235}
{"timestamp":"2026-07-31T15:06:34.638411Z","level":"INFO","fields":{"message":"Concurrency control for download: Increased concurrency from 18 to 19; reason: success ratio 1.000 is above threshold 0.800 and predicted RTT for 0MB at new concurrency is 29.69s < target 60.0s"},"filename":"D:\\a\\xet-core\\xet-core\\xet_client\\src\\cas_client\\adaptive_concurrency\\controller.rs","line_number":543}
{"timestamp":"2026-07-31T15:06:34.638455Z","level":"INFO","fields":{"message":"Retry strategy","max_attempts":5,"base_delay":"3s","no_retry_on_429":false},"filename":"D:\\a\\xet-core\\xet-core\\xet_client\\src\\cas_client\\retry_wrapper.rs","line_number":235}
{"timestamp":"2026-07-31T15:06:34.771689Z","level":"INFO","fields":{"message":"Received CAS response","request_id":"01KYWBCXD78KCPHKGDN3SQZX6H","status_code":206},"filename":"D:\\a\\xet-core\\xet-core\\xet_client\\src\\common\\http_client.rs","line_number":288}
{"timestamp":"2026-07-31T15:06:34.771711Z","level":"INFO","fields":{"message":"Request Success: s3::get_range api call succeeded (request id 01KYWBCXD78KCPHKGDN3SQZX6H)."},"filename":"D:\\a\\xet-core\\xet-core\\xet_client\\src\\cas_client\\retry_wrapper.rs","line_number":196}
{"timestamp":"2026-07-31T15:06:34.820617Z","level":"INFO","fields":{"message":"Retry strategy","max_attempts":5,"base_delay":"3s","no_retry_on_429":false},"filename":"D:\\a\\xet-core\\xet-core\\xet_client\\src\\cas_client\\retry_wrapper.rs","line_number":235}
{"timestamp":"2026-07-31T15:06:34.891719Z","level":"INFO","fields":{"message":"Concurrency control for download: Current concurrency = 19; predicted bandwidth = 608061; success_ratio = 1.000; reference_size = 1.0MB; observed bytes sent so far = 22790675; completed transmissions = 32"},"filename":"D:\\a\\xet-core\\xet-core\\xet_client\\src\\cas_client\\adaptive_concurrency\\controller.rs","line_number":597}
{"timestamp":"2026-07-31T15:06:34.891788Z","level":"INFO","fields":{"message":"Retry strategy","max_attempts":5,"base_delay":"3s","no_retry_on_429":false},"filename":"D:\\a\\xet-core\\xet-core\\xet_client\\src\\cas_client\\retry_wrapper.rs","line_number":235}
{"timestamp":"2026-07-31T15:06:35.017778Z","level":"INFO","fields":{"message":"Received CAS response","request_id":"01KYWBCXTSHH3SWPQNHPH3CF0E","status_code":206},"filename":"D:\\a\\xet-core\\xet-core\\xet_client\\src\\common\\http_client.rs","line_number":288}
{"timestamp":"2026-07-31T15:06:35.017798Z","level":"INFO","fields":{"message":"Request Success: s3::get_range api call succeeded (request id 01KYWBCXTSHH3SWPQNHPH3CF0E)."},"filename":"D:\\a\\xet-core\\xet-core\\xet_client\\src\\cas_client\\retry_wrapper.rs","line_number":196}
{"timestamp":"2026-07-31T15:06:35.168736Z","level":"INFO","fields":{"message":"Concurrency control for download: Increased concurrency from 19 to 20; reason: success ratio 1.000 is above threshold 0.800 and predicted RTT for 0MB at new concurrency is 30.72s < target 60.0s"},"filename":"D:\\a\\xet-core\\xet-core\\xet_client\\src\\cas_client\\adaptive_concurrency\\controller.rs","line_number":543}
{"timestamp":"2026-07-31T15:06:35.168773Z","level":"INFO","fields":{"message":"Retry strategy","max_attempts":5,"base_delay":"3s","no_retry_on_429":false},"filename":"D:\\a\\xet-core\\xet-core\\xet_client\\src\\cas_client\\retry_wrapper.rs","line_number":235}
{"timestamp":"2026-07-31T15:06:35.691019Z","level":"INFO","fields":{"message":"Received CAS response","request_id":"01KYWBCZ1BCHG8NSA9XE4MZ0XT","status_code":206},"filename":"D:\\a\\xet-core\\xet-core\\xet_client\\src\\common\\http_client.rs","line_number":288}
{"timestamp":"2026-07-31T15:06:35.691039Z","level":"INFO","fields":{"message":"Request Success: s3::get_range api call succeeded (request id 01KYWBCZ1BCHG8NSA9XE4MZ0XT)."},"filename":"D:\\a\\xet-core\\xet-core\\xet_client\\src\\cas_client\\retry_wrapper.rs","line_number":196}
{"timestamp":"2026-07-31T15:06:35.691072Z","level":"INFO","fields":{"message":"Concurrency control for download: Increased concurrency from 20 to 21; reason: success ratio 1.000 is above threshold 0.800 and predicted RTT for 0MB at new concurrency is 31.19s < target 60.0s"},"filename":"D:\\a\\xet-core\\xet-core\\xet_client\\src\\cas_client\\adaptive_concurrency\\controller.rs","line_number":543}
{"timestamp":"2026-07-31T15:06:35.691091Z","level":"INFO","fields":{"message":"Retry strategy","max_attempts":5,"base_delay":"3s","no_retry_on_429":false},"filename":"D:\\a\\xet-core\\xet-core\\xet_client\\src\\cas_client\\retry_wrapper.rs","line_number":235}
{"timestamp":"2026-07-31T15:06:35.739854Z","level":"INFO","fields":{"message":"Retry strategy","max_attempts":5,"base_delay":"3s","no_retry_on_429":false},"filename":"D:\\a\\xet-core\\xet-core\\xet_client\\src\\cas_client\\retry_wrapper.rs","line_number":235}
{"timestamp":"2026-07-31T15:06:35.760336Z","level":"INFO","fields":{"message":"Received CAS response","request_id":"01KYWBCZ91E99HHFVK8DM3P0TT","status_code":206},"filename":"D:\\a\\xet-core\\xet-core\\xet_client\\src\\common\\http_client.rs","line_number":288}
{"timestamp":"2026-07-31T15:06:35.760356Z","level":"INFO","fields":{"message":"Request Success: s3::get_range api call succeeded (request id 01KYWBCZ91E99HHFVK8DM3P0TT)."},"filename":"D:\\a\\xet-core\\xet-core\\xet_client\\src\\cas_client\\retry_wrapper.rs","line_number":196}
{"timestamp":"2026-07-31T15:06:35.793241Z","level":"INFO","fields":{"message":"Received CAS response","request_id":"01KYWBCZCX5N8J7ZKW15YMX3S2","status_code":206},"filename":"D:\\a\\xet-core\\xet-core\\xet_client\\src\\common\\http_client.rs","line_number":288}
{"timestamp":"2026-07-31T15:06:35.793259Z","level":"INFO","fields":{"message":"Request Success: s3::get_range api call succeeded (request id 01KYWBCZCX5N8J7ZKW15YMX3S2)."},"filename":"D:\\a\\xet-core\\xet-core\\xet_client\\src\\cas_client\\retry_wrapper.rs","line_number":196}
{"timestamp":"2026-07-31T15:06:35.876390Z","level":"INFO","fields":{"message":"Received CAS response","request_id":"01KYWBCZE4YQ0HHZMGGPJG7BAV","status_code":206},"filename":"D:\\a\\xet-core\\xet-core\\xet_client\\src\\common\\http_client.rs","line_number":288}
{"timestamp":"2026-07-31T15:06:35.876409Z","level":"INFO","fields":{"message":"Request Success: s3::get_range api call succeeded (request id 01KYWBCZE4YQ0HHZMGGPJG7BAV)."},"filename":"D:\\a\\xet-core\\xet-core\\xet_client\\src\\cas_client\\retry_wrapper.rs","line_number":196}
{"timestamp":"2026-07-31T15:06:35.920304Z","level":"INFO","fields":{"message":"Received CAS response","request_id":"01KYWBCZH9GJF046D15TTSMADP","status_code":206},"filename":"D:\\a\\xet-core\\xet-core\\xet_client\\src\\common\\http_client.rs","line_number":288}
{"timestamp":"2026-07-31T15:06:35.920324Z","level":"INFO","fields":{"message":"Request Success: s3::get_range api call succeeded (request id 01KYWBCZH9GJF046D15TTSMADP)."},"filename":"D:\\a\\xet-core\\xet-core\\xet_client\\src\\cas_client\\retry_wrapper.rs","line_number":196}
{"timestamp":"2026-07-31T15:06:36.202258Z","level":"INFO","fields":{"message":"Concurrency control for download: Increased concurrency from 21 to 22; reason: success ratio 1.000 is above threshold 0.800 and predicted RTT for 0MB at new concurrency is 32.70s < target 60.0s"},"filename":"D:\\a\\xet-core\\xet-core\\xet_client\\src\\cas_client\\adaptive_concurrency\\controller.rs","line_number":543}
{"timestamp":"2026-07-31T15:06:36.202287Z","level":"INFO","fields":{"message":"Retry strategy","max_attempts":5,"base_delay":"3s","no_retry_on_429":false},"filename":"D:\\a\\xet-core\\xet-core\\xet_client\\src\\cas_client\\retry_wrapper.rs","line_number":235}
{"timestamp":"2026-07-31T15:06:36.541064Z","level":"INFO","fields":{"message":"Received CAS response","request_id":"01KYWBCZVFX3B7GRYGF7ANM0HC","status_code":206},"filename":"D:\\a\\xet-core\\xet-core\\xet_client\\src\\common\\http_client.rs","line_number":288}
{"timestamp":"2026-07-31T15:06:36.541085Z","level":"INFO","fields":{"message":"Request Success: s3::get_range api call succeeded (request id 01KYWBCZVFX3B7GRYGF7ANM0HC)."},"filename":"D:\\a\\xet-core\\xet-core\\xet_client\\src\\cas_client\\retry_wrapper.rs","line_number":196}
{"timestamp":"2026-07-31T15:06:36.781151Z","level":"INFO","fields":{"message":"Concurrency control for download: Increased concurrency from 22 to 23; reason: success ratio 1.000 is above threshold 0.800 and predicted RTT for 0MB at new concurrency is 31.50s < target 60.0s"},"filename":"D:\\a\\xet-core\\xet-core\\xet_client\\src\\cas_client\\adaptive_concurrency\\controller.rs","line_number":543}
{"timestamp":"2026-07-31T15:06:36.781185Z","level":"INFO","fields":{"message":"Retry strategy","max_attempts":5,"base_delay":"3s","no_retry_on_429":false},"filename":"D:\\a\\xet-core\\xet-core\\xet_client\\src\\cas_client\\retry_wrapper.rs","line_number":235}
{"timestamp":"2026-07-31T15:06:37.281277Z","level":"INFO","fields":{"message":"Concurrency control for download: Increased concurrency from 23 to 24; reason: success ratio 1.000 is above threshold 0.800 and predicted RTT for 0MB at new concurrency is 30.13s < target 60.0s"},"filename":"D:\\a\\xet-core\\xet-core\\xet_client\\src\\cas_client\\adaptive_concurrency\\controller.rs","line_number":543}
{"timestamp":"2026-07-31T15:06:37.281318Z","level":"INFO","fields":{"message":"Retry strategy","max_attempts":5,"base_delay":"3s","no_retry_on_429":false},"filename":"D:\\a\\xet-core\\xet-core\\xet_client\\src\\cas_client\\retry_wrapper.rs","line_number":235}
{"timestamp":"2026-07-31T15:06:37.933289Z","level":"INFO","fields":{"message":"Concurrency control for download: Increased concurrency from 24 to 25; reason: success ratio 1.000 is above threshold 0.800 and predicted RTT for 0MB at new concurrency is 30.03s < target 60.0s"},"filename":"D:\\a\\xet-core\\xet-core\\xet_client\\src\\cas_client\\adaptive_concurrency\\controller.rs","line_number":543}
{"timestamp":"2026-07-31T15:06:37.933327Z","level":"INFO","fields":{"message":"Retry strategy","max_attempts":5,"base_delay":"3s","no_retry_on_429":false},"filename":"D:\\a\\xet-core\\xet-core\\xet_client\\src\\cas_client\\retry_wrapper.rs","line_number":235}
{"timestamp":"2026-07-31T15:06:37.967457Z","level":"INFO","fields":{"message":"Received CAS response","request_id":"01KYWBD0988JFP78PXDE4FX85B","status_code":206},"filename":"D:\\a\\xet-core\\xet-core\\xet_client\\src\\common\\http_client.rs","line_number":288}
{"timestamp":"2026-07-31T15:06:37.967477Z","level":"INFO","fields":{"message":"Request Success: s3::get_range api call succeeded (request id 01KYWBD0988JFP78PXDE4FX85B)."},"filename":"D:\\a\\xet-core\\xet-core\\xet_client\\src\\cas_client\\retry_wrapper.rs","line_number":196}
{"timestamp":"2026-07-31T15:06:38.229923Z","level":"INFO","fields":{"message":"Received CAS response","request_id":"01KYWBD0B1F1D9JQXX4DHSSAKA","status_code":206},"filename":"D:\\a\\xet-core\\xet-core\\xet_client\\src\\common\\http_client.rs","line_number":288}
{"timestamp":"2026-07-31T15:06:38.229947Z","level":"INFO","fields":{"message":"Request Success: s3::get_range api call succeeded (request id 01KYWBD0B1F1D9JQXX4DHSSAKA)."},"filename":"D:\\a\\xet-core\\xet-core\\xet_client\\src\\cas_client\\retry_wrapper.rs","line_number":196}
{"timestamp":"2026-07-31T15:06:38.244790Z","level":"INFO","fields":{"message":"Received CAS response","request_id":"01KYWBD0B9BMVH57GKF0DKZ2Y7","status_code":206},"filename":"D:\\a\\xet-core\\xet-core\\xet_client\\src\\common\\http_client.rs","line_number":288}
{"timestamp":"2026-07-31T15:06:38.244812Z","level":"INFO","fields":{"message":"Request Success: s3::get_range api call succeeded (request id 01KYWBD0B9BMVH57GKF0DKZ2Y7)."},"filename":"D:\\a\\xet-core\\xet-core\\xet_client\\src\\cas_client\\retry_wrapper.rs","line_number":196}
{"timestamp":"2026-07-31T15:06:38.515286Z","level":"INFO","fields":{"message":"Concurrency control for download: Increased concurrency from 25 to 26; reason: success ratio 1.000 is above threshold 0.800 and predicted RTT for 0MB at new concurrency is 29.25s < target 60.0s"},"filename":"D:\\a\\xet-core\\xet-core\\xet_client\\src\\cas_client\\adaptive_concurrency\\controller.rs","line_number":543}
{"timestamp":"2026-07-31T15:06:38.515340Z","level":"INFO","fields":{"message":"Retry strategy","max_attempts":5,"base_delay":"3s","no_retry_on_429":false},"filename":"D:\\a\\xet-core\\xet-core\\xet_client\\src\\cas_client\\retry_wrapper.rs","line_number":235}
{"timestamp":"2026-07-31T15:06:39.069771Z","level":"INFO","fields":{"message":"Received CAS response","request_id":"01KYWBD0MCF58BBCHZRMXHJMHG","status_code":206},"filename":"D:\\a\\xet-core\\xet-core\\xet_client\\src\\common\\http_client.rs","line_number":288}
{"timestamp":"2026-07-31T15:06:39.069796Z","level":"INFO","fields":{"message":"Request Success: s3::get_range api call succeeded (request id 01KYWBD0MCF58BBCHZRMXHJMHG)."},"filename":"D:\\a\\xet-core\\xet-core\\xet_client\\src\\cas_client\\retry_wrapper.rs","line_number":196}
{"timestamp":"2026-07-31T15:06:39.121495Z","level":"INFO","fields":{"message":"Concurrency control for download: Increased concurrency from 26 to 27; reason: success ratio 1.000 is above threshold 0.800 and predicted RTT for 0MB at new concurrency is 34.03s < target 60.0s"},"filename":"D:\\a\\xet-core\\xet-core\\xet_client\\src\\cas_client\\adaptive_concurrency\\controller.rs","line_number":543}
{"timestamp":"2026-07-31T15:06:39.121547Z","level":"INFO","fields":{"message":"Retry strategy","max_attempts":5,"base_delay":"3s","no_retry_on_429":false},"filename":"D:\\a\\xet-core\\xet-core\\xet_client\\src\\cas_client\\retry_wrapper.rs","line_number":235}
{"timestamp":"2026-07-31T15:06:39.121553Z","level":"INFO","fields":{"message":"Retry strategy","max_attempts":5,"base_delay":"3s","no_retry_on_429":false},"filename":"D:\\a\\xet-core\\xet-core\\xet_client\\src\\cas_client\\retry_wrapper.rs","line_number":235}
{"timestamp":"2026-07-31T15:06:39.337006Z","level":"INFO","fields":{"message":"Retry strategy","max_attempts":5,"base_delay":"3s","no_retry_on_429":false},"filename":"D:\\a\\xet-core\\xet-core\\xet_client\\src\\cas_client\\retry_wrapper.rs","line_number":235}
{"timestamp":"2026-07-31T15:06:39.536425Z","level":"INFO","fields":{"message":"Received CAS response","request_id":"01KYWBD18ZBD0BY03GP5A50D8S","status_code":206},"filename":"D:\\a\\xet-core\\xet-core\\xet_client\\src\\common\\http_client.rs","line_number":288}
{"timestamp":"2026-07-31T15:06:39.536444Z","level":"INFO","fields":{"message":"Request Success: s3::get_range api call succeeded (request id 01KYWBD18ZBD0BY03GP5A50D8S)."},"filename":"D:\\a\\xet-core\\xet-core\\xet_client\\src\\cas_client\\retry_wrapper.rs","line_number":196}
{"timestamp":"2026-07-31T15:06:39.731330Z","level":"INFO","fields":{"message":"Concurrency control for download: Increased concurrency from 27 to 28; reason: success ratio 1.000 is above threshold 0.800 and predicted RTT for 0MB at new concurrency is 25.35s < target 60.0s"},"filename":"D:\\a\\xet-core\\xet-core\\xet_client\\src\\cas_client\\adaptive_concurrency\\controller.rs","line_number":543}
{"timestamp":"2026-07-31T15:06:39.731369Z","level":"INFO","fields":{"message":"Retry strategy","max_attempts":5,"base_delay":"3s","no_retry_on_429":false},"filename":"D:\\a\\xet-core\\xet-core\\xet_client\\src\\cas_client\\retry_wrapper.rs","line_number":235}
{"timestamp":"2026-07-31T15:06:40.019581Z","level":"INFO","fields":{"message":"Received CAS response","request_id":"01KYWBD1P2QX38XS6N7FSRCMCH","status_code":206},"filename":"D:\\a\\xet-core\\xet-core\\xet_client\\src\\common\\http_client.rs","line_number":288}
{"timestamp":"2026-07-31T15:06:40.019622Z","level":"INFO","fields":{"message":"Request Success: s3::get_range api call succeeded (request id 01KYWBD1P2QX38XS6N7FSRCMCH)."},"filename":"D:\\a\\xet-core\\xet-core\\xet_client\\src\\cas_client\\retry_wrapper.rs","line_number":196}
{"timestamp":"2026-07-31T15:06:40.317777Z","level":"INFO","fields":{"message":"Concurrency control for download: Increased concurrency from 28 to 29; reason: success ratio 1.000 is above threshold 0.800 and predicted RTT for 0MB at new concurrency is 25.59s < target 60.0s"},"filename":"D:\\a\\xet-core\\xet-core\\xet_client\\src\\cas_client\\adaptive_concurrency\\controller.rs","line_number":543}
{"timestamp":"2026-07-31T15:06:40.317816Z","level":"INFO","fields":{"message":"Retry strategy","max_attempts":5,"base_delay":"3s","no_retry_on_429":false},"filename":"D:\\a\\xet-core\\xet-core\\xet_client\\src\\cas_client\\retry_wrapper.rs","line_number":235}
{"timestamp":"2026-07-31T15:06:40.425142Z","level":"INFO","fields":{"message":"Received CAS response","request_id":"01KYWBD2ADS70JR82J44XY907J","status_code":206},"filename":"D:\\a\\xet-core\\xet-core\\xet_client\\src\\common\\http_client.rs","line_number":288}
{"timestamp":"2026-07-31T15:06:40.425164Z","level":"INFO","fields":{"message":"Request Success: s3::get_range api call succeeded (request id 01KYWBD2ADS70JR82J44XY907J)."},"filename":"D:\\a\\xet-core\\xet-core\\xet_client\\src\\cas_client\\retry_wrapper.rs","line_number":196}
{"timestamp":"2026-07-31T15:06:40.817967Z","level":"INFO","fields":{"message":"Concurrency control for download: Increased concurrency from 29 to 30; reason: success ratio 1.000 is above threshold 0.800 and predicted RTT for 0MB at new concurrency is 26.05s < target 60.0s"},"filename":"D:\\a\\xet-core\\xet-core\\xet_client\\src\\cas_client\\adaptive_concurrency\\controller.rs","line_number":543}
{"timestamp":"2026-07-31T15:06:40.818005Z","level":"INFO","fields":{"message":"Retry strategy","max_attempts":5,"base_delay":"3s","no_retry_on_429":false},"filename":"D:\\a\\xet-core\\xet-core\\xet_client\\src\\cas_client\\retry_wrapper.rs","line_number":235}
{"timestamp":"2026-07-31T15:06:41.227126Z","level":"INFO","fields":{"message":"Received CAS response","request_id":"01KYWBD2X30CAH0V238FY1KK39","status_code":206},"filename":"D:\\a\\xet-core\\xet-core\\xet_client\\src\\common\\http_client.rs","line_number":288}
{"timestamp":"2026-07-31T15:06:41.227145Z","level":"INFO","fields":{"message":"Request Success: s3::get_range api call succeeded (request id 01KYWBD2X30CAH0V238FY1KK39)."},"filename":"D:\\a\\xet-core\\xet-core\\xet_client\\src\\cas_client\\retry_wrapper.rs","line_number":196}
{"timestamp":"2026-07-31T15:06:41.361060Z","level":"INFO","fields":{"message":"Concurrency control for download: Increased concurrency from 30 to 31; reason: success ratio 1.000 is above threshold 0.800 and predicted RTT for 0MB at new concurrency is 26.66s < target 60.0s"},"filename":"D:\\a\\xet-core\\xet-core\\xet_client\\src\\cas_client\\adaptive_concurrency\\controller.rs","line_number":543}
{"timestamp":"2026-07-31T15:06:41.361106Z","level":"INFO","fields":{"message":"Retry strategy","max_attempts":5,"base_delay":"3s","no_retry_on_429":false},"filename":"D:\\a\\xet-core\\xet-core\\xet_client\\src\\cas_client\\retry_wrapper.rs","line_number":235}
{"timestamp":"2026-07-31T15:06:41.555998Z","level":"INFO","fields":{"message":"Received CAS response","request_id":"01KYWBD3GRWHGT46MFC7A7H13A","status_code":206},"filename":"D:\\a\\xet-core\\xet-core\\xet_client\\src\\common\\http_client.rs","line_number":288}
{"timestamp":"2026-07-31T15:06:41.556020Z","level":"INFO","fields":{"message":"Request Success: s3::get_range api call succeeded (request id 01KYWBD3GRWHGT46MFC7A7H13A)."},"filename":"D:\\a\\xet-core\\xet-core\\xet_client\\src\\cas_client\\retry_wrapper.rs","line_number":196}
{"timestamp":"2026-07-31T15:06:41.597213Z","level":"INFO","fields":{"message":"Received CAS response","request_id":"01KYWBD3GWY8FTVEYT8NZW8NX7","status_code":206},"filename":"D:\\a\\xet-core\\xet-core\\xet_client\\src\\common\\http_client.rs","line_number":288}
{"timestamp":"2026-07-31T15:06:41.597235Z","level":"INFO","fields":{"message":"Request Success: s3::get_range api call succeeded (request id 01KYWBD3GWY8FTVEYT8NZW8NX7)."},"filename":"D:\\a\\xet-core\\xet-core\\xet_client\\src\\cas_client\\retry_wrapper.rs","line_number":196}
{"timestamp":"2026-07-31T15:06:41.882583Z","level":"INFO","fields":{"message":"Received CAS response","request_id":"01KYWBD3PP13YA9CQN9VKCM0P0","status_code":206},"filename":"D:\\a\\xet-core\\xet-core\\xet_client\\src\\common\\http_client.rs","line_number":288}
{"timestamp":"2026-07-31T15:06:41.882603Z","level":"INFO","fields":{"message":"Request Success: s3::get_range api call succeeded (request id 01KYWBD3PP13YA9CQN9VKCM0P0)."},"filename":"D:\\a\\xet-core\\xet-core\\xet_client\\src\\cas_client\\retry_wrapper.rs","line_number":196}
{"timestamp":"2026-07-31T15:06:41.927329Z","level":"INFO","fields":{"message":"Concurrency control for download: Increased concurrency from 31 to 32; reason: success ratio 1.000 is above threshold 0.800 and predicted RTT for 0MB at new concurrency is 27.03s < target 60.0s"},"filename":"D:\\a\\xet-core\\xet-core\\xet_client\\src\\cas_client\\adaptive_concurrency\\controller.rs","line_number":543}
{"timestamp":"2026-07-31T15:06:41.927368Z","level":"INFO","fields":{"message":"Retry strategy","max_attempts":5,"base_delay":"3s","no_retry_on_429":false},"filename":"D:\\a\\xet-core\\xet-core\\xet_client\\src\\cas_client\\retry_wrapper.rs","line_number":235}
{"timestamp":"2026-07-31T15:06:42.456147Z","level":"INFO","fields":{"message":"Concurrency control for download: Increased concurrency from 32 to 33; reason: success ratio 1.000 is above threshold 0.800 and predicted RTT for 0MB at new concurrency is 27.09s < target 60.0s"},"filename":"D:\\a\\xet-core\\xet-core\\xet_client\\src\\cas_client\\adaptive_concurrency\\controller.rs","line_number":543}
{"timestamp":"2026-07-31T15:06:42.456182Z","level":"INFO","fields":{"message":"Retry strategy","max_attempts":5,"base_delay":"3s","no_retry_on_429":false},"filename":"D:\\a\\xet-core\\xet-core\\xet_client\\src\\cas_client\\retry_wrapper.rs","line_number":235}
{"timestamp":"2026-07-31T15:06:43.541597Z","level":"INFO","fields":{"message":"Concurrency control for download: Increased concurrency from 33 to 34; reason: success ratio 1.000 is above threshold 0.800 and predicted RTT for 0MB at new concurrency is 27.43s < target 60.0s"},"filename":"D:\\a\\xet-core\\xet-core\\xet_client\\src\\cas_client\\adaptive_concurrency\\controller.rs","line_number":543}
{"timestamp":"2026-07-31T15:06:43.541631Z","level":"INFO","fields":{"message":"Retry strategy","max_attempts":5,"base_delay":"3s","no_retry_on_429":false},"filename":"D:\\a\\xet-core\\xet-core\\xet_client\\src\\cas_client\\retry_wrapper.rs","line_number":235}
{"timestamp":"2026-07-31T15:06:44.184295Z","level":"INFO","fields":{"message":"Concurrency control for download: Increased concurrency from 34 to 35; reason: success ratio 1.000 is above threshold 0.800 and predicted RTT for 0MB at new concurrency is 26.66s < target 60.0s"},"filename":"D:\\a\\xet-core\\xet-core\\xet_client\\src\\cas_client\\adaptive_concurrency\\controller.rs","line_number":543}
{"timestamp":"2026-07-31T15:06:44.184346Z","level":"INFO","fields":{"message":"Retry strategy","max_attempts":5,"base_delay":"3s","no_retry_on_429":false},"filename":"D:\\a\\xet-core\\xet-core\\xet_client\\src\\cas_client\\retry_wrapper.rs","line_number":235}
{"timestamp":"2026-07-31T15:06:44.184356Z","level":"INFO","fields":{"message":"Retry strategy","max_attempts":5,"base_delay":"3s","no_retry_on_429":false},"filename":"D:\\a\\xet-core\\xet-core\\xet_client\\src\\cas_client\\retry_wrapper.rs","line_number":235}
{"timestamp":"2026-07-31T15:06:44.691162Z","level":"INFO","fields":{"message":"Concurrency control for download: Increased concurrency from 35 to 36; reason: success ratio 1.000 is above threshold 0.800 and predicted RTT for 0MB at new concurrency is 26.61s < target 60.0s"},"filename":"D:\\a\\xet-core\\xet-core\\xet_client\\src\\cas_client\\adaptive_concurrency\\controller.rs","line_number":543}
{"timestamp":"2026-07-31T15:06:44.691208Z","level":"INFO","fields":{"message":"Retry strategy","max_attempts":5,"base_delay":"3s","no_retry_on_429":false},"filename":"D:\\a\\xet-core\\xet-core\\xet_client\\src\\cas_client\\retry_wrapper.rs","line_number":235}
{"timestamp":"2026-07-31T15:06:44.906566Z","level":"INFO","fields":{"message":"Concurrency control for download: Current concurrency = 36; predicted bandwidth = 1049020; success_ratio = 1.000; reference_size = 1.0MB; observed bytes sent so far = 27003132; completed transmissions = 37"},"filename":"D:\\a\\xet-core\\xet-core\\xet_client\\src\\cas_client\\adaptive_concurrency\\controller.rs","line_number":597}
{"timestamp":"2026-07-31T15:06:45.467656Z","level":"INFO","fields":{"message":"Concurrency control for download: Increased concurrency from 36 to 37; reason: success ratio 1.000 is above threshold 0.800 and predicted RTT for 0MB at new concurrency is 26.25s < target 60.0s"},"filename":"D:\\a\\xet-core\\xet-core\\xet_client\\src\\cas_client\\adaptive_concurrency\\controller.rs","line_number":543}
{"timestamp":"2026-07-31T15:06:45.467763Z","level":"INFO","fields":{"message":"Retry strategy","max_attempts":5,"base_delay":"3s","no_retry_on_429":false},"filename":"D:\\a\\xet-core\\xet-core\\xet_client\\src\\cas_client\\retry_wrapper.rs","line_number":235}
{"timestamp":"2026-07-31T15:06:46.196023Z","level":"INFO","fields":{"message":"Concurrency control for download: Increased concurrency from 37 to 38; reason: success ratio 1.000 is above threshold 0.800 and predicted RTT for 0MB at new concurrency is 26.54s < target 60.0s"},"filename":"D:\\a\\xet-core\\xet-core\\xet_client\\src\\cas_client\\adaptive_concurrency\\controller.rs","line_number":543}
{"timestamp":"2026-07-31T15:06:46.196059Z","level":"INFO","fields":{"message":"Retry strategy","max_attempts":5,"base_delay":"3s","no_retry_on_429":false},"filename":"D:\\a\\xet-core\\xet-core\\xet_client\\src\\cas_client\\retry_wrapper.rs","line_number":235}
{"timestamp":"2026-07-31T15:06:46.715407Z","level":"INFO","fields":{"message":"Concurrency control for download: Increased concurrency from 38 to 39; reason: success ratio 1.000 is above threshold 0.800 and predicted RTT for 0MB at new concurrency is 26.53s < target 60.0s"},"filename":"D:\\a\\xet-core\\xet-core\\xet_client\\src\\cas_client\\adaptive_concurrency\\controller.rs","line_number":543}
{"timestamp":"2026-07-31T15:06:46.715446Z","level":"INFO","fields":{"message":"Retry strategy","max_attempts":5,"base_delay":"3s","no_retry_on_429":false},"filename":"D:\\a\\xet-core\\xet-core\\xet_client\\src\\cas_client\\retry_wrapper.rs","line_number":235}
{"timestamp":"2026-07-31T15:06:47.222624Z","level":"INFO","fields":{"message":"Concurrency control for download: Increased concurrency from 39 to 40; reason: success ratio 1.000 is above threshold 0.800 and predicted RTT for 0MB at new concurrency is 26.56s < target 60.0s"},"filename":"D:\\a\\xet-core\\xet-core\\xet_client\\src\\cas_client\\adaptive_concurrency\\controller.rs","line_number":543}
{"timestamp":"2026-07-31T15:06:47.222660Z","level":"INFO","fields":{"message":"Retry strategy","max_attempts":5,"base_delay":"3s","no_retry_on_429":false},"filename":"D:\\a\\xet-core\\xet-core\\xet_client\\src\\cas_client\\retry_wrapper.rs","line_number":235}
{"timestamp":"2026-07-31T15:06:47.256896Z","level":"INFO","fields":{"message":"Received CAS response","request_id":"01KYWBD8E8B2FT4K1K43DQ4P45","status_code":206},"filename":"D:\\a\\xet-core\\xet-core\\xet_client\\src\\common\\http_client.rs","line_number":288}
{"timestamp":"2026-07-31T15:06:47.256914Z","level":"INFO","fields":{"message":"Request Success: s3::get_range api call succeeded (request id 01KYWBD8E8B2FT4K1K43DQ4P45)."},"filename":"D:\\a\\xet-core\\xet-core\\xet_client\\src\\cas_client\\retry_wrapper.rs","line_number":196}
{"timestamp":"2026-07-31T15:06:47.321696Z","level":"INFO","fields":{"message":"Received CAS response","request_id":"01KYWBD8FMFPAK62WR5QQC5W9N","status_code":206},"filename":"D:\\a\\xet-core\\xet-core\\xet_client\\src\\common\\http_client.rs","line_number":288}
{"timestamp":"2026-07-31T15:06:47.321725Z","level":"INFO","fields":{"message":"Request Success: s3::get_range api call succeeded (request id 01KYWBD8FMFPAK62WR5QQC5W9N)."},"filename":"D:\\a\\xet-core\\xet-core\\xet_client\\src\\cas_client\\retry_wrapper.rs","line_number":196}
{"timestamp":"2026-07-31T15:06:47.882290Z","level":"INFO","fields":{"message":"Concurrency control for download: Increased concurrency from 40 to 41; reason: success ratio 1.000 is above threshold 0.800 and predicted RTT for 0MB at new concurrency is 26.86s < target 60.0s"},"filename":"D:\\a\\xet-core\\xet-core\\xet_client\\src\\cas_client\\adaptive_concurrency\\controller.rs","line_number":543}
{"timestamp":"2026-07-31T15:06:47.882333Z","level":"INFO","fields":{"message":"Retry strategy","max_attempts":5,"base_delay":"3s","no_retry_on_429":false},"filename":"D:\\a\\xet-core\\xet-core\\xet_client\\src\\cas_client\\retry_wrapper.rs","line_number":235}
{"timestamp":"2026-07-31T15:06:48.306241Z","level":"INFO","fields":{"message":"Retry strategy","max_attempts":5,"base_delay":"3s","no_retry_on_429":false},"filename":"D:\\a\\xet-core\\xet-core\\xet_client\\src\\cas_client\\retry_wrapper.rs","line_number":235}
{"timestamp":"2026-07-31T15:06:48.445565Z","level":"INFO","fields":{"message":"Concurrency control for download: Increased concurrency from 41 to 42; reason: success ratio 1.000 is above threshold 0.800 and predicted RTT for 0MB at new concurrency is 27.74s < target 60.0s"},"filename":"D:\\a\\xet-core\\xet-core\\xet_client\\src\\cas_client\\adaptive_concurrency\\controller.rs","line_number":543}
{"timestamp":"2026-07-31T15:06:48.445604Z","level":"INFO","fields":{"message":"Retry strategy","max_attempts":5,"base_delay":"3s","no_retry_on_429":false},"filename":"D:\\a\\xet-core\\xet-core\\xet_client\\src\\cas_client\\retry_wrapper.rs","line_number":235}
{"timestamp":"2026-07-31T15:06:48.503779Z","level":"INFO","fields":{"message":"Retry strategy","max_attempts":5,"base_delay":"3s","no_retry_on_429":false},"filename":"D:\\a\\xet-core\\xet-core\\xet_client\\src\\cas_client\\retry_wrapper.rs","line_number":235}
{"timestamp":"2026-07-31T15:06:48.531589Z","level":"INFO","fields":{"message":"Received CAS response","request_id":"01KYWBD9T136XPET5BSBRZ32RC","status_code":206},"filename":"D:\\a\\xet-core\\xet-core\\xet_client\\src\\common\\http_client.rs","line_number":288}
{"timestamp":"2026-07-31T15:06:48.531608Z","level":"INFO","fields":{"message":"Request Success: s3::get_range api call succeeded (request id 01KYWBD9T136XPET5BSBRZ32RC)."},"filename":"D:\\a\\xet-core\\xet-core\\xet_client\\src\\cas_client\\retry_wrapper.rs","line_number":196}
{"timestamp":"2026-07-31T15:06:48.633624Z","level":"INFO","fields":{"message":"Received CAS response","request_id":"01KYWBDA48AZ9E5Y7KGJA10SCM","status_code":206},"filename":"D:\\a\\xet-core\\xet-core\\xet_client\\src\\common\\http_client.rs","line_number":288}
{"timestamp":"2026-07-31T15:06:48.633646Z","level":"INFO","fields":{"message":"Request Success: s3::get_range api call succeeded (request id 01KYWBDA48AZ9E5Y7KGJA10SCM)."},"filename":"D:\\a\\xet-core\\xet-core\\xet_client\\src\\cas_client\\retry_wrapper.rs","line_number":196}
{"timestamp":"2026-07-31T15:06:48.719630Z","level":"INFO","fields":{"message":"Retry strategy","max_attempts":5,"base_delay":"3s","no_retry_on_429":false},"filename":"D:\\a\\xet-core\\xet-core\\xet_client\\src\\cas_client\\retry_wrapper.rs","line_number":235}
{"timestamp":"2026-07-31T15:06:48.946440Z","level":"INFO","fields":{"message":"Received CAS response","request_id":"01KYWBDAEX305VKMRZBHMW5XGY","status_code":206},"filename":"D:\\a\\xet-core\\xet-core\\xet_client\\src\\common\\http_client.rs","line_number":288}
{"timestamp":"2026-07-31T15:06:48.946457Z","level":"INFO","fields":{"message":"Request Success: s3::get_range api call succeeded (request id 01KYWBDAEX305VKMRZBHMW5XGY)."},"filename":"D:\\a\\xet-core\\xet-core\\xet_client\\src\\cas_client\\retry_wrapper.rs","line_number":196}
{"timestamp":"2026-07-31T15:06:48.948874Z","level":"INFO","fields":{"message":"Concurrency control for download: Increased concurrency from 42 to 43; reason: success ratio 1.000 is above threshold 0.800 and predicted RTT for 0MB at new concurrency is 28.02s < target 60.0s"},"filename":"D:\\a\\xet-core\\xet-core\\xet_client\\src\\cas_client\\adaptive_concurrency\\controller.rs","line_number":543}
{"timestamp":"2026-07-31T15:06:48.948902Z","level":"INFO","fields":{"message":"Retry strategy","max_attempts":5,"base_delay":"3s","no_retry_on_429":false},"filename":"D:\\a\\xet-core\\xet-core\\xet_client\\src\\cas_client\\retry_wrapper.rs","line_number":235}
{"timestamp":"2026-07-31T15:06:49.085805Z","level":"INFO","fields":{"message":"Retry strategy","max_attempts":5,"base_delay":"3s","no_retry_on_429":false},"filename":"D:\\a\\xet-core\\xet-core\\xet_client\\src\\cas_client\\retry_wrapper.rs","line_number":235}
{"timestamp":"2026-07-31T15:06:49.162651Z","level":"INFO","fields":{"message":"Received CAS response","request_id":"01KYWBDAS22XRD8E3QM648G9G5","status_code":206},"filename":"D:\\a\\xet-core\\xet-core\\xet_client\\src\\common\\http_client.rs","line_number":288}
{"timestamp":"2026-07-31T15:06:49.162669Z","level":"INFO","fields":{"message":"Request Success: s3::get_range api call succeeded (request id 01KYWBDAS22XRD8E3QM648G9G5)."},"filename":"D:\\a\\xet-core\\xet-core\\xet_client\\src\\cas_client\\retry_wrapper.rs","line_number":196}
{"timestamp":"2026-07-31T15:06:49.466488Z","level":"INFO","fields":{"message":"Concurrency control for download: Increased concurrency from 43 to 44; reason: success ratio 1.000 is above threshold 0.800 and predicted RTT for 0MB at new concurrency is 30.00s < target 60.0s"},"filename":"D:\\a\\xet-core\\xet-core\\xet_client\\src\\cas_client\\adaptive_concurrency\\controller.rs","line_number":543}
{"timestamp":"2026-07-31T15:06:49.466527Z","level":"INFO","fields":{"message":"Retry strategy","max_attempts":5,"base_delay":"3s","no_retry_on_429":false},"filename":"D:\\a\\xet-core\\xet-core\\xet_client\\src\\cas_client\\retry_wrapper.rs","line_number":235}
{"timestamp":"2026-07-31T15:06:49.556177Z","level":"INFO","fields":{"message":"Received CAS response","request_id":"01KYWBDB876KW2TT6YF53TNC1V","status_code":206},"filename":"D:\\a\\xet-core\\xet-core\\xet_client\\src\\common\\http_client.rs","line_number":288}
{"timestamp":"2026-07-31T15:06:49.556198Z","level":"INFO","fields":{"message":"Request Success: s3::get_range api call succeeded (request id 01KYWBDB876KW2TT6YF53TNC1V)."},"filename":"D:\\a\\xet-core\\xet-core\\xet_client\\src\\cas_client\\retry_wrapper.rs","line_number":196}
{"timestamp":"2026-07-31T15:06:49.675602Z","level":"INFO","fields":{"message":"Received CAS response","request_id":"01KYWBDBEHRQ2D5KXBB6PBXMF0","status_code":206},"filename":"D:\\a\\xet-core\\xet-core\\xet_client\\src\\common\\http_client.rs","line_number":288}
{"timestamp":"2026-07-31T15:06:49.675627Z","level":"INFO","fields":{"message":"Request Success: s3::get_range api call succeeded (request id 01KYWBDBEHRQ2D5KXBB6PBXMF0)."},"filename":"D:\\a\\xet-core\\xet-core\\xet_client\\src\\cas_client\\retry_wrapper.rs","line_number":196}
{"timestamp":"2026-07-31T15:06:49.740699Z","level":"INFO","fields":{"message":"Received CAS response","request_id":"01KYWBDBTZ935AG4HE1NTJZJJH","status_code":206},"filename":"D:\\a\\xet-core\\xet-core\\xet_client\\src\\common\\http_client.rs","line_number":288}
{"timestamp":"2026-07-31T15:06:49.740717Z","level":"INFO","fields":{"message":"Request Success: s3::get_range api call succeeded (request id 01KYWBDBTZ935AG4HE1NTJZJJH)."},"filename":"D:\\a\\xet-core\\xet-core\\xet_client\\src\\cas_client\\retry_wrapper.rs","line_number":196}
{"timestamp":"2026-07-31T15:06:49.741929Z","level":"INFO","fields":{"message":"Received CAS response","request_id":"01KYWBDBV883JP8D35210KVF69","status_code":206},"filename":"D:\\a\\xet-core\\xet-core\\xet_client\\src\\common\\http_client.rs","line_number":288}
{"timestamp":"2026-07-31T15:06:49.741937Z","level":"INFO","fields":{"message":"Request Success: s3::get_range api call succeeded (request id 01KYWBDBV883JP8D35210KVF69)."},"filename":"D:\\a\\xet-core\\xet-core\\xet_client\\src\\cas_client\\retry_wrapper.rs","line_number":196}
{"timestamp":"2026-07-31T15:06:49.778681Z","level":"INFO","fields":{"message":"Retry strategy","max_attempts":5,"base_delay":"3s","no_retry_on_429":false},"filename":"D:\\a\\xet-core\\xet-core\\xet_client\\src\\cas_client\\retry_wrapper.rs","line_number":235}
{"timestamp":"2026-07-31T15:06:50.096893Z","level":"INFO","fields":{"message":"Concurrency control for download: Increased concurrency from 44 to 45; reason: success ratio 1.000 is above threshold 0.800 and predicted RTT for 0MB at new concurrency is 28.78s < target 60.0s"},"filename":"D:\\a\\xet-core\\xet-core\\xet_client\\src\\cas_client\\adaptive_concurrency\\controller.rs","line_number":543}
{"timestamp":"2026-07-31T15:06:50.096931Z","level":"INFO","fields":{"message":"Retry strategy","max_attempts":5,"base_delay":"3s","no_retry_on_429":false},"filename":"D:\\a\\xet-core\\xet-core\\xet_client\\src\\cas_client\\retry_wrapper.rs","line_number":235}
{"timestamp":"2026-07-31T15:06:50.271437Z","level":"INFO","fields":{"message":"Received CAS response","request_id":"01KYWBDCGSD43HDB8FEN2M0EGM","status_code":206},"filename":"D:\\a\\xet-core\\xet-core\\xet_client\\src\\common\\http_client.rs","line_number":288}
{"timestamp":"2026-07-31T15:06:50.271461Z","level":"INFO","fields":{"message":"Request Success: s3::get_range api call succeeded (request id 01KYWBDCGSD43HDB8FEN2M0EGM)."},"filename":"D:\\a\\xet-core\\xet-core\\xet_client\\src\\cas_client\\retry_wrapper.rs","line_number":196}
{"timestamp":"2026-07-31T15:06:50.315677Z","level":"INFO","fields":{"message":"Received CAS response","request_id":"01KYWBDCMNXDBXMH27439C8C7J","status_code":206},"filename":"D:\\a\\xet-core\\xet-core\\xet_client\\src\\common\\http_client.rs","line_number":288}
{"timestamp":"2026-07-31T15:06:50.315693Z","level":"INFO","fields":{"message":"Request Success: s3::get_range api call succeeded (request id 01KYWBDCMNXDBXMH27439C8C7J)."},"filename":"D:\\a\\xet-core\\xet-core\\xet_client\\src\\cas_client\\retry_wrapper.rs","line_number":196}
{"timestamp":"2026-07-31T15:06:50.347184Z","level":"INFO","fields":{"message":"Received CAS response","request_id":"01KYWBDCP3P1QZH7A4R1QHNYYP","status_code":206},"filename":"D:\\a\\xet-core\\xet-core\\xet_client\\src\\common\\http_client.rs","line_number":288}
{"timestamp":"2026-07-31T15:06:50.347198Z","level":"INFO","fields":{"message":"Request Success: s3::get_range api call succeeded (request id 01KYWBDCP3P1QZH7A4R1QHNYYP)."},"filename":"D:\\a\\xet-core\\xet-core\\xet_client\\src\\cas_client\\retry_wrapper.rs","line_number":196}
{"timestamp":"2026-07-31T15:06:50.348819Z","level":"INFO","fields":{"message":"Retry strategy","max_attempts":5,"base_delay":"3s","no_retry_on_429":false},"filename":"D:\\a\\xet-core\\xet-core\\xet_client\\src\\cas_client\\retry_wrapper.rs","line_number":235}
{"timestamp":"2026-07-31T15:06:50.444179Z","level":"INFO","fields":{"message":"Received CAS response","request_id":"01KYWBDCRM1RD291WHETPK37W5","status_code":206},"filename":"D:\\a\\xet-core\\xet-core\\xet_client\\src\\common\\http_client.rs","line_number":288}
{"timestamp":"2026-07-31T15:06:50.444196Z","level":"INFO","fields":{"message":"Request Success: s3::get_range api call succeeded (request id 01KYWBDCRM1RD291WHETPK37W5)."},"filename":"D:\\a\\xet-core\\xet-core\\xet_client\\src\\cas_client\\retry_wrapper.rs","line_number":196}
{"timestamp":"2026-07-31T15:06:50.518270Z","level":"INFO","fields":{"message":"Received CAS response","request_id":"01KYWBDCVDHSDZAVJVHQ7C8RRQ","status_code":206},"filename":"D:\\a\\xet-core\\xet-core\\xet_client\\src\\common\\http_client.rs","line_number":288}
{"timestamp":"2026-07-31T15:06:50.518287Z","level":"INFO","fields":{"message":"Request Success: s3::get_range api call succeeded (request id 01KYWBDCVDHSDZAVJVHQ7C8RRQ)."},"filename":"D:\\a\\xet-core\\xet-core\\xet_client\\src\\cas_client\\retry_wrapper.rs","line_number":196}
{"timestamp":"2026-07-31T15:06:50.615877Z","level":"INFO","fields":{"message":"Concurrency control for download: Increased concurrency from 45 to 46; reason: success ratio 1.000 is above threshold 0.800 and predicted RTT for 0MB at new concurrency is 28.86s < target 60.0s"},"filename":"D:\\a\\xet-core\\xet-core\\xet_client\\src\\cas_client\\adaptive_concurrency\\controller.rs","line_number":543}
{"timestamp":"2026-07-31T15:06:50.615910Z","level":"INFO","fields":{"message":"Retry strategy","max_attempts":5,"base_delay":"3s","no_retry_on_429":false},"filename":"D:\\a\\xet-core\\xet-core\\xet_client\\src\\cas_client\\retry_wrapper.rs","line_number":235}
{"timestamp":"2026-07-31T15:06:50.709313Z","level":"INFO","fields":{"message":"Retry strategy","max_attempts":5,"base_delay":"3s","no_retry_on_429":false},"filename":"D:\\a\\xet-core\\xet-core\\xet_client\\src\\cas_client\\retry_wrapper.rs","line_number":235}
{"timestamp":"2026-07-31T15:06:51.227232Z","level":"INFO","fields":{"message":"Concurrency control for download: Increased concurrency from 46 to 47; reason: success ratio 1.000 is above threshold 0.800 and predicted RTT for 0MB at new concurrency is 31.26s < target 60.0s"},"filename":"D:\\a\\xet-core\\xet-core\\xet_client\\src\\cas_client\\adaptive_concurrency\\controller.rs","line_number":543}
{"timestamp":"2026-07-31T15:06:51.227274Z","level":"INFO","fields":{"message":"Retry strategy","max_attempts":5,"base_delay":"3s","no_retry_on_429":false},"filename":"D:\\a\\xet-core\\xet-core\\xet_client\\src\\cas_client\\retry_wrapper.rs","line_number":235}
{"timestamp":"2026-07-31T15:06:51.257357Z","level":"INFO","fields":{"message":"Received CAS response","request_id":"01KYWBDD6Z3EMWE2H8K71HX8Q7","status_code":206},"filename":"D:\\a\\xet-core\\xet-core\\xet_client\\src\\common\\http_client.rs","line_number":288}
{"timestamp":"2026-07-31T15:06:51.257377Z","level":"INFO","fields":{"message":"Request Success: s3::get_range api call succeeded (request id 01KYWBDD6Z3EMWE2H8K71HX8Q7)."},"filename":"D:\\a\\xet-core\\xet-core\\xet_client\\src\\cas_client\\retry_wrapper.rs","line_number":196}
{"timestamp":"2026-07-31T15:06:51.555476Z","level":"INFO","fields":{"message":"Retry strategy","max_attempts":5,"base_delay":"3s","no_retry_on_429":false},"filename":"D:\\a\\xet-core\\xet-core\\xet_client\\src\\cas_client\\retry_wrapper.rs","line_number":235}
{"timestamp":"2026-07-31T15:06:51.641041Z","level":"INFO","fields":{"message":"Retry strategy","max_attempts":5,"base_delay":"3s","no_retry_on_429":false},"filename":"D:\\a\\xet-core\\xet-core\\xet_client\\src\\cas_client\\retry_wrapper.rs","line_number":235}
{"timestamp":"2026-07-31T15:06:51.688012Z","level":"INFO","fields":{"message":"Received CAS response","request_id":"01KYWBDDDQYWFNFFSTZF10WT5T","status_code":206},"filename":"D:\\a\\xet-core\\xet-core\\xet_client\\src\\common\\http_client.rs","line_number":288}
{"timestamp":"2026-07-31T15:06:51.688036Z","level":"INFO","fields":{"message":"Request Success: s3::get_range api call succeeded (request id 01KYWBDDDQYWFNFFSTZF10WT5T)."},"filename":"D:\\a\\xet-core\\xet-core\\xet_client\\src\\cas_client\\retry_wrapper.rs","line_number":196}
{"timestamp":"2026-07-31T15:06:51.753983Z","level":"INFO","fields":{"message":"Concurrency control for download: Increased concurrency from 47 to 48; reason: success ratio 1.000 is above threshold 0.800 and predicted RTT for 0MB at new concurrency is 41.04s < target 60.0s"},"filename":"D:\\a\\xet-core\\xet-core\\xet_client\\src\\cas_client\\adaptive_concurrency\\controller.rs","line_number":543}
{"timestamp":"2026-07-31T15:06:51.754018Z","level":"INFO","fields":{"message":"Retry strategy","max_attempts":5,"base_delay":"3s","no_retry_on_429":false},"filename":"D:\\a\\xet-core\\xet-core\\xet_client\\src\\cas_client\\retry_wrapper.rs","line_number":235}
{"timestamp":"2026-07-31T15:06:51.977561Z","level":"INFO","fields":{"message":"Retry strategy","max_attempts":5,"base_delay":"3s","no_retry_on_429":false},"filename":"D:\\a\\xet-core\\xet-core\\xet_client\\src\\cas_client\\retry_wrapper.rs","line_number":235}
{"timestamp":"2026-07-31T15:06:52.546976Z","level":"INFO","fields":{"message":"Concurrency control for download: Increased concurrency from 48 to 49; reason: success ratio 1.000 is above threshold 0.800 and predicted RTT for 0MB at new concurrency is 49.23s < target 60.0s"},"filename":"D:\\a\\xet-core\\xet-core\\xet_client\\src\\cas_client\\adaptive_concurrency\\controller.rs","line_number":543}
{"timestamp":"2026-07-31T15:06:52.547010Z","level":"INFO","fields":{"message":"Retry strategy","max_attempts":5,"base_delay":"3s","no_retry_on_429":false},"filename":"D:\\a\\xet-core\\xet-core\\xet_client\\src\\cas_client\\retry_wrapper.rs","line_number":235}
{"timestamp":"2026-07-31T15:06:52.754804Z","level":"INFO","fields":{"message":"Received CAS response","request_id":"01KYWBDDMHY6AFQNGHRQWK9CJC","status_code":206},"filename":"D:\\a\\xet-core\\xet-core\\xet_client\\src\\common\\http_client.rs","line_number":288}
{"timestamp":"2026-07-31T15:06:52.754823Z","level":"INFO","fields":{"message":"Request Success: s3::get_range api call succeeded (request id 01KYWBDDMHY6AFQNGHRQWK9CJC)."},"filename":"D:\\a\\xet-core\\xet-core\\xet_client\\src\\cas_client\\retry_wrapper.rs","line_number":196}
{"timestamp":"2026-07-31T15:06:52.977120Z","level":"INFO","fields":{"message":"Retry strategy","max_attempts":5,"base_delay":"3s","no_retry_on_429":false},"filename":"D:\\a\\xet-core\\xet-core\\xet_client\\src\\cas_client\\retry_wrapper.rs","line_number":235}
{"timestamp":"2026-07-31T15:06:53.060952Z","level":"INFO","fields":{"message":"Concurrency control for download: Increased concurrency from 49 to 50; reason: success ratio 1.000 is above threshold 0.800 and predicted RTT for 0MB at new concurrency is 57.78s < target 60.0s"},"filename":"D:\\a\\xet-core\\xet-core\\xet_client\\src\\cas_client\\adaptive_concurrency\\controller.rs","line_number":543}
{"timestamp":"2026-07-31T15:06:53.060998Z","level":"INFO","fields":{"message":"Retry strategy","max_attempts":5,"base_delay":"3s","no_retry_on_429":false},"filename":"D:\\a\\xet-core\\xet-core\\xet_client\\src\\cas_client\\retry_wrapper.rs","line_number":235}
{"timestamp":"2026-07-31T15:06:53.079297Z","level":"INFO","fields":{"message":"Received CAS response","request_id":"01KYWBDDV6GSKBPXAXZBGG5BWF","status_code":206},"filename":"D:\\a\\xet-core\\xet-core\\xet_client\\src\\common\\http_client.rs","line_number":288}
{"timestamp":"2026-07-31T15:06:53.079319Z","level":"INFO","fields":{"message":"Request Success: s3::get_range api call succeeded (request id 01KYWBDDV6GSKBPXAXZBGG5BWF)."},"filename":"D:\\a\\xet-core\\xet-core\\xet_client\\src\\cas_client\\retry_wrapper.rs","line_number":196}
{"timestamp":"2026-07-31T15:06:53.145854Z","level":"INFO","fields":{"message":"Received CAS response","request_id":"01KYWBDDWKSB4W11Z1SWTHQ0JW","status_code":206},"filename":"D:\\a\\xet-core\\xet-core\\xet_client\\src\\common\\http_client.rs","line_number":288}
{"timestamp":"2026-07-31T15:06:53.145873Z","level":"INFO","fields":{"message":"Request Success: s3::get_range api call succeeded (request id 01KYWBDDWKSB4W11Z1SWTHQ0JW)."},"filename":"D:\\a\\xet-core\\xet-core\\xet_client\\src\\cas_client\\retry_wrapper.rs","line_number":196}
{"timestamp":"2026-07-31T15:06:53.529384Z","level":"INFO","fields":{"message":"Received CAS response","request_id":"01KYWBDEBBPWXM71QNK5SAXWXD","status_code":206},"filename":"D:\\a\\xet-core\\xet-core\\xet_client\\src\\common\\http_client.rs","line_number":288}
{"timestamp":"2026-07-31T15:06:53.529407Z","level":"INFO","fields":{"message":"Request Success: s3::get_range api call succeeded (request id 01KYWBDEBBPWXM71QNK5SAXWXD)."},"filename":"D:\\a\\xet-core\\xet-core\\xet_client\\src\\cas_client\\retry_wrapper.rs","line_number":196}
{"timestamp":"2026-07-31T15:06:53.575632Z","level":"INFO","fields":{"message":"Concurrency control for download: Increased concurrency from 50 to 51; reason: success ratio 1.000 is above threshold 0.800 and predicted RTT for 0MB at new concurrency is 57.68s < target 60.0s"},"filename":"D:\\a\\xet-core\\xet-core\\xet_client\\src\\cas_client\\adaptive_concurrency\\controller.rs","line_number":543}
{"timestamp":"2026-07-31T15:06:53.575681Z","level":"INFO","fields":{"message":"Retry strategy","max_attempts":5,"base_delay":"3s","no_retry_on_429":false},"filename":"D:\\a\\xet-core\\xet-core\\xet_client\\src\\cas_client\\retry_wrapper.rs","line_number":235}
{"timestamp":"2026-07-31T15:06:53.922527Z","level":"INFO","fields":{"message":"Received CAS response","request_id":"01KYWBDEDX7F4BEKVJNB3XEXZE","status_code":206},"filename":"D:\\a\\xet-core\\xet-core\\xet_client\\src\\common\\http_client.rs","line_number":288}
{"timestamp":"2026-07-31T15:06:53.922550Z","level":"INFO","fields":{"message":"Request Success: s3::get_range api call succeeded (request id 01KYWBDEDX7F4BEKVJNB3XEXZE)."},"filename":"D:\\a\\xet-core\\xet-core\\xet_client\\src\\cas_client\\retry_wrapper.rs","line_number":196}
{"timestamp":"2026-07-31T15:06:54.050093Z","level":"INFO","fields":{"message":"Received CAS response","request_id":"01KYWBDEEVWHNE7D0KJ4FNY2Z8","status_code":206},"filename":"D:\\a\\xet-core\\xet-core\\xet_client\\src\\common\\http_client.rs","line_number":288}
{"timestamp":"2026-07-31T15:06:54.050113Z","level":"INFO","fields":{"message":"Request Success: s3::get_range api call succeeded (request id 01KYWBDEEVWHNE7D0KJ4FNY2Z8)."},"filename":"D:\\a\\xet-core\\xet-core\\xet_client\\src\\cas_client\\retry_wrapper.rs","line_number":196}
{"timestamp":"2026-07-31T15:06:54.082551Z","level":"INFO","fields":{"message":"Concurrency control for download: Increased concurrency from 51 to 52; reason: success ratio 1.000 is above threshold 0.800 and predicted RTT for 0MB at new concurrency is 52.66s < target 60.0s"},"filename":"D:\\a\\xet-core\\xet-core\\xet_client\\src\\cas_client\\adaptive_concurrency\\controller.rs","line_number":543}
{"timestamp":"2026-07-31T15:06:54.082583Z","level":"INFO","fields":{"message":"Retry strategy","max_attempts":5,"base_delay":"3s","no_retry_on_429":false},"filename":"D:\\a\\xet-core\\xet-core\\xet_client\\src\\cas_client\\retry_wrapper.rs","line_number":235}
{"timestamp":"2026-07-31T15:06:54.748195Z","level":"INFO","fields":{"message":"Concurrency control for download: Increased concurrency from 52 to 53; reason: success ratio 1.000 is above threshold 0.800 and predicted RTT for 0MB at new concurrency is 51.07s < target 60.0s"},"filename":"D:\\a\\xet-core\\xet-core\\xet_client\\src\\cas_client\\adaptive_concurrency\\controller.rs","line_number":543}
{"timestamp":"2026-07-31T15:06:54.748233Z","level":"INFO","fields":{"message":"Retry strategy","max_attempts":5,"base_delay":"3s","no_retry_on_429":false},"filename":"D:\\a\\xet-core\\xet-core\\xet_client\\src\\cas_client\\retry_wrapper.rs","line_number":235}
{"timestamp":"2026-07-31T15:06:54.777089Z","level":"INFO","fields":{"message":"Retry strategy","max_attempts":5,"base_delay":"3s","no_retry_on_429":false},"filename":"D:\\a\\xet-core\\xet-core\\xet_client\\src\\cas_client\\retry_wrapper.rs","line_number":235}
{"timestamp":"2026-07-31T15:06:54.969993Z","level":"INFO","fields":{"message":"Concurrency control for download: Current concurrency = 53; predicted bandwidth = 507669; success_ratio = 1.000; reference_size = 1.0MB; observed bytes sent so far = 30836620; completed transmissions = 49"},"filename":"D:\\a\\xet-core\\xet-core\\xet_client\\src\\cas_client\\adaptive_concurrency\\controller.rs","line_number":597}
{"timestamp":"2026-07-31T15:06:55.154849Z","level":"INFO","fields":{"message":"Retry strategy","max_attempts":5,"base_delay":"3s","no_retry_on_429":false},"filename":"D:\\a\\xet-core\\xet-core\\xet_client\\src\\cas_client\\retry_wrapper.rs","line_number":235}
{"timestamp":"2026-07-31T15:06:55.261469Z","level":"INFO","fields":{"message":"Concurrency control for download: Increased concurrency from 53 to 54; reason: success ratio 1.000 is above threshold 0.800 and predicted RTT for 0MB at new concurrency is 52.03s < target 60.0s"},"filename":"D:\\a\\xet-core\\xet-core\\xet_client\\src\\cas_client\\adaptive_concurrency\\controller.rs","line_number":543}
{"timestamp":"2026-07-31T15:06:55.261501Z","level":"INFO","fields":{"message":"Retry strategy","max_attempts":5,"base_delay":"3s","no_retry_on_429":false},"filename":"D:\\a\\xet-core\\xet-core\\xet_client\\src\\cas_client\\retry_wrapper.rs","line_number":235}
{"timestamp":"2026-07-31T15:06:55.509046Z","level":"INFO","fields":{"message":"Received CAS response","request_id":"01KYWBDEMTAKG4M5F1SR7TRPEX","status_code":206},"filename":"D:\\a\\xet-core\\xet-core\\xet_client\\src\\common\\http_client.rs","line_number":288}
{"timestamp":"2026-07-31T15:06:55.509073Z","level":"INFO","fields":{"message":"Request Success: s3::get_range api call succeeded (request id 01KYWBDEMTAKG4M5F1SR7TRPEX)."},"filename":"D:\\a\\xet-core\\xet-core\\xet_client\\src\\cas_client\\retry_wrapper.rs","line_number":196}
{"timestamp":"2026-07-31T15:06:55.779715Z","level":"INFO","fields":{"message":"Concurrency control for download: Increased concurrency from 54 to 55; reason: success ratio 1.000 is above threshold 0.800 and predicted RTT for 0MB at new concurrency is 49.10s < target 60.0s"},"filename":"D:\\a\\xet-core\\xet-core\\xet_client\\src\\cas_client\\adaptive_concurrency\\controller.rs","line_number":543}
{"timestamp":"2026-07-31T15:06:55.779752Z","level":"INFO","fields":{"message":"Retry strategy","max_attempts":5,"base_delay":"3s","no_retry_on_429":false},"filename":"D:\\a\\xet-core\\xet-core\\xet_client\\src\\cas_client\\retry_wrapper.rs","line_number":235}
{"timestamp":"2026-07-31T15:06:56.123408Z","level":"INFO","fields":{"message":"Received CAS response","request_id":"01KYWBDEPBH17HARTV2BZS3BP7","status_code":206},"filename":"D:\\a\\xet-core\\xet-core\\xet_client\\src\\common\\http_client.rs","line_number":288}
{"timestamp":"2026-07-31T15:06:56.123426Z","level":"INFO","fields":{"message":"Request Success: s3::get_range api call succeeded (request id 01KYWBDEPBH17HARTV2BZS3BP7)."},"filename":"D:\\a\\xet-core\\xet-core\\xet_client\\src\\cas_client\\retry_wrapper.rs","line_number":196}
{"timestamp":"2026-07-31T15:06:56.782304Z","level":"INFO","fields":{"message":"Concurrency control for download: Increased concurrency from 55 to 56; reason: success ratio 1.000 is above threshold 0.800 and predicted RTT for 0MB at new concurrency is 18.83s < target 60.0s"},"filename":"D:\\a\\xet-core\\xet-core\\xet_client\\src\\cas_client\\adaptive_concurrency\\controller.rs","line_number":543}
{"timestamp":"2026-07-31T15:06:56.782352Z","level":"INFO","fields":{"message":"Retry strategy","max_attempts":5,"base_delay":"3s","no_retry_on_429":false},"filename":"D:\\a\\xet-core\\xet-core\\xet_client\\src\\cas_client\\retry_wrapper.rs","line_number":235}
{"timestamp":"2026-07-31T15:06:56.782390Z","level":"INFO","fields":{"message":"Retry strategy","max_attempts":5,"base_delay":"3s","no_retry_on_429":false},"filename":"D:\\a\\xet-core\\xet-core\\xet_client\\src\\cas_client\\retry_wrapper.rs","line_number":235}
{"timestamp":"2026-07-31T15:06:57.095600Z","level":"INFO","fields":{"message":"Retry strategy","max_attempts":5,"base_delay":"3s","no_retry_on_429":false},"filename":"D:\\a\\xet-core\\xet-core\\xet_client\\src\\cas_client\\retry_wrapper.rs","line_number":235}
{"timestamp":"2026-07-31T15:06:57.500765Z","level":"INFO","fields":{"message":"Concurrency control for download: Increased concurrency from 56 to 57; reason: success ratio 1.000 is above threshold 0.800 and predicted RTT for 0MB at new concurrency is 17.91s < target 60.0s"},"filename":"D:\\a\\xet-core\\xet-core\\xet_client\\src\\cas_client\\adaptive_concurrency\\controller.rs","line_number":543}
{"timestamp":"2026-07-31T15:06:57.500802Z","level":"INFO","fields":{"message":"Retry strategy","max_attempts":5,"base_delay":"3s","no_retry_on_429":false},"filename":"D:\\a\\xet-core\\xet-core\\xet_client\\src\\cas_client\\retry_wrapper.rs","line_number":235}
{"timestamp":"2026-07-31T15:06:58.273561Z","level":"INFO","fields":{"message":"Concurrency control for download: Increased concurrency from 57 to 58; reason: success ratio 1.000 is above threshold 0.800 and predicted RTT for 0MB at new concurrency is 18.26s < target 60.0s"},"filename":"D:\\a\\xet-core\\xet-core\\xet_client\\src\\cas_client\\adaptive_concurrency\\controller.rs","line_number":543}
{"timestamp":"2026-07-31T15:06:58.273597Z","level":"INFO","fields":{"message":"Retry strategy","max_attempts":5,"base_delay":"3s","no_retry_on_429":false},"filename":"D:\\a\\xet-core\\xet-core\\xet_client\\src\\cas_client\\retry_wrapper.rs","line_number":235}
{"timestamp":"2026-07-31T15:06:58.773735Z","level":"INFO","fields":{"message":"Concurrency control for download: Increased concurrency from 58 to 59; reason: success ratio 1.000 is above threshold 0.800 and predicted RTT for 0MB at new concurrency is 18.40s < target 60.0s"},"filename":"D:\\a\\xet-core\\xet-core\\xet_client\\src\\cas_client\\adaptive_concurrency\\controller.rs","line_number":543}
{"timestamp":"2026-07-31T15:06:58.773775Z","level":"INFO","fields":{"message":"Retry strategy","max_attempts":5,"base_delay":"3s","no_retry_on_429":false},"filename":"D:\\a\\xet-core\\xet-core\\xet_client\\src\\cas_client\\retry_wrapper.rs","line_number":235}
{"timestamp":"2026-07-31T15:06:59.770846Z","level":"INFO","fields":{"message":"Concurrency control for download: Increased concurrency from 59 to 60; reason: success ratio 1.000 is above threshold 0.800 and predicted RTT for 0MB at new concurrency is 18.47s < target 60.0s"},"filename":"D:\\a\\xet-core\\xet-core\\xet_client\\src\\cas_client\\adaptive_concurrency\\controller.rs","line_number":543}
{"timestamp":"2026-07-31T15:06:59.770886Z","level":"INFO","fields":{"message":"Retry strategy","max_attempts":5,"base_delay":"3s","no_retry_on_429":false},"filename":"D:\\a\\xet-core\\xet-core\\xet_client\\src\\cas_client\\retry_wrapper.rs","line_number":235}
{"timestamp":"2026-07-31T15:07:00.774073Z","level":"INFO","fields":{"message":"Concurrency control for download: Increased concurrency from 60 to 61; reason: success ratio 1.000 is above threshold 0.800 and predicted RTT for 0MB at new concurrency is 19.34s < target 60.0s"},"filename":"D:\\a\\xet-core\\xet-core\\xet_client\\src\\cas_client\\adaptive_concurrency\\controller.rs","line_number":543}
{"timestamp":"2026-07-31T15:07:00.774116Z","level":"INFO","fields":{"message":"Retry strategy","max_attempts":5,"base_delay":"3s","no_retry_on_429":false},"filename":"D:\\a\\xet-core\\xet-core\\xet_client\\src\\cas_client\\retry_wrapper.rs","line_number":235}
{"timestamp":"2026-07-31T15:07:01.417532Z","level":"INFO","fields":{"message":"Received CAS response","request_id":"01KYWBDESTKB5SN253G7NWA2SK","status_code":206},"filename":"D:\\a\\xet-core\\xet-core\\xet_client\\src\\common\\http_client.rs","line_number":288}
{"timestamp":"2026-07-31T15:07:01.417554Z","level":"INFO","fields":{"message":"Request Success: s3::get_range api call succeeded (request id 01KYWBDESTKB5SN253G7NWA2SK)."},"filename":"D:\\a\\xet-core\\xet-core\\xet_client\\src\\cas_client\\retry_wrapper.rs","line_number":196}
{"timestamp":"2026-07-31T15:07:01.433451Z","level":"INFO","fields":{"message":"Concurrency control for download: Increased concurrency from 61 to 62; reason: success ratio 1.000 is above threshold 0.800 and predicted RTT for 0MB at new concurrency is 19.40s < target 60.0s"},"filename":"D:\\a\\xet-core\\xet-core\\xet_client\\src\\cas_client\\adaptive_concurrency\\controller.rs","line_number":543}
{"timestamp":"2026-07-31T15:07:01.433483Z","level":"INFO","fields":{"message":"Retry strategy","max_attempts":5,"base_delay":"3s","no_retry_on_429":false},"filename":"D:\\a\\xet-core\\xet-core\\xet_client\\src\\cas_client\\retry_wrapper.rs","line_number":235}
{"timestamp":"2026-07-31T15:07:01.748864Z","level":"INFO","fields":{"message":"Received CAS response","request_id":"01KYWBDF02AXA2BVSCRHX4CNHN","status_code":206},"filename":"D:\\a\\xet-core\\xet-core\\xet_client\\src\\common\\http_client.rs","line_number":288}
{"timestamp":"2026-07-31T15:07:01.748882Z","level":"INFO","fields":{"message":"Request Success: s3::get_range api call succeeded (request id 01KYWBDF02AXA2BVSCRHX4CNHN)."},"filename":"D:\\a\\xet-core\\xet-core\\xet_client\\src\\cas_client\\retry_wrapper.rs","line_number":196}
{"timestamp":"2026-07-31T15:07:02.779942Z","level":"INFO","fields":{"message":"Concurrency control for download: Increased concurrency from 62 to 63; reason: success ratio 1.000 is above threshold 0.800 and predicted RTT for 0MB at new concurrency is 23.33s < target 60.0s"},"filename":"D:\\a\\xet-core\\xet-core\\xet_client\\src\\cas_client\\adaptive_concurrency\\controller.rs","line_number":543}
{"timestamp":"2026-07-31T15:07:02.779979Z","level":"INFO","fields":{"message":"Retry strategy","max_attempts":5,"base_delay":"3s","no_retry_on_429":false},"filename":"D:\\a\\xet-core\\xet-core\\xet_client\\src\\cas_client\\retry_wrapper.rs","line_number":235}
{"timestamp":"2026-07-31T15:07:03.776062Z","level":"INFO","fields":{"message":"Concurrency control for download: Increased concurrency from 63 to 64; reason: success ratio 1.000 is above threshold 0.800 and predicted RTT for 0MB at new concurrency is 23.37s < target 60.0s"},"filename":"D:\\a\\xet-core\\xet-core\\xet_client\\src\\cas_client\\adaptive_concurrency\\controller.rs","line_number":543}
{"timestamp":"2026-07-31T15:07:03.776122Z","level":"INFO","fields":{"message":"Retry strategy","max_attempts":5,"base_delay":"3s","no_retry_on_429":false},"filename":"D:\\a\\xet-core\\xet-core\\xet_client\\src\\cas_client\\retry_wrapper.rs","line_number":235}
{"timestamp":"2026-07-31T15:07:04.096024Z","level":"INFO","fields":{"message":"Retry strategy","max_attempts":5,"base_delay":"3s","no_retry_on_429":false},"filename":"D:\\a\\xet-core\\xet-core\\xet_client\\src\\cas_client\\retry_wrapper.rs","line_number":235}
{"timestamp":"2026-07-31T15:07:04.369883Z","level":"INFO","fields":{"message":"Concurrency control for download: Increased concurrency from 64 to 64; reason: success ratio 1.000 is above threshold 0.800 and predicted RTT for 0MB at new concurrency is 26.86s < target 60.0s"},"filename":"D:\\a\\xet-core\\xet-core\\xet_client\\src\\cas_client\\adaptive_concurrency\\controller.rs","line_number":543}
{"timestamp":"2026-07-31T15:07:05.528660Z","level":"INFO","fields":{"message":"Received CAS response","request_id":"01KYWBDFN4KBJ0WQGNHJ5KSCP8","status_code":206},"filename":"D:\\a\\xet-core\\xet-core\\xet_client\\src\\common\\http_client.rs","line_number":288}
{"timestamp":"2026-07-31T15:07:05.528682Z","level":"INFO","fields":{"message":"Request Success: s3::get_range api call succeeded (request id 01KYWBDFN4KBJ0WQGNHJ5KSCP8)."},"filename":"D:\\a\\xet-core\\xet-core\\xet_client\\src\\cas_client\\retry_wrapper.rs","line_number":196}
{"timestamp":"2026-07-31T15:07:05.544178Z","level":"INFO","fields":{"message":"Concurrency control for download: Increased concurrency from 64 to 64; reason: success ratio 1.000 is above threshold 0.800 and predicted RTT for 0MB at new concurrency is 27.24s < target 60.0s"},"filename":"D:\\a\\xet-core\\xet-core\\xet_client\\src\\cas_client\\adaptive_concurrency\\controller.rs","line_number":543}
{"timestamp":"2026-07-31T15:07:05.544190Z","level":"INFO","fields":{"message":"Concurrency control for download: Current concurrency = 64; predicted bandwidth = 554142; success_ratio = 1.000; reference_size = 1.0MB; observed bytes sent so far = 32022940; completed transmissions = 53"},"filename":"D:\\a\\xet-core\\xet-core\\xet_client\\src\\cas_client\\adaptive_concurrency\\controller.rs","line_number":597}
{"timestamp":"2026-07-31T15:07:05.560289Z","level":"INFO","fields":{"message":"Retry strategy","max_attempts":5,"base_delay":"3s","no_retry_on_429":false},"filename":"D:\\a\\xet-core\\xet-core\\xet_client\\src\\cas_client\\retry_wrapper.rs","line_number":235}
{"timestamp":"2026-07-31T15:07:05.560387Z","level":"INFO","fields":{"message":"Received CAS response","request_id":"01KYWBDFNKN5458GHE2ZRHGFAF","status_code":206},"filename":"D:\\a\\xet-core\\xet-core\\xet_client\\src\\common\\http_client.rs","line_number":288}
{"timestamp":"2026-07-31T15:07:05.560399Z","level":"INFO","fields":{"message":"Request Success: s3::get_range api call succeeded (request id 01KYWBDFNKN5458GHE2ZRHGFAF)."},"filename":"D:\\a\\xet-core\\xet-core\\xet_client\\src\\cas_client\\retry_wrapper.rs","line_number":196}
{"timestamp":"2026-07-31T15:07:06.051443Z","level":"INFO","fields":{"message":"Received CAS response","request_id":"01KYWBDFSW6ADK3W4MDB2ERKPC","status_code":206},"filename":"D:\\a\\xet-core\\xet-core\\xet_client\\src\\common\\http_client.rs","line_number":288}
{"timestamp":"2026-07-31T15:07:06.051466Z","level":"INFO","fields":{"message":"Request Success: s3::get_range api call succeeded (request id 01KYWBDFSW6ADK3W4MDB2ERKPC)."},"filename":"D:\\a\\xet-core\\xet-core\\xet_client\\src\\cas_client\\retry_wrapper.rs","line_number":196}
{"timestamp":"2026-07-31T15:07:06.062604Z","level":"INFO","fields":{"message":"Concurrency control for download: Increased concurrency from 64 to 64; reason: success ratio 1.000 is above threshold 0.800 and predicted RTT for 0MB at new concurrency is 37.85s < target 60.0s"},"filename":"D:\\a\\xet-core\\xet-core\\xet_client\\src\\cas_client\\adaptive_concurrency\\controller.rs","line_number":543}
{"timestamp":"2026-07-31T15:07:06.145811Z","level":"INFO","fields":{"message":"Received CAS response","request_id":"01KYWBDG2SQ348XTKCBJZXMT3H","status_code":206},"filename":"D:\\a\\xet-core\\xet-core\\xet_client\\src\\common\\http_client.rs","line_number":288}
{"timestamp":"2026-07-31T15:07:06.145830Z","level":"INFO","fields":{"message":"Request Success: s3::get_range api call succeeded (request id 01KYWBDG2SQ348XTKCBJZXMT3H)."},"filename":"D:\\a\\xet-core\\xet-core\\xet_client\\src\\cas_client\\retry_wrapper.rs","line_number":196}
{"timestamp":"2026-07-31T15:07:06.245246Z","level":"INFO","fields":{"message":"Received CAS response","request_id":"01KYWBDGPJEJZBE0HDV8PGSJ1N","status_code":206},"filename":"D:\\a\\xet-core\\xet-core\\xet_client\\src\\common\\http_client.rs","line_number":288}
{"timestamp":"2026-07-31T15:07:06.245267Z","level":"INFO","fields":{"message":"Request Success: s3::get_range api call succeeded (request id 01KYWBDGPJEJZBE0HDV8PGSJ1N)."},"filename":"D:\\a\\xet-core\\xet-core\\xet_client\\src\\cas_client\\retry_wrapper.rs","line_number":196}
{"timestamp":"2026-07-31T15:07:06.368170Z","level":"INFO","fields":{"message":"Received CAS response","request_id":"01KYWBDGWXB1427ESC49HMX09G","status_code":206},"filename":"D:\\a\\xet-core\\xet-core\\xet_client\\src\\common\\http_client.rs","line_number":288}
{"timestamp":"2026-07-31T15:07:06.368194Z","level":"INFO","fields":{"message":"Request Success: s3::get_range api call succeeded (request id 01KYWBDGWXB1427ESC49HMX09G)."},"filename":"D:\\a\\xet-core\\xet-core\\xet_client\\src\\cas_client\\retry_wrapper.rs","line_number":196}
{"timestamp":"2026-07-31T15:07:06.390871Z","level":"INFO","fields":{"message":"Received CAS response","request_id":"01KYWBDH0N3GJNA1BJPP9MP9F4","status_code":206},"filename":"D:\\a\\xet-core\\xet-core\\xet_client\\src\\common\\http_client.rs","line_number":288}
{"timestamp":"2026-07-31T15:07:06.390895Z","level":"INFO","fields":{"message":"Request Success: s3::get_range api call succeeded (request id 01KYWBDH0N3GJNA1BJPP9MP9F4)."},"filename":"D:\\a\\xet-core\\xet-core\\xet_client\\src\\cas_client\\retry_wrapper.rs","line_number":196}
{"timestamp":"2026-07-31T15:07:06.545442Z","level":"INFO","fields":{"message":"Received CAS response","request_id":"01KYWBDHGH8QT9E0PZKYT8JNGA","status_code":206},"filename":"D:\\a\\xet-core\\xet-core\\xet_client\\src\\common\\http_client.rs","line_number":288}
{"timestamp":"2026-07-31T15:07:06.545461Z","level":"INFO","fields":{"message":"Request Success: s3::get_range api call succeeded (request id 01KYWBDHGH8QT9E0PZKYT8JNGA)."},"filename":"D:\\a\\xet-core\\xet-core\\xet_client\\src\\cas_client\\retry_wrapper.rs","line_number":196}
{"timestamp":"2026-07-31T15:07:06.601020Z","level":"INFO","fields":{"message":"Concurrency control for download: Increased concurrency from 64 to 64; reason: success ratio 1.000 is above threshold 0.800 and predicted RTT for 0MB at new concurrency is 38.57s < target 60.0s"},"filename":"D:\\a\\xet-core\\xet-core\\xet_client\\src\\cas_client\\adaptive_concurrency\\controller.rs","line_number":543}
{"timestamp":"2026-07-31T15:07:06.608080Z","level":"INFO","fields":{"message":"Received CAS response","request_id":"01KYWBDHKEKCX4EPJ8D71D43AG","status_code":206},"filename":"D:\\a\\xet-core\\xet-core\\xet_client\\src\\common\\http_client.rs","line_number":288}
{"timestamp":"2026-07-31T15:07:06.608103Z","level":"INFO","fields":{"message":"Request Success: s3::get_range api call succeeded (request id 01KYWBDHKEKCX4EPJ8D71D43AG)."},"filename":"D:\\a\\xet-core\\xet-core\\xet_client\\src\\cas_client\\retry_wrapper.rs","line_number":196}
{"timestamp":"2026-07-31T15:07:07.027365Z","level":"INFO","fields":{"message":"Received CAS response","request_id":"01KYWBDJXSJ82S4NH8VPZH08RD","status_code":206},"filename":"D:\\a\\xet-core\\xet-core\\xet_client\\src\\common\\http_client.rs","line_number":288}
{"timestamp":"2026-07-31T15:07:07.027387Z","level":"INFO","fields":{"message":"Request Success: s3::get_range api call succeeded (request id 01KYWBDJXSJ82S4NH8VPZH08RD)."},"filename":"D:\\a\\xet-core\\xet-core\\xet_client\\src\\cas_client\\retry_wrapper.rs","line_number":196}
{"timestamp":"2026-07-31T15:07:07.118442Z","level":"INFO","fields":{"message":"Concurrency control for download: Increased concurrency from 64 to 64; reason: success ratio 1.000 is above threshold 0.800 and predicted RTT for 0MB at new concurrency is 38.92s < target 60.0s"},"filename":"D:\\a\\xet-core\\xet-core\\xet_client\\src\\cas_client\\adaptive_concurrency\\controller.rs","line_number":543}
{"timestamp":"2026-07-31T15:07:07.424588Z","level":"INFO","fields":{"message":"Received CAS response","request_id":"01KYWBDK5364T4WB9A5BPZJS23","status_code":206},"filename":"D:\\a\\xet-core\\xet-core\\xet_client\\src\\common\\http_client.rs","line_number":288}
{"timestamp":"2026-07-31T15:07:07.424608Z","level":"INFO","fields":{"message":"Request Success: s3::get_range api call succeeded (request id 01KYWBDK5364T4WB9A5BPZJS23)."},"filename":"D:\\a\\xet-core\\xet-core\\xet_client\\src\\cas_client\\retry_wrapper.rs","line_number":196}
{"timestamp":"2026-07-31T15:07:07.714382Z","level":"INFO","fields":{"message":"Concurrency control for download: Increased concurrency from 64 to 64; reason: success ratio 1.000 is above threshold 0.800 and predicted RTT for 0MB at new concurrency is 39.32s < target 60.0s"},"filename":"D:\\a\\xet-core\\xet-core\\xet_client\\src\\cas_client\\adaptive_concurrency\\controller.rs","line_number":543}
{"timestamp":"2026-07-31T15:07:07.721767Z","level":"INFO","fields":{"message":"Retry strategy","max_attempts":5,"base_delay":"3s","no_retry_on_429":false},"filename":"D:\\a\\xet-core\\xet-core\\xet_client\\src\\cas_client\\retry_wrapper.rs","line_number":235}
{"timestamp":"2026-07-31T15:07:08.763404Z","level":"INFO","fields":{"message":"Concurrency control for download: Increased concurrency from 64 to 64; reason: success ratio 1.000 is above threshold 0.800 and predicted RTT for 0MB at new concurrency is 46.55s < target 60.0s"},"filename":"D:\\a\\xet-core\\xet-core\\xet_client\\src\\cas_client\\adaptive_concurrency\\controller.rs","line_number":543}
{"timestamp":"2026-07-31T15:07:08.771467Z","level":"INFO","fields":{"message":"Received CAS response","request_id":"01KYWBDKPGN4052KT5EE1B9WQW","status_code":206},"filename":"D:\\a\\xet-core\\xet-core\\xet_client\\src\\common\\http_client.rs","line_number":288}
{"timestamp":"2026-07-31T15:07:08.771488Z","level":"INFO","fields":{"message":"Request Success: s3::get_range api call succeeded (request id 01KYWBDKPGN4052KT5EE1B9WQW)."},"filename":"D:\\a\\xet-core\\xet-core\\xet_client\\src\\cas_client\\retry_wrapper.rs","line_number":196}
{"timestamp":"2026-07-31T15:07:09.781180Z","level":"INFO","fields":{"message":"Concurrency control for download: Increased concurrency from 64 to 64; reason: success ratio 1.000 is above threshold 0.800 and predicted RTT for 0MB at new concurrency is 46.63s < target 60.0s"},"filename":"D:\\a\\xet-core\\xet-core\\xet_client\\src\\cas_client\\adaptive_concurrency\\controller.rs","line_number":543}
{"timestamp":"2026-07-31T15:07:10.146581Z","level":"INFO","fields":{"message":"Received CAS response","request_id":"01KYWBDMRGAQDFQC9FQNSJGM8S","status_code":206},"filename":"D:\\a\\xet-core\\xet-core\\xet_client\\src\\common\\http_client.rs","line_number":288}
{"timestamp":"2026-07-31T15:07:10.146600Z","level":"INFO","fields":{"message":"Request Success: s3::get_range api call succeeded (request id 01KYWBDMRGAQDFQC9FQNSJGM8S)."},"filename":"D:\\a\\xet-core\\xet-core\\xet_client\\src\\cas_client\\retry_wrapper.rs","line_number":196}
{"timestamp":"2026-07-31T15:07:10.810057Z","level":"INFO","fields":{"message":"Concurrency control for download: Increased concurrency from 64 to 64; reason: success ratio 1.000 is above threshold 0.800 and predicted RTT for 0MB at new concurrency is 46.73s < target 60.0s"},"filename":"D:\\a\\xet-core\\xet-core\\xet_client\\src\\cas_client\\adaptive_concurrency\\controller.rs","line_number":543}
{"timestamp":"2026-07-31T15:07:11.512021Z","level":"INFO","fields":{"message":"Concurrency control for download: Increased concurrency from 64 to 64; reason: success ratio 1.000 is above threshold 0.800 and predicted RTT for 0MB at new concurrency is 46.73s < target 60.0s"},"filename":"D:\\a\\xet-core\\xet-core\\xet_client\\src\\cas_client\\adaptive_concurrency\\controller.rs","line_number":543}
{"timestamp":"2026-07-31T15:07:11.625246Z","level":"INFO","fields":{"message":"Received CAS response","request_id":"01KYWBDN5YY54P5TN4E97FWPTV","status_code":206},"filename":"D:\\a\\xet-core\\xet-core\\xet_client\\src\\common\\http_client.rs","line_number":288}
{"timestamp":"2026-07-31T15:07:11.625268Z","level":"INFO","fields":{"message":"Request Success: s3::get_range api call succeeded (request id 01KYWBDN5YY54P5TN4E97FWPTV)."},"filename":"D:\\a\\xet-core\\xet-core\\xet_client\\src\\cas_client\\retry_wrapper.rs","line_number":196}
{"timestamp":"2026-07-31T15:07:12.074353Z","level":"INFO","fields":{"message":"Concurrency control for download: Increased concurrency from 64 to 64; reason: success ratio 1.000 is above threshold 0.800 and predicted RTT for 0MB at new concurrency is 46.49s < target 60.0s"},"filename":"D:\\a\\xet-core\\xet-core\\xet_client\\src\\cas_client\\adaptive_concurrency\\controller.rs","line_number":543}
{"timestamp":"2026-07-31T15:07:12.574596Z","level":"INFO","fields":{"message":"Concurrency control for download: Increased concurrency from 64 to 64; reason: success ratio 1.000 is above threshold 0.800 and predicted RTT for 0MB at new concurrency is 46.48s < target 60.0s"},"filename":"D:\\a\\xet-core\\xet-core\\xet_client\\src\\cas_client\\adaptive_concurrency\\controller.rs","line_number":543}
{"timestamp":"2026-07-31T15:07:12.661904Z","level":"INFO","fields":{"message":"Received CAS response","request_id":"01KYWBDSP92483EXJ89RJEAY30","status_code":206},"filename":"D:\\a\\xet-core\\xet-core\\xet_client\\src\\common\\http_client.rs","line_number":288}
{"timestamp":"2026-07-31T15:07:12.661926Z","level":"INFO","fields":{"message":"Request Success: s3::get_range api call succeeded (request id 01KYWBDSP92483EXJ89RJEAY30)."},"filename":"D:\\a\\xet-core\\xet-core\\xet_client\\src\\cas_client\\retry_wrapper.rs","line_number":196}
{"timestamp":"2026-07-31T15:07:12.683853Z","level":"INFO","fields":{"message":"Received CAS response","request_id":"01KYWBDTVWQXXTEVS5VFSCPKYG","status_code":206},"filename":"D:\\a\\xet-core\\xet-core\\xet_client\\src\\common\\http_client.rs","line_number":288}
{"timestamp":"2026-07-31T15:07:12.683870Z","level":"INFO","fields":{"message":"Request Success: s3::get_range api call succeeded (request id 01KYWBDTVWQXXTEVS5VFSCPKYG)."},"filename":"D:\\a\\xet-core\\xet-core\\xet_client\\src\\cas_client\\retry_wrapper.rs","line_number":196}
{"timestamp":"2026-07-31T15:07:13.078884Z","level":"INFO","fields":{"message":"Received CAS response","request_id":"01KYWBDVXAH7Q915A9AZPJ11VE","status_code":206},"filename":"D:\\a\\xet-core\\xet-core\\xet_client\\src\\common\\http_client.rs","line_number":288}
{"timestamp":"2026-07-31T15:07:13.078907Z","level":"INFO","fields":{"message":"Request Success: s3::get_range api call succeeded (request id 01KYWBDVXAH7Q915A9AZPJ11VE)."},"filename":"D:\\a\\xet-core\\xet-core\\xet_client\\src\\cas_client\\retry_wrapper.rs","line_number":196}
{"timestamp":"2026-07-31T15:07:13.475471Z","level":"INFO","fields":{"message":"Concurrency control for download: Increased concurrency from 64 to 64; reason: success ratio 1.000 is above threshold 0.800 and predicted RTT for 0MB at new concurrency is 46.53s < target 60.0s"},"filename":"D:\\a\\xet-core\\xet-core\\xet_client\\src\\cas_client\\adaptive_concurrency\\controller.rs","line_number":543}
{"timestamp":"2026-07-31T15:07:13.773385Z","level":"INFO","fields":{"message":"Received CAS response","request_id":"01KYWBDW0PY2XQRG67T2BNY014","status_code":206},"filename":"D:\\a\\xet-core\\xet-core\\xet_client\\src\\common\\http_client.rs","line_number":288}
{"timestamp":"2026-07-31T15:07:13.773406Z","level":"INFO","fields":{"message":"Request Success: s3::get_range api call succeeded (request id 01KYWBDW0PY2XQRG67T2BNY014)."},"filename":"D:\\a\\xet-core\\xet-core\\xet_client\\src\\cas_client\\retry_wrapper.rs","line_number":196}
{"timestamp":"2026-07-31T15:07:14.767318Z","level":"INFO","fields":{"message":"Concurrency control for download: Increased concurrency from 64 to 64; reason: success ratio 1.000 is above threshold 0.800 and predicted RTT for 0MB at new concurrency is 46.54s < target 60.0s"},"filename":"D:\\a\\xet-core\\xet-core\\xet_client\\src\\cas_client\\adaptive_concurrency\\controller.rs","line_number":543}
{"timestamp":"2026-07-31T15:07:15.543818Z","level":"INFO","fields":{"message":"Received CAS response","request_id":"01KYWBDXA5GC9W6A8EJ08Z4ANK","status_code":206},"filename":"D:\\a\\xet-core\\xet-core\\xet_client\\src\\common\\http_client.rs","line_number":288}
{"timestamp":"2026-07-31T15:07:15.543840Z","level":"INFO","fields":{"message":"Request Success: s3::get_range api call succeeded (request id 01KYWBDXA5GC9W6A8EJ08Z4ANK)."},"filename":"D:\\a\\xet-core\\xet-core\\xet_client\\src\\cas_client\\retry_wrapper.rs","line_number":196}
{"timestamp":"2026-07-31T15:07:15.580017Z","level":"INFO","fields":{"message":"Concurrency control for download: Increased concurrency from 64 to 64; reason: success ratio 1.000 is above threshold 0.800 and predicted RTT for 0MB at new concurrency is 46.56s < target 60.0s"},"filename":"D:\\a\\xet-core\\xet-core\\xet_client\\src\\cas_client\\adaptive_concurrency\\controller.rs","line_number":543}
{"timestamp":"2026-07-31T15:07:15.580037Z","level":"INFO","fields":{"message":"Concurrency control for download: Current concurrency = 64; predicted bandwidth = 434646; success_ratio = 1.000; reference_size = 1.0MB; observed bytes sent so far = 34039428; completed transmissions = 55"},"filename":"D:\\a\\xet-core\\xet-core\\xet_client\\src\\cas_client\\adaptive_concurrency\\controller.rs","line_number":597}
{"timestamp":"2026-07-31T15:07:15.632067Z","level":"INFO","fields":{"message":"Received CAS response","request_id":"01KYWBDY2PQ6RE0QG5H330RHEV","status_code":206},"filename":"D:\\a\\xet-core\\xet-core\\xet_client\\src\\common\\http_client.rs","line_number":288}
{"timestamp":"2026-07-31T15:07:15.632086Z","level":"INFO","fields":{"message":"Request Success: s3::get_range api call succeeded (request id 01KYWBDY2PQ6RE0QG5H330RHEV)."},"filename":"D:\\a\\xet-core\\xet-core\\xet_client\\src\\cas_client\\retry_wrapper.rs","line_number":196}
{"timestamp":"2026-07-31T15:07:15.633405Z","level":"INFO","fields":{"message":"Received CAS response","request_id":"01KYWBDY2TB44DH0H9G8RBXD4Q","status_code":206},"filename":"D:\\a\\xet-core\\xet-core\\xet_client\\src\\common\\http_client.rs","line_number":288}
{"timestamp":"2026-07-31T15:07:15.633418Z","level":"INFO","fields":{"message":"Request Success: s3::get_range api call succeeded (request id 01KYWBDY2TB44DH0H9G8RBXD4Q)."},"filename":"D:\\a\\xet-core\\xet-core\\xet_client\\src\\cas_client\\retry_wrapper.rs","line_number":196}
{"timestamp":"2026-07-31T15:07:15.654070Z","level":"INFO","fields":{"message":"Received CAS response","request_id":"01KYWBDY2SQS38HTPHSKG7EBY7","status_code":206},"filename":"D:\\a\\xet-core\\xet-core\\xet_client\\src\\common\\http_client.rs","line_number":288}
{"timestamp":"2026-07-31T15:07:15.654092Z","level":"INFO","fields":{"message":"Request Success: s3::get_range api call succeeded (request id 01KYWBDY2SQS38HTPHSKG7EBY7)."},"filename":"D:\\a\\xet-core\\xet-core\\xet_client\\src\\cas_client\\retry_wrapper.rs","line_number":196}
{"timestamp":"2026-07-31T15:07:15.893831Z","level":"INFO","fields":{"message":"Received CAS response","request_id":"01KYWBDYF0RDW0S2QHF9CBCTA6","status_code":206},"filename":"D:\\a\\xet-core\\xet-core\\xet_client\\src\\common\\http_client.rs","line_number":288}
{"timestamp":"2026-07-31T15:07:15.893863Z","level":"INFO","fields":{"message":"Request Success: s3::get_range api call succeeded (request id 01KYWBDYF0RDW0S2QHF9CBCTA6)."},"filename":"D:\\a\\xet-core\\xet-core\\xet_client\\src\\cas_client\\retry_wrapper.rs","line_number":196}
{"timestamp":"2026-07-31T15:07:16.066647Z","level":"INFO","fields":{"message":"Received CAS response","request_id":"01KYWBDYVCV45QFS0PMBNH33D5","status_code":206},"filename":"D:\\a\\xet-core\\xet-core\\xet_client\\src\\common\\http_client.rs","line_number":288}
{"timestamp":"2026-07-31T15:07:16.066665Z","level":"INFO","fields":{"message":"Request Success: s3::get_range api call succeeded (request id 01KYWBDYVCV45QFS0PMBNH33D5)."},"filename":"D:\\a\\xet-core\\xet-core\\xet_client\\src\\cas_client\\retry_wrapper.rs","line_number":196}
{"timestamp":"2026-07-31T15:07:16.109180Z","level":"INFO","fields":{"message":"Concurrency control for download: Increased concurrency from 64 to 64; reason: success ratio 1.000 is above threshold 0.800 and predicted RTT for 0MB at new concurrency is 46.70s < target 60.0s"},"filename":"D:\\a\\xet-core\\xet-core\\xet_client\\src\\cas_client\\adaptive_concurrency\\controller.rs","line_number":543}
{"timestamp":"2026-07-31T15:07:16.126562Z","level":"INFO","fields":{"message":"Received CAS response","request_id":"01KYWBDZ4B069DK211NM4C6B58","status_code":206},"filename":"D:\\a\\xet-core\\xet-core\\xet_client\\src\\common\\http_client.rs","line_number":288}
{"timestamp":"2026-07-31T15:07:16.126582Z","level":"INFO","fields":{"message":"Request Success: s3::get_range api call succeeded (request id 01KYWBDZ4B069DK211NM4C6B58)."},"filename":"D:\\a\\xet-core\\xet-core\\xet_client\\src\\cas_client\\retry_wrapper.rs","line_number":196}
{"timestamp":"2026-07-31T15:07:16.154018Z","level":"INFO","fields":{"message":"Received CAS response","request_id":"01KYWBDZF2ZBTJHKJK1JBY6VWP","status_code":206},"filename":"D:\\a\\xet-core\\xet-core\\xet_client\\src\\common\\http_client.rs","line_number":288}
{"timestamp":"2026-07-31T15:07:16.154039Z","level":"INFO","fields":{"message":"Request Success: s3::get_range api call succeeded (request id 01KYWBDZF2ZBTJHKJK1JBY6VWP)."},"filename":"D:\\a\\xet-core\\xet-core\\xet_client\\src\\cas_client\\retry_wrapper.rs","line_number":196}
{"timestamp":"2026-07-31T15:07:16.160982Z","level":"INFO","fields":{"message":"Received CAS response","request_id":"01KYWBDZF4KS5NAP730SFQ24EN","status_code":206},"filename":"D:\\a\\xet-core\\xet-core\\xet_client\\src\\common\\http_client.rs","line_number":288}
{"timestamp":"2026-07-31T15:07:16.160995Z","level":"INFO","fields":{"message":"Request Success: s3::get_range api call succeeded (request id 01KYWBDZF4KS5NAP730SFQ24EN)."},"filename":"D:\\a\\xet-core\\xet-core\\xet_client\\src\\cas_client\\retry_wrapper.rs","line_number":196}
{"timestamp":"2026-07-31T15:07:16.164378Z","level":"INFO","fields":{"message":"Received CAS response","request_id":"01KYWBDZEVM6ZK1Q894HTJ839H","status_code":206},"filename":"D:\\a\\xet-core\\xet-core\\xet_client\\src\\common\\http_client.rs","line_number":288}
{"timestamp":"2026-07-31T15:07:16.164388Z","level":"INFO","fields":{"message":"Request Success: s3::get_range api call succeeded (request id 01KYWBDZEVM6ZK1Q894HTJ839H)."},"filename":"D:\\a\\xet-core\\xet-core\\xet_client\\src\\cas_client\\retry_wrapper.rs","line_number":196}
{"timestamp":"2026-07-31T15:07:16.288322Z","level":"INFO","fields":{"message":"Received CAS response","request_id":"01KYWBDZX5CNV3KTEWACEAS9CJ","status_code":206},"filename":"D:\\a\\xet-core\\xet-core\\xet_client\\src\\common\\http_client.rs","line_number":288}
{"timestamp":"2026-07-31T15:07:16.288341Z","level":"INFO","fields":{"message":"Request Success: s3::get_range api call succeeded (request id 01KYWBDZX5CNV3KTEWACEAS9CJ)."},"filename":"D:\\a\\xet-core\\xet-core\\xet_client\\src\\cas_client\\retry_wrapper.rs","line_number":196}
{"timestamp":"2026-07-31T15:07:16.768793Z","level":"INFO","fields":{"message":"Concurrency control for download: Increased concurrency from 64 to 64; reason: success ratio 1.000 is above threshold 0.800 and predicted RTT for 0MB at new concurrency is 46.64s < target 60.0s"},"filename":"D:\\a\\xet-core\\xet-core\\xet_client\\src\\cas_client\\adaptive_concurrency\\controller.rs","line_number":543}
{"timestamp":"2026-07-31T15:07:17.262469Z","level":"INFO","fields":{"message":"Retry strategy","max_attempts":5,"base_delay":"3s","no_retry_on_429":false},"filename":"D:\\a\\xet-core\\xet-core\\xet_client\\src\\cas_client\\retry_wrapper.rs","line_number":235}
{"timestamp":"2026-07-31T15:07:17.414029Z","level":"INFO","fields":{"message":"Concurrency control for download: Increased concurrency from 64 to 64; reason: success ratio 1.000 is above threshold 0.800 and predicted RTT for 0MB at new concurrency is 33.93s < target 60.0s"},"filename":"D:\\a\\xet-core\\xet-core\\xet_client\\src\\cas_client\\adaptive_concurrency\\controller.rs","line_number":543}
{"timestamp":"2026-07-31T15:07:18.073023Z","level":"INFO","fields":{"message":"Concurrency control for download: Increased concurrency from 64 to 64; reason: success ratio 1.000 is above threshold 0.800 and predicted RTT for 0MB at new concurrency is 33.80s < target 60.0s"},"filename":"D:\\a\\xet-core\\xet-core\\xet_client\\src\\cas_client\\adaptive_concurrency\\controller.rs","line_number":543}
{"timestamp":"2026-07-31T15:07:18.595561Z","level":"INFO","fields":{"message":"Concurrency control for download: Increased concurrency from 64 to 64; reason: success ratio 1.000 is above threshold 0.800 and predicted RTT for 0MB at new concurrency is 33.51s < target 60.0s"},"filename":"D:\\a\\xet-core\\xet-core\\xet_client\\src\\cas_client\\adaptive_concurrency\\controller.rs","line_number":543}
{"timestamp":"2026-07-31T15:07:18.650931Z","level":"INFO","fields":{"message":"Retry strategy","max_attempts":5,"base_delay":"3s","no_retry_on_429":false},"filename":"D:\\a\\xet-core\\xet-core\\xet_client\\src\\cas_client\\retry_wrapper.rs","line_number":235}
{"timestamp":"2026-07-31T15:07:18.658951Z","level":"INFO","fields":{"message":"Retry strategy","max_attempts":5,"base_delay":"3s","no_retry_on_429":false},"filename":"D:\\a\\xet-core\\xet-core\\xet_client\\src\\cas_client\\retry_wrapper.rs","line_number":235}
{"timestamp":"2026-07-31T15:07:19.101487Z","level":"INFO","fields":{"message":"Concurrency control for download: Increased concurrency from 64 to 64; reason: success ratio 1.000 is above threshold 0.800 and predicted RTT for 0MB at new concurrency is 28.19s < target 60.0s"},"filename":"D:\\a\\xet-core\\xet-core\\xet_client\\src\\cas_client\\adaptive_concurrency\\controller.rs","line_number":543}
{"timestamp":"2026-07-31T15:07:19.607879Z","level":"INFO","fields":{"message":"Concurrency control for download: Increased concurrency from 64 to 64; reason: success ratio 1.000 is above threshold 0.800 and predicted RTT for 0MB at new concurrency is 28.77s < target 60.0s"},"filename":"D:\\a\\xet-core\\xet-core\\xet_client\\src\\cas_client\\adaptive_concurrency\\controller.rs","line_number":543}
{"timestamp":"2026-07-31T15:07:19.699441Z","level":"INFO","fields":{"message":"Retry strategy","max_attempts":5,"base_delay":"3s","no_retry_on_429":false},"filename":"D:\\a\\xet-core\\xet-core\\xet_client\\src\\cas_client\\retry_wrapper.rs","line_number":235}
{"timestamp":"2026-07-31T15:07:19.958136Z","level":"INFO","fields":{"message":"Received CAS response","request_id":"01KYWBE90B8D7J11W0E80SNP98","status_code":206},"filename":"D:\\a\\xet-core\\xet-core\\xet_client\\src\\common\\http_client.rs","line_number":288}
{"timestamp":"2026-07-31T15:07:19.958154Z","level":"INFO","fields":{"message":"Request Success: s3::get_range api call succeeded (request id 01KYWBE90B8D7J11W0E80SNP98)."},"filename":"D:\\a\\xet-core\\xet-core\\xet_client\\src\\cas_client\\retry_wrapper.rs","line_number":196}
{"timestamp":"2026-07-31T15:07:20.139371Z","level":"INFO","fields":{"message":"Concurrency control for download: Increased concurrency from 64 to 64; reason: success ratio 1.000 is above threshold 0.800 and predicted RTT for 0MB at new concurrency is 32.31s < target 60.0s"},"filename":"D:\\a\\xet-core\\xet-core\\xet_client\\src\\cas_client\\adaptive_concurrency\\controller.rs","line_number":543}
{"timestamp":"2026-07-31T15:07:20.657604Z","level":"INFO","fields":{"message":"Concurrency control for download: Increased concurrency from 64 to 64; reason: success ratio 1.000 is above threshold 0.800 and predicted RTT for 0MB at new concurrency is 42.22s < target 60.0s"},"filename":"D:\\a\\xet-core\\xet-core\\xet_client\\src\\cas_client\\adaptive_concurrency\\controller.rs","line_number":543}
{"timestamp":"2026-07-31T15:07:21.804937Z","level":"INFO","fields":{"message":"Concurrency control for download: Increased concurrency from 64 to 64; reason: success ratio 1.000 is above threshold 0.800 and predicted RTT for 0MB at new concurrency is 45.41s < target 60.0s"},"filename":"D:\\a\\xet-core\\xet-core\\xet_client\\src\\cas_client\\adaptive_concurrency\\controller.rs","line_number":543}
{"timestamp":"2026-07-31T15:07:22.768912Z","level":"INFO","fields":{"message":"Concurrency control for download: Increased concurrency from 64 to 64; reason: success ratio 1.000 is above threshold 0.800 and predicted RTT for 0MB at new concurrency is 45.68s < target 60.0s"},"filename":"D:\\a\\xet-core\\xet-core\\xet_client\\src\\cas_client\\adaptive_concurrency\\controller.rs","line_number":543}
{"timestamp":"2026-07-31T15:07:23.314850Z","level":"INFO","fields":{"message":"Concurrency control for download: Increased concurrency from 64 to 64; reason: success ratio 1.000 is above threshold 0.800 and predicted RTT for 0MB at new concurrency is 46.10s < target 60.0s"},"filename":"D:\\a\\xet-core\\xet-core\\xet_client\\src\\cas_client\\adaptive_concurrency\\controller.rs","line_number":543}
{"timestamp":"2026-07-31T15:07:23.574241Z","level":"INFO","fields":{"message":"Received CAS response","request_id":"01KYWBEA49A726Z5MZZPZVZ77Q","status_code":206},"filename":"D:\\a\\xet-core\\xet-core\\xet_client\\src\\common\\http_client.rs","line_number":288}
{"timestamp":"2026-07-31T15:07:23.574261Z","level":"INFO","fields":{"message":"Request Success: s3::get_range api call succeeded (request id 01KYWBEA49A726Z5MZZPZVZ77Q)."},"filename":"D:\\a\\xet-core\\xet-core\\xet_client\\src\\cas_client\\retry_wrapper.rs","line_number":196}
{"timestamp":"2026-07-31T15:07:23.724038Z","level":"INFO","fields":{"message":"Received CAS response","request_id":"01KYWBEA9HXB1DDVDYA74150YE","status_code":206},"filename":"D:\\a\\xet-core\\xet-core\\xet_client\\src\\common\\http_client.rs","line_number":288}
{"timestamp":"2026-07-31T15:07:23.724058Z","level":"INFO","fields":{"message":"Request Success: s3::get_range api call succeeded (request id 01KYWBEA9HXB1DDVDYA74150YE)."},"filename":"D:\\a\\xet-core\\xet-core\\xet_client\\src\\cas_client\\retry_wrapper.rs","line_number":196}
{"timestamp":"2026-07-31T15:07:23.825307Z","level":"INFO","fields":{"message":"Concurrency control for download: Increased concurrency from 64 to 64; reason: success ratio 1.000 is above threshold 0.800 and predicted RTT for 0MB at new concurrency is 46.98s < target 60.0s"},"filename":"D:\\a\\xet-core\\xet-core\\xet_client\\src\\cas_client\\adaptive_concurrency\\controller.rs","line_number":543}
{"timestamp":"2026-07-31T15:07:24.363492Z","level":"INFO","fields":{"message":"Concurrency control for download: Increased concurrency from 64 to 64; reason: success ratio 1.000 is above threshold 0.800 and predicted RTT for 0MB at new concurrency is 47.82s < target 60.0s"},"filename":"D:\\a\\xet-core\\xet-core\\xet_client\\src\\cas_client\\adaptive_concurrency\\controller.rs","line_number":543}
{"timestamp":"2026-07-31T15:07:25.083966Z","level":"INFO","fields":{"message":"Concurrency control for download: Increased concurrency from 64 to 64; reason: success ratio 1.000 is above threshold 0.800 and predicted RTT for 0MB at new concurrency is 47.71s < target 60.0s"},"filename":"D:\\a\\xet-core\\xet-core\\xet_client\\src\\cas_client\\adaptive_concurrency\\controller.rs","line_number":543}
{"timestamp":"2026-07-31T15:07:25.583955Z","level":"INFO","fields":{"message":"Concurrency control for download: Current concurrency = 64; predicted bandwidth = 318832; success_ratio = 1.000; reference_size = 1.0MB; observed bytes sent so far = 39444798; completed transmissions = 59"},"filename":"D:\\a\\xet-core\\xet-core\\xet_client\\src\\cas_client\\adaptive_concurrency\\controller.rs","line_number":597}
{"timestamp":"2026-07-31T15:07:25.596005Z","level":"INFO","fields":{"message":"Concurrency control for download: Increased concurrency from 64 to 64; reason: success ratio 1.000 is above threshold 0.800 and predicted RTT for 0MB at new concurrency is 49.07s < target 60.0s"},"filename":"D:\\a\\xet-core\\xet-core\\xet_client\\src\\cas_client\\adaptive_concurrency\\controller.rs","line_number":543}
{"timestamp":"2026-07-31T15:07:26.177207Z","level":"INFO","fields":{"message":"Concurrency control for download: Increased concurrency from 64 to 64; reason: success ratio 1.000 is above threshold 0.800 and predicted RTT for 0MB at new concurrency is 49.16s < target 60.0s"},"filename":"D:\\a\\xet-core\\xet-core\\xet_client\\src\\cas_client\\adaptive_concurrency\\controller.rs","line_number":543}
{"timestamp":"2026-07-31T15:07:26.539755Z","level":"INFO","fields":{"message":"Received CAS response","request_id":"01KYWBEB674SP99SR8BE3W9YD4","status_code":206},"filename":"D:\\a\\xet-core\\xet-core\\xet_client\\src\\common\\http_client.rs","line_number":288}
{"timestamp":"2026-07-31T15:07:26.539774Z","level":"INFO","fields":{"message":"Request Success: s3::get_range api call succeeded (request id 01KYWBEB674SP99SR8BE3W9YD4)."},"filename":"D:\\a\\xet-core\\xet-core\\xet_client\\src\\cas_client\\retry_wrapper.rs","line_number":196}
{"timestamp":"2026-07-31T15:07:26.682355Z","level":"INFO","fields":{"message":"Concurrency control for download: Increased concurrency from 64 to 64; reason: success ratio 1.000 is above threshold 0.800 and predicted RTT for 0MB at new concurrency is 52.02s < target 60.0s"},"filename":"D:\\a\\xet-core\\xet-core\\xet_client\\src\\cas_client\\adaptive_concurrency\\controller.rs","line_number":543}
{"timestamp":"2026-07-31T15:07:26.770615Z","level":"INFO","fields":{"message":"Retry strategy","max_attempts":5,"base_delay":"3s","no_retry_on_429":false},"filename":"D:\\a\\xet-core\\xet-core\\xet_client\\src\\cas_client\\retry_wrapper.rs","line_number":235}
{"timestamp":"2026-07-31T15:07:26.915012Z","level":"INFO","fields":{"message":"Retry strategy","max_attempts":5,"base_delay":"3s","no_retry_on_429":false},"filename":"D:\\a\\xet-core\\xet-core\\xet_client\\src\\cas_client\\retry_wrapper.rs","line_number":235}
{"timestamp":"2026-07-31T15:07:27.532881Z","level":"INFO","fields":{"message":"Concurrency control for download: Decreased concurrency from 64 to 63; reason: success ratio below threshold (connection struggling) (success_ratio = 1.000, threshold = 0.500)"},"filename":"D:\\a\\xet-core\\xet-core\\xet_client\\src\\cas_client\\adaptive_concurrency\\controller.rs","line_number":581}
{"timestamp":"2026-07-31T15:07:28.281849Z","level":"INFO","fields":{"message":"Concurrency control for download: Decreased concurrency from 63 to 62; reason: success ratio below threshold (connection struggling) (success_ratio = 1.000, threshold = 0.500)"},"filename":"D:\\a\\xet-core\\xet-core\\xet_client\\src\\cas_client\\adaptive_concurrency\\controller.rs","line_number":581}
{"timestamp":"2026-07-31T15:07:29.146943Z","level":"INFO","fields":{"message":"Concurrency control for download: Decreased concurrency from 62 to 61; reason: success ratio below threshold (connection struggling) (success_ratio = 1.000, threshold = 0.500)"},"filename":"D:\\a\\xet-core\\xet-core\\xet_client\\src\\cas_client\\adaptive_concurrency\\controller.rs","line_number":581}
{"timestamp":"2026-07-31T15:07:29.768667Z","level":"INFO","fields":{"message":"Concurrency control for download: Decreased concurrency from 61 to 60; reason: success ratio below threshold (connection struggling) (success_ratio = 1.000, threshold = 0.500)"},"filename":"D:\\a\\xet-core\\xet-core\\xet_client\\src\\cas_client\\adaptive_concurrency\\controller.rs","line_number":581}
{"timestamp":"2026-07-31T15:07:30.441662Z","level":"INFO","fields":{"message":"Concurrency control for download: Decreased concurrency from 60 to 59; reason: success ratio below threshold (connection struggling) (success_ratio = 1.000, threshold = 0.500)"},"filename":"D:\\a\\xet-core\\xet-core\\xet_client\\src\\cas_client\\adaptive_concurrency\\controller.rs","line_number":581}
{"timestamp":"2026-07-31T15:07:35.469692Z","level":"INFO","fields":{"message":"Concurrency control for download: Decreased concurrency from 59 to 58; reason: success ratio below threshold (connection struggling) (success_ratio = 1.000, threshold = 0.500)"},"filename":"D:\\a\\xet-core\\xet-core\\xet_client\\src\\cas_client\\adaptive_concurrency\\controller.rs","line_number":581}
{"timestamp":"2026-07-31T15:07:35.589169Z","level":"INFO","fields":{"message":"Concurrency control for download: Current concurrency = 58; predicted bandwidth = 235048; success_ratio = 1.000; reference_size = 1.0MB; observed bytes sent so far = 42564499; completed transmissions = 63"},"filename":"D:\\a\\xet-core\\xet-core\\xet_client\\src\\cas_client\\adaptive_concurrency\\controller.rs","line_number":597}
{"timestamp":"2026-07-31T15:07:36.829117Z","level":"INFO","fields":{"message":"Concurrency control for download: Decreased concurrency from 58 to 57; reason: success ratio below threshold (connection struggling) (success_ratio = 1.000, threshold = 0.500)"},"filename":"D:\\a\\xet-core\\xet-core\\xet_client\\src\\cas_client\\adaptive_concurrency\\controller.rs","line_number":581}
{"timestamp":"2026-07-31T15:07:39.967452Z","level":"INFO","fields":{"message":"Concurrency control for download: Decreased concurrency from 57 to 56; reason: success ratio below threshold (connection struggling) (success_ratio = 1.000, threshold = 0.500)"},"filename":"D:\\a\\xet-core\\xet-core\\xet_client\\src\\cas_client\\adaptive_concurrency\\controller.rs","line_number":581}
{"timestamp":"2026-07-31T15:07:40.706374Z","level":"INFO","fields":{"message":"Concurrency control for download: Decreased concurrency from 56 to 55; reason: success ratio below threshold (connection struggling) (success_ratio = 1.000, threshold = 0.500)"},"filename":"D:\\a\\xet-core\\xet-core\\xet_client\\src\\cas_client\\adaptive_concurrency\\controller.rs","line_number":581}
{"timestamp":"2026-07-31T15:07:41.255029Z","level":"INFO","fields":{"message":"Concurrency control for download: Decreased concurrency from 55 to 54; reason: success ratio below threshold (connection struggling) (success_ratio = 1.000, threshold = 0.500)"},"filename":"D:\\a\\xet-core\\xet-core\\xet_client\\src\\cas_client\\adaptive_concurrency\\controller.rs","line_number":581}
{"timestamp":"2026-07-31T15:07:42.568087Z","level":"INFO","fields":{"message":"Concurrency control for download: Decreased concurrency from 54 to 53; reason: success ratio below threshold (connection struggling) (success_ratio = 1.000, threshold = 0.500)"},"filename":"D:\\a\\xet-core\\xet-core\\xet_client\\src\\cas_client\\adaptive_concurrency\\controller.rs","line_number":581}
{"timestamp":"2026-07-31T15:07:43.630173Z","level":"INFO","fields":{"message":"Concurrency control for download: Increased concurrency from 53 to 54; reason: success ratio 1.000 is above threshold 0.800 and predicted RTT for 0MB at new concurrency is 16.67s < target 60.0s"},"filename":"D:\\a\\xet-core\\xet-core\\xet_client\\src\\cas_client\\adaptive_concurrency\\controller.rs","line_number":543}
{"timestamp":"2026-07-31T15:07:44.207221Z","level":"INFO","fields":{"message":"Concurrency control for download: Increased concurrency from 54 to 55; reason: success ratio 1.000 is above threshold 0.800 and predicted RTT for 0MB at new concurrency is 17.10s < target 60.0s"},"filename":"D:\\a\\xet-core\\xet-core\\xet_client\\src\\cas_client\\adaptive_concurrency\\controller.rs","line_number":543}
{"timestamp":"2026-07-31T15:07:44.725757Z","level":"INFO","fields":{"message":"Concurrency control for download: Increased concurrency from 55 to 56; reason: success ratio 1.000 is above threshold 0.800 and predicted RTT for 0MB at new concurrency is 43.09s < target 60.0s"},"filename":"D:\\a\\xet-core\\xet-core\\xet_client\\src\\cas_client\\adaptive_concurrency\\controller.rs","line_number":543}
{"timestamp":"2026-07-31T15:07:45.227719Z","level":"INFO","fields":{"message":"Concurrency control for download: Increased concurrency from 56 to 57; reason: success ratio 1.000 is above threshold 0.800 and predicted RTT for 0MB at new concurrency is 43.17s < target 60.0s"},"filename":"D:\\a\\xet-core\\xet-core\\xet_client\\src\\cas_client\\adaptive_concurrency\\controller.rs","line_number":543}
{"timestamp":"2026-07-31T15:07:45.597120Z","level":"INFO","fields":{"message":"Concurrency control for download: Current concurrency = 57; predicted bandwidth = 217245; success_ratio = 1.000; reference_size = 1.0MB; observed bytes sent so far = 45307039; completed transmissions = 66"},"filename":"D:\\a\\xet-core\\xet-core\\xet_client\\src\\cas_client\\adaptive_concurrency\\controller.rs","line_number":597}
{"timestamp":"2026-07-31T15:07:45.701729Z","level":"INFO","fields":{"message":"Received CAS response","request_id":"01KYWBEJ2YK8WNRMCAQZ6Y65QN","status_code":206},"filename":"D:\\a\\xet-core\\xet-core\\xet_client\\src\\common\\http_client.rs","line_number":288}
{"timestamp":"2026-07-31T15:07:45.701752Z","level":"INFO","fields":{"message":"Request Success: s3::get_range api call succeeded (request id 01KYWBEJ2YK8WNRMCAQZ6Y65QN)."},"filename":"D:\\a\\xet-core\\xet-core\\xet_client\\src\\cas_client\\retry_wrapper.rs","line_number":196}
{"timestamp":"2026-07-31T15:07:45.737594Z","level":"INFO","fields":{"message":"Concurrency control for download: Increased concurrency from 57 to 58; reason: success ratio 1.000 is above threshold 0.800 and predicted RTT for 0MB at new concurrency is 42.09s < target 60.0s"},"filename":"D:\\a\\xet-core\\xet-core\\xet_client\\src\\cas_client\\adaptive_concurrency\\controller.rs","line_number":543}
{"timestamp":"2026-07-31T15:07:46.176883Z","level":"INFO","fields":{"message":"Retry strategy","max_attempts":5,"base_delay":"3s","no_retry_on_429":false},"filename":"D:\\a\\xet-core\\xet-core\\xet_client\\src\\cas_client\\retry_wrapper.rs","line_number":235}
{"timestamp":"2026-07-31T15:07:46.319145Z","level":"INFO","fields":{"message":"Concurrency control for download: Increased concurrency from 58 to 59; reason: success ratio 1.000 is above threshold 0.800 and predicted RTT for 0MB at new concurrency is 45.22s < target 60.0s"},"filename":"D:\\a\\xet-core\\xet-core\\xet_client\\src\\cas_client\\adaptive_concurrency\\controller.rs","line_number":543}
{"timestamp":"2026-07-31T15:07:46.319178Z","level":"INFO","fields":{"message":"Retry strategy","max_attempts":5,"base_delay":"3s","no_retry_on_429":false},"filename":"D:\\a\\xet-core\\xet-core\\xet_client\\src\\cas_client\\retry_wrapper.rs","line_number":235}
{"timestamp":"2026-07-31T15:07:46.789872Z","level":"INFO","fields":{"message":"Received CAS response","request_id":"01KYWBEJT82FCPVC5MWR1W12B5","status_code":206},"filename":"D:\\a\\xet-core\\xet-core\\xet_client\\src\\common\\http_client.rs","line_number":288}
{"timestamp":"2026-07-31T15:07:46.789890Z","level":"INFO","fields":{"message":"Request Success: s3::get_range api call succeeded (request id 01KYWBEJT82FCPVC5MWR1W12B5)."},"filename":"D:\\a\\xet-core\\xet-core\\xet_client\\src\\cas_client\\retry_wrapper.rs","line_number":196}
{"timestamp":"2026-07-31T15:07:46.857907Z","level":"INFO","fields":{"message":"Concurrency control for download: Increased concurrency from 59 to 60; reason: success ratio 1.000 is above threshold 0.800 and predicted RTT for 0MB at new concurrency is 46.55s < target 60.0s"},"filename":"D:\\a\\xet-core\\xet-core\\xet_client\\src\\cas_client\\adaptive_concurrency\\controller.rs","line_number":543}
{"timestamp":"2026-07-31T15:07:46.857940Z","level":"INFO","fields":{"message":"Retry strategy","max_attempts":5,"base_delay":"3s","no_retry_on_429":false},"filename":"D:\\a\\xet-core\\xet-core\\xet_client\\src\\cas_client\\retry_wrapper.rs","line_number":235}
{"timestamp":"2026-07-31T15:07:47.414819Z","level":"INFO","fields":{"message":"Concurrency control for download: Increased concurrency from 60 to 61; reason: success ratio 1.000 is above threshold 0.800 and predicted RTT for 0MB at new concurrency is 45.15s < target 60.0s"},"filename":"D:\\a\\xet-core\\xet-core\\xet_client\\src\\cas_client\\adaptive_concurrency\\controller.rs","line_number":543}
{"timestamp":"2026-07-31T15:07:47.414866Z","level":"INFO","fields":{"message":"Retry strategy","max_attempts":5,"base_delay":"3s","no_retry_on_429":false},"filename":"D:\\a\\xet-core\\xet-core\\xet_client\\src\\cas_client\\retry_wrapper.rs","line_number":235}
{"timestamp":"2026-07-31T15:07:47.414872Z","level":"INFO","fields":{"message":"Retry strategy","max_attempts":5,"base_delay":"3s","no_retry_on_429":false},"filename":"D:\\a\\xet-core\\xet-core\\xet_client\\src\\cas_client\\retry_wrapper.rs","line_number":235}
{"timestamp":"2026-07-31T15:07:49.744841Z","level":"INFO","fields":{"message":"Concurrency control for download: Increased concurrency from 61 to 62; reason: success ratio 1.000 is above threshold 0.800 and predicted RTT for 0MB at new concurrency is 48.67s < target 60.0s"},"filename":"D:\\a\\xet-core\\xet-core\\xet_client\\src\\cas_client\\adaptive_concurrency\\controller.rs","line_number":543}
{"timestamp":"2026-07-31T15:07:49.744877Z","level":"INFO","fields":{"message":"Retry strategy","max_attempts":5,"base_delay":"3s","no_retry_on_429":false},"filename":"D:\\a\\xet-core\\xet-core\\xet_client\\src\\cas_client\\retry_wrapper.rs","line_number":235}
{"timestamp":"2026-07-31T15:07:50.433111Z","level":"INFO","fields":{"message":"Concurrency control for download: Increased concurrency from 62 to 63; reason: success ratio 1.000 is above threshold 0.800 and predicted RTT for 0MB at new concurrency is 52.30s < target 60.0s"},"filename":"D:\\a\\xet-core\\xet-core\\xet_client\\src\\cas_client\\adaptive_concurrency\\controller.rs","line_number":543}
{"timestamp":"2026-07-31T15:07:50.433147Z","level":"INFO","fields":{"message":"Retry strategy","max_attempts":5,"base_delay":"3s","no_retry_on_429":false},"filename":"D:\\a\\xet-core\\xet-core\\xet_client\\src\\cas_client\\retry_wrapper.rs","line_number":235}
{"timestamp":"2026-07-31T15:07:50.538115Z","level":"INFO","fields":{"message":"Received CAS response","request_id":"","status_code":408},"filename":"D:\\a\\xet-core\\xet-core\\xet_client\\src\\common\\http_client.rs","line_number":288}
{"timestamp":"2026-07-31T15:07:50.538142Z","level":"INFO","fields":{"message":"Retryable Error: \"s3::get_range\" api call failed (request id ): HTTP status client error (408 Request Time-out) for url (https://us.aws.cdn.hf.co/xorbs/default/ec924bf23fd0fcb9824fb407079352195df5c6c6cf19c45f6fedfa3abc646356?user_id=public&repo_id=66e6cfeb6998c3d86c14e163&X-Xet-Session-Id=019fb8b5-3c13-7a23-acff-e0be6bd45483&Expires=1785513915&Policy=eyJTdGF0ZW1lbnQiOlt7IlJlc291cmNlIjoiaHR0cHM6Ly91cy5hd3MuY2RuLmhmLmNvL3hvcmJzL2RlZmF1bHQvZWM5MjRiZjIzZmQwZmNiOTgyNGZiNDA3MDc5MzUyMTk1ZGY1YzZjNmNmMTljNDVmNmZlZGZhM2FiYzY0NjM1NlxcP3VzZXJfaWQ9cHVibGljJnJlcG9faWQ9NjZlNmNmZWI2OTk4YzNkODZjMTRlMTYzJlgtWGV0LVNlc3Npb24tSWQ9MDE5ZmI4YjUtM2MxMy03YTIzLWFjZmYtZTBiZTZiZDQ1NDgzIiwiQ29uZGl0aW9uIjp7IkRhdGVMZXNzVGhhbiI6eyJFcG9jaFRpbWUiOjE3ODU1MTM5MTV9LCJCeXRlUmFuZ2UiOnsiRXhwZWN0ZWRIZWFkZXIiOiJieXRlcz0wLTE1NTM5MTM4LDE1NTg0NDMyLTQxNTI5MzUzLDQxNTk2OTA4LTU4MzY5NTgxIn19fV19&Signature=MEYCIQDooRWHQ8chsUyNBL5CA0ft0eIY8faaL1VAcxQjrEZ-0QIhANc0EEMYFQR5MtkQBHeYarUDlClNdtN9QDQj%7Ea6sbFmz&Key-Pair-Id=01KXEF4KZ1B6FV465MAWR4M21F)"},"filename":"D:\\a\\xet-core\\xet-core\\xet_client\\src\\cas_client\\retry_wrapper.rs","line_number":151}
{"timestamp":"2026-07-31T15:07:51.772061Z","level":"INFO","fields":{"message":"Concurrency control for download: Increased concurrency from 63 to 64; reason: success ratio 1.000 is above threshold 0.800 and predicted RTT for 0MB at new concurrency is 53.57s < target 60.0s"},"filename":"D:\\a\\xet-core\\xet-core\\xet_client\\src\\cas_client\\adaptive_concurrency\\controller.rs","line_number":543}
{"timestamp":"2026-07-31T15:07:51.772095Z","level":"INFO","fields":{"message":"Retry strategy","max_attempts":5,"base_delay":"3s","no_retry_on_429":false},"filename":"D:\\a\\xet-core\\xet-core\\xet_client\\src\\cas_client\\retry_wrapper.rs","line_number":235}
{"timestamp":"2026-07-31T15:07:52.579493Z","level":"INFO","fields":{"message":"Concurrency control for download: Increased concurrency from 64 to 64; reason: success ratio 1.000 is above threshold 0.800 and predicted RTT for 0MB at new concurrency is 53.57s < target 60.0s"},"filename":"D:\\a\\xet-core\\xet-core\\xet_client\\src\\cas_client\\adaptive_concurrency\\controller.rs","line_number":543}
{"timestamp":"2026-07-31T15:07:53.774109Z","level":"INFO","fields":{"message":"Concurrency control for download: Increased concurrency from 64 to 64; reason: success ratio 1.000 is above threshold 0.800 and predicted RTT for 0MB at new concurrency is 53.55s < target 60.0s"},"filename":"D:\\a\\xet-core\\xet-core\\xet_client\\src\\cas_client\\adaptive_concurrency\\controller.rs","line_number":543}
{"timestamp":"2026-07-31T15:07:53.774239Z","level":"INFO","fields":{"message":"Received CAS response","request_id":"01KYWBF536AN2TJ3MV0XBV3YHW","status_code":206},"filename":"D:\\a\\xet-core\\xet-core\\xet_client\\src\\common\\http_client.rs","line_number":288}
{"timestamp":"2026-07-31T15:07:53.774252Z","level":"INFO","fields":{"message":"Request Success: s3::get_range api call succeeded (request id 01KYWBF536AN2TJ3MV0XBV3YHW)."},"filename":"D:\\a\\xet-core\\xet-core\\xet_client\\src\\cas_client\\retry_wrapper.rs","line_number":196}
{"timestamp":"2026-07-31T15:07:54.072387Z","level":"INFO","fields":{"message":"Received CAS response","request_id":"01KYWBF548VC9TC7BJ04AEJQAA","status_code":206},"filename":"D:\\a\\xet-core\\xet-core\\xet_client\\src\\common\\http_client.rs","line_number":288}
{"timestamp":"2026-07-31T15:07:54.072407Z","level":"INFO","fields":{"message":"Request Success: s3::get_range api call succeeded (request id 01KYWBF548VC9TC7BJ04AEJQAA)."},"filename":"D:\\a\\xet-core\\xet-core\\xet_client\\src\\cas_client\\retry_wrapper.rs","line_number":196}
{"timestamp":"2026-07-31T15:07:54.769485Z","level":"INFO","fields":{"message":"Concurrency control for download: Increased concurrency from 64 to 64; reason: success ratio 1.000 is above threshold 0.800 and predicted RTT for 0MB at new concurrency is 53.55s < target 60.0s"},"filename":"D:\\a\\xet-core\\xet-core\\xet_client\\src\\cas_client\\adaptive_concurrency\\controller.rs","line_number":543}
{"timestamp":"2026-07-31T15:07:55.489579Z","level":"INFO","fields":{"message":"Concurrency control for download: Increased concurrency from 64 to 64; reason: success ratio 1.000 is above threshold 0.800 and predicted RTT for 0MB at new concurrency is 53.54s < target 60.0s"},"filename":"D:\\a\\xet-core\\xet-core\\xet_client\\src\\cas_client\\adaptive_concurrency\\controller.rs","line_number":543}
{"timestamp":"2026-07-31T15:07:55.783256Z","level":"INFO","fields":{"message":"Concurrency control for download: Current concurrency = 64; predicted bandwidth = 196676; success_ratio = 1.000; reference_size = 1.0MB; observed bytes sent so far = 47078921; completed transmissions = 70"},"filename":"D:\\a\\xet-core\\xet-core\\xet_client\\src\\cas_client\\adaptive_concurrency\\controller.rs","line_number":597}
{"timestamp":"2026-07-31T15:07:56.538990Z","level":"INFO","fields":{"message":"Concurrency control for download: Increased concurrency from 64 to 64; reason: success ratio 1.000 is above threshold 0.800 and predicted RTT for 0MB at new concurrency is 53.56s < target 60.0s"},"filename":"D:\\a\\xet-core\\xet-core\\xet_client\\src\\cas_client\\adaptive_concurrency\\controller.rs","line_number":543}
{"timestamp":"2026-07-31T15:07:56.953089Z","level":"INFO","fields":{"message":"Received CAS response","request_id":"01KYWBF5KW85RTP1QSB85W705A","status_code":206},"filename":"D:\\a\\xet-core\\xet-core\\xet_client\\src\\common\\http_client.rs","line_number":288}
{"timestamp":"2026-07-31T15:07:56.953110Z","level":"INFO","fields":{"message":"Request Success: s3::get_range api call succeeded (request id 01KYWBF5KW85RTP1QSB85W705A)."},"filename":"D:\\a\\xet-core\\xet-core\\xet_client\\src\\cas_client\\retry_wrapper.rs","line_number":196}
{"timestamp":"2026-07-31T15:07:57.766758Z","level":"INFO","fields":{"message":"Concurrency control for download: Increased concurrency from 64 to 64; reason: success ratio 1.000 is above threshold 0.800 and predicted RTT for 0MB at new concurrency is 53.72s < target 60.0s"},"filename":"D:\\a\\xet-core\\xet-core\\xet_client\\src\\cas_client\\adaptive_concurrency\\controller.rs","line_number":543}
{"timestamp":"2026-07-31T15:07:58.391057Z","level":"INFO","fields":{"message":"Concurrency control for download: Increased concurrency from 64 to 64; reason: success ratio 1.000 is above threshold 0.800 and predicted RTT for 0MB at new concurrency is 53.91s < target 60.0s"},"filename":"D:\\a\\xet-core\\xet-core\\xet_client\\src\\cas_client\\adaptive_concurrency\\controller.rs","line_number":543}
{"timestamp":"2026-07-31T15:07:58.772201Z","level":"INFO","fields":{"message":"Received CAS response","request_id":"01KYWBF66B5P5B2S5H3V4KMJ80","status_code":206},"filename":"D:\\a\\xet-core\\xet-core\\xet_client\\src\\common\\http_client.rs","line_number":288}
{"timestamp":"2026-07-31T15:07:58.772197Z","level":"INFO","fields":{"message":"Received CAS response","request_id":"01KYWBF667HZQAZVVT088K29RE","status_code":206},"filename":"D:\\a\\xet-core\\xet-core\\xet_client\\src\\common\\http_client.rs","line_number":288}
{"timestamp":"2026-07-31T15:07:58.772218Z","level":"INFO","fields":{"message":"Request Success: s3::get_range api call succeeded (request id 01KYWBF66B5P5B2S5H3V4KMJ80)."},"filename":"D:\\a\\xet-core\\xet-core\\xet_client\\src\\cas_client\\retry_wrapper.rs","line_number":196}
{"timestamp":"2026-07-31T15:07:58.772218Z","level":"INFO","fields":{"message":"Request Success: s3::get_range api call succeeded (request id 01KYWBF667HZQAZVVT088K29RE)."},"filename":"D:\\a\\xet-core\\xet-core\\xet_client\\src\\cas_client\\retry_wrapper.rs","line_number":196}
{"timestamp":"2026-07-31T15:07:58.901612Z","level":"INFO","fields":{"message":"Concurrency control for download: Increased concurrency from 64 to 64; reason: success ratio 1.000 is above threshold 0.800 and predicted RTT for 0MB at new concurrency is 53.99s < target 60.0s"},"filename":"D:\\a\\xet-core\\xet-core\\xet_client\\src\\cas_client\\adaptive_concurrency\\controller.rs","line_number":543}
{"timestamp":"2026-07-31T15:07:59.071396Z","level":"INFO","fields":{"message":"Retry strategy","max_attempts":5,"base_delay":"3s","no_retry_on_429":false},"filename":"D:\\a\\xet-core\\xet-core\\xet_client\\src\\cas_client\\retry_wrapper.rs","line_number":235}
{"timestamp":"2026-07-31T15:07:59.526427Z","level":"INFO","fields":{"message":"Concurrency control for download: Increased concurrency from 64 to 64; reason: success ratio 1.000 is above threshold 0.800 and predicted RTT for 0MB at new concurrency is 53.48s < target 60.0s"},"filename":"D:\\a\\xet-core\\xet-core\\xet_client\\src\\cas_client\\adaptive_concurrency\\controller.rs","line_number":543}
{"timestamp":"2026-07-31T15:08:00.164193Z","level":"INFO","fields":{"message":"Concurrency control for download: Increased concurrency from 64 to 64; reason: success ratio 1.000 is above threshold 0.800 and predicted RTT for 0MB at new concurrency is 53.66s < target 60.0s"},"filename":"D:\\a\\xet-core\\xet-core\\xet_client\\src\\cas_client\\adaptive_concurrency\\controller.rs","line_number":543}
{"timestamp":"2026-07-31T15:08:00.734443Z","level":"INFO","fields":{"message":"Concurrency control for download: Increased concurrency from 64 to 64; reason: success ratio 1.000 is above threshold 0.800 and predicted RTT for 0MB at new concurrency is 53.67s < target 60.0s"},"filename":"D:\\a\\xet-core\\xet-core\\xet_client\\src\\cas_client\\adaptive_concurrency\\controller.rs","line_number":543}
{"timestamp":"2026-07-31T15:08:01.491849Z","level":"INFO","fields":{"message":"Concurrency control for download: Increased concurrency from 64 to 64; reason: success ratio 1.000 is above threshold 0.800 and predicted RTT for 0MB at new concurrency is 53.84s < target 60.0s"},"filename":"D:\\a\\xet-core\\xet-core\\xet_client\\src\\cas_client\\adaptive_concurrency\\controller.rs","line_number":543}
{"timestamp":"2026-07-31T15:08:01.675995Z","level":"INFO","fields":{"message":"Received CAS response","request_id":"01KYWBF8F210ZW408BRXM9M6CG","status_code":206},"filename":"D:\\a\\xet-core\\xet-core\\xet_client\\src\\common\\http_client.rs","line_number":288}
{"timestamp":"2026-07-31T15:08:01.676018Z","level":"INFO","fields":{"message":"Request Success: s3::get_range api call succeeded (request id 01KYWBF8F210ZW408BRXM9M6CG)."},"filename":"D:\\a\\xet-core\\xet-core\\xet_client\\src\\cas_client\\retry_wrapper.rs","line_number":196}
{"timestamp":"2026-07-31T15:08:02.019746Z","level":"INFO","fields":{"message":"Concurrency control for download: Increased concurrency from 64 to 64; reason: success ratio 1.000 is above threshold 0.800 and predicted RTT for 0MB at new concurrency is 55.45s < target 60.0s"},"filename":"D:\\a\\xet-core\\xet-core\\xet_client\\src\\cas_client\\adaptive_concurrency\\controller.rs","line_number":543}
{"timestamp":"2026-07-31T15:08:02.749522Z","level":"INFO","fields":{"message":"Concurrency control for download: Increased concurrency from 64 to 64; reason: success ratio 1.000 is above threshold 0.800 and predicted RTT for 0MB at new concurrency is 55.47s < target 60.0s"},"filename":"D:\\a\\xet-core\\xet-core\\xet_client\\src\\cas_client\\adaptive_concurrency\\controller.rs","line_number":543}
{"timestamp":"2026-07-31T15:08:03.440748Z","level":"INFO","fields":{"message":"Concurrency control for download: Increased concurrency from 64 to 64; reason: success ratio 1.000 is above threshold 0.800 and predicted RTT for 0MB at new concurrency is 54.60s < target 60.0s"},"filename":"D:\\a\\xet-core\\xet-core\\xet_client\\src\\cas_client\\adaptive_concurrency\\controller.rs","line_number":543}
{"timestamp":"2026-07-31T15:08:04.042292Z","level":"INFO","fields":{"message":"Concurrency control for download: Increased concurrency from 64 to 64; reason: success ratio 1.000 is above threshold 0.800 and predicted RTT for 0MB at new concurrency is 54.97s < target 60.0s"},"filename":"D:\\a\\xet-core\\xet-core\\xet_client\\src\\cas_client\\adaptive_concurrency\\controller.rs","line_number":543}
{"timestamp":"2026-07-31T15:08:04.552200Z","level":"INFO","fields":{"message":"Concurrency control for download: Increased concurrency from 64 to 64; reason: success ratio 1.000 is above threshold 0.800 and predicted RTT for 0MB at new concurrency is 55.61s < target 60.0s"},"filename":"D:\\a\\xet-core\\xet-core\\xet_client\\src\\cas_client\\adaptive_concurrency\\controller.rs","line_number":543}
{"timestamp":"2026-07-31T15:08:04.687237Z","level":"INFO","fields":{"message":"Retry strategy","max_attempts":5,"base_delay":"3s","no_retry_on_429":false},"filename":"D:\\a\\xet-core\\xet-core\\xet_client\\src\\cas_client\\retry_wrapper.rs","line_number":235}
{"timestamp":"2026-07-31T15:08:04.712878Z","level":"INFO","fields":{"message":"Retry strategy","max_attempts":5,"base_delay":"3s","no_retry_on_429":false},"filename":"D:\\a\\xet-core\\xet-core\\xet_client\\src\\cas_client\\retry_wrapper.rs","line_number":235}
{"timestamp":"2026-07-31T15:08:05.095581Z","level":"WARN","fields":{"message":"Request error","err":"Reqwest(reqwest::Error { kind: Request, url: \"https://us.aws.cdn.hf.co/xorbs/default/ec924bf23fd0fcb9824fb407079352195df5c6c6cf19c45f6fedfa3abc646356?user_id=public&repo_id=66e6cfeb6998c3d86c14e163&X-Xet-Session-Id=019fb8b5-3c13-7a23-acff-e0be6bd45483&Expires=1785513915&Policy=eyJTdGF0ZW1lbnQiOlt7IlJlc291cmNlIjoiaHR0cHM6Ly91cy5hd3MuY2RuLmhmLmNvL3hvcmJzL2RlZmF1bHQvZWM5MjRiZjIzZmQwZmNiOTgyNGZiNDA3MDc5MzUyMTk1ZGY1YzZjNmNmMTljNDVmNmZlZGZhM2FiYzY0NjM1NlxcP3VzZXJfaWQ9cHVibGljJnJlcG9faWQ9NjZlNmNmZWI2OTk4YzNkODZjMTRlMTYzJlgtWGV0LVNlc3Npb24tSWQ9MDE5ZmI4YjUtM2MxMy03YTIzLWFjZmYtZTBiZTZiZDQ1NDgzIiwiQ29uZGl0aW9uIjp7IkRhdGVMZXNzVGhhbiI6eyJFcG9jaFRpbWUiOjE3ODU1MTM5MTV9LCJCeXRlUmFuZ2UiOnsiRXhwZWN0ZWRIZWFkZXIiOiJieXRlcz0wLTE1NTM5MTM4LDE1NTg0NDMyLTQxNTI5MzUzLDQxNTk2OTA4LTU4MzY5NTgxIn19fV19&Signature=MEYCIQDooRWHQ8chsUyNBL5CA0ft0eIY8faaL1VAcxQjrEZ-0QIhANc0EEMYFQR5MtkQBHeYarUDlClNdtN9QDQj%7Ea6sbFmz&Key-Pair-Id=01KXEF4KZ1B6FV465MAWR4M21F\", source: hyper_util::client::legacy::Error(SendRequest, hyper::Error(Io, Os { code: 10054, kind: ConnectionReset, message: \"An existing connection was forcibly closed by the remote host.\" })) })"},"filename":"D:\\a\\xet-core\\xet-core\\xet_client\\src\\common\\http_client.rs","line_number":291}
{"timestamp":"2026-07-31T15:08:05.095724Z","level":"INFO","fields":{"message":"Connection attempt 2/5","api":"s3::get_range"},"filename":"D:\\a\\xet-core\\xet-core\\xet_client\\src\\cas_client\\retry_wrapper.rs","line_number":105}
{"timestamp":"2026-07-31T15:08:05.095729Z","level":"INFO","fields":{"message":"Retryable Client Error: s3::get_range api call failed (retry 1): error sending request for url (https://us.aws.cdn.hf.co/xorbs/default/ec924bf23fd0fcb9824fb407079352195df5c6c6cf19c45f6fedfa3abc646356?user_id=public&repo_id=66e6cfeb6998c3d86c14e163&X-Xet-Session-Id=019fb8b5-3c13-7a23-acff-e0be6bd45483&Expires=1785513915&Policy=eyJTdGF0ZW1lbnQiOlt7IlJlc291cmNlIjoiaHR0cHM6Ly91cy5hd3MuY2RuLmhmLmNvL3hvcmJzL2RlZmF1bHQvZWM5MjRiZjIzZmQwZmNiOTgyNGZiNDA3MDc5MzUyMTk1ZGY1YzZjNmNmMTljNDVmNmZlZGZhM2FiYzY0NjM1NlxcP3VzZXJfaWQ9cHVibGljJnJlcG9faWQ9NjZlNmNmZWI2OTk4YzNkODZjMTRlMTYzJlgtWGV0LVNlc3Npb24tSWQ9MDE5ZmI4YjUtM2MxMy03YTIzLWFjZmYtZTBiZTZiZDQ1NDgzIiwiQ29uZGl0aW9uIjp7IkRhdGVMZXNzVGhhbiI6eyJFcG9jaFRpbWUiOjE3ODU1MTM5MTV9LCJCeXRlUmFuZ2UiOnsiRXhwZWN0ZWRIZWFkZXIiOiJieXRlcz0wLTE1NTM5MTM4LDE1NTg0NDMyLTQxNTI5MzUzLDQxNTk2OTA4LTU4MzY5NTgxIn19fV19&Signature=MEYCIQDooRWHQ8chsUyNBL5CA0ft0eIY8faaL1VAcxQjrEZ-0QIhANc0EEMYFQR5MtkQBHeYarUDlClNdtN9QDQj%7Ea6sbFmz&Key-Pair-Id=01KXEF4KZ1B6FV465MAWR4M21F)"},"filename":"D:\\a\\xet-core\\xet-core\\xet_client\\src\\cas_client\\retry_wrapper.rs","line_number":108}
{"timestamp":"2026-07-31T15:08:05.095737Z","level":"INFO","fields":{"message":"Concurrency control for download: Decreased concurrency from 64 to 63; reason: transfer failed (success_ratio = 1.000, threshold = 0.500)"},"filename":"D:\\a\\xet-core\\xet-core\\xet_client\\src\\cas_client\\adaptive_concurrency\\controller.rs","line_number":581}
{"timestamp":"2026-07-31T15:08:05.724982Z","level":"WARN","fields":{"message":"Request error","err":"Reqwest(reqwest::Error { kind: Request, url: \"https://us.aws.cdn.hf.co/xorbs/default/a335be2094dfe3c26dcbad4ced2bd22f2368e15106284794dfb57bea899c77e8?user_id=public&repo_id=66e6cfeb6998c3d86c14e163&X-Xet-Session-Id=019fb8b5-3c13-7a23-acff-e0be6bd45483&Expires=1785513915&Policy=eyJTdGF0ZW1lbnQiOlt7IlJlc291cmNlIjoiaHR0cHM6Ly91cy5hd3MuY2RuLmhmLmNvL3hvcmJzL2RlZmF1bHQvYTMzNWJlMjA5NGRmZTNjMjZkY2JhZDRjZWQyYmQyMmYyMzY4ZTE1MTA2Mjg0Nzk0ZGZiNTdiZWE4OTljNzdlOFxcP3VzZXJfaWQ9cHVibGljJnJlcG9faWQ9NjZlNmNmZWI2OTk4YzNkODZjMTRlMTYzJlgtWGV0LVNlc3Npb24tSWQ9MDE5ZmI4YjUtM2MxMy03YTIzLWFjZmYtZTBiZTZiZDQ1NDgzIiwiQ29uZGl0aW9uIjp7IkRhdGVMZXNzVGhhbiI6eyJFcG9jaFRpbWUiOjE3ODU1MTM5MTV9LCJCeXRlUmFuZ2UiOnsiRXhwZWN0ZWRIZWFkZXIiOiJieXRlcz0wLTU4MzgyNTYyIn19fV19&Signature=MEUCIBKN6RMXyJeuzota8d3%7EJfldoIPRearQka5TvLSCx-BwAiEAiY9JRWOB4g%7EHQXDeqSaSkUGSYLDRn4BmbC-KNNhfJ1I_&Key-Pair-Id=01KXEF4KZ1B6FV465MAWR4M21F\", source: hyper_util::client::legacy::Error(SendRequest, hyper::Error(Io, Os { code: 10054, kind: ConnectionReset, message: \"An existing connection was forcibly closed by the remote host.\" })) })"},"filename":"D:\\a\\xet-core\\xet-core\\xet_client\\src\\common\\http_client.rs","line_number":291}
{"timestamp":"2026-07-31T15:08:05.725147Z","level":"INFO","fields":{"message":"Connection attempt 1/5","api":"s3::get_range"},"filename":"D:\\a\\xet-core\\xet-core\\xet_client\\src\\cas_client\\retry_wrapper.rs","line_number":105}
{"timestamp":"2026-07-31T15:08:05.725152Z","level":"INFO","fields":{"message":"Retryable Client Error: s3::get_range api call failed: error sending request for url (https://us.aws.cdn.hf.co/xorbs/default/a335be2094dfe3c26dcbad4ced2bd22f2368e15106284794dfb57bea899c77e8?user_id=public&repo_id=66e6cfeb6998c3d86c14e163&X-Xet-Session-Id=019fb8b5-3c13-7a23-acff-e0be6bd45483&Expires=1785513915&Policy=eyJTdGF0ZW1lbnQiOlt7IlJlc291cmNlIjoiaHR0cHM6Ly91cy5hd3MuY2RuLmhmLmNvL3hvcmJzL2RlZmF1bHQvYTMzNWJlMjA5NGRmZTNjMjZkY2JhZDRjZWQyYmQyMmYyMzY4ZTE1MTA2Mjg0Nzk0ZGZiNTdiZWE4OTljNzdlOFxcP3VzZXJfaWQ9cHVibGljJnJlcG9faWQ9NjZlNmNmZWI2OTk4YzNkODZjMTRlMTYzJlgtWGV0LVNlc3Npb24tSWQ9MDE5ZmI4YjUtM2MxMy03YTIzLWFjZmYtZTBiZTZiZDQ1NDgzIiwiQ29uZGl0aW9uIjp7IkRhdGVMZXNzVGhhbiI6eyJFcG9jaFRpbWUiOjE3ODU1MTM5MTV9LCJCeXRlUmFuZ2UiOnsiRXhwZWN0ZWRIZWFkZXIiOiJieXRlcz0wLTU4MzgyNTYyIn19fV19&Signature=MEUCIBKN6RMXyJeuzota8d3%7EJfldoIPRearQka5TvLSCx-BwAiEAiY9JRWOB4g%7EHQXDeqSaSkUGSYLDRn4BmbC-KNNhfJ1I_&Key-Pair-Id=01KXEF4KZ1B6FV465MAWR4M21F)"},"filename":"D:\\a\\xet-core\\xet-core\\xet_client\\src\\cas_client\\retry_wrapper.rs","line_number":108}
{"timestamp":"2026-07-31T15:08:05.725160Z","level":"INFO","fields":{"message":"Concurrency control for download: Decreased concurrency from 63 to 62; reason: transfer failed (success_ratio = 1.000, threshold = 0.500)"},"filename":"D:\\a\\xet-core\\xet-core\\xet_client\\src\\cas_client\\adaptive_concurrency\\controller.rs","line_number":581}
{"timestamp":"2026-07-31T15:08:05.799162Z","level":"INFO","fields":{"message":"Concurrency control for download: Current concurrency = 62; predicted bandwidth = 151397; success_ratio = 1.000; reference_size = 1.0MB; observed bytes sent so far = 48821297; completed transmissions = 76"},"filename":"D:\\a\\xet-core\\xet-core\\xet_client\\src\\cas_client\\adaptive_concurrency\\controller.rs","line_number":597}
{"timestamp":"2026-07-31T15:08:16.773025Z","level":"INFO","fields":{"message":"Concurrency control for download: Current concurrency = 62; predicted bandwidth = 150746; success_ratio = 1.000; reference_size = 1.0MB; observed bytes sent so far = 49314509; completed transmissions = 76"},"filename":"D:\\a\\xet-core\\xet-core\\xet_client\\src\\cas_client\\adaptive_concurrency\\controller.rs","line_number":597}
{"timestamp":"2026-07-31T15:08:21.957626Z","level":"INFO","fields":{"message":"Concurrency control for download: Decreased concurrency from 62 to 61; reason: success ratio below threshold (connection struggling) (success_ratio = 1.000, threshold = 0.500)"},"filename":"D:\\a\\xet-core\\xet-core\\xet_client\\src\\cas_client\\adaptive_concurrency\\controller.rs","line_number":581}
{"timestamp":"2026-07-31T15:08:23.766059Z","level":"INFO","fields":{"message":"Concurrency control for download: Decreased concurrency from 61 to 60; reason: success ratio below threshold (connection struggling) (success_ratio = 1.000, threshold = 0.500)"},"filename":"D:\\a\\xet-core\\xet-core\\xet_client\\src\\cas_client\\adaptive_concurrency\\controller.rs","line_number":581}
{"timestamp":"2026-07-31T15:08:25.630447Z","level":"INFO","fields":{"message":"Concurrency control for download: Decreased concurrency from 60 to 59; reason: success ratio below threshold (connection struggling) (success_ratio = 1.000, threshold = 0.500)"},"filename":"D:\\a\\xet-core\\xet-core\\xet_client\\src\\cas_client\\adaptive_concurrency\\controller.rs","line_number":581}
{"timestamp":"2026-07-31T15:08:25.730217Z","level":"INFO","fields":{"message":"Received CAS response","request_id":"01KYWBFHJG0CTMAMJWM49EAYAV","status_code":206},"filename":"D:\\a\\xet-core\\xet-core\\xet_client\\src\\common\\http_client.rs","line_number":288}
{"timestamp":"2026-07-31T15:08:25.730237Z","level":"INFO","fields":{"message":"Request Success: s3::get_range api call succeeded (request id 01KYWBFHJG0CTMAMJWM49EAYAV)."},"filename":"D:\\a\\xet-core\\xet-core\\xet_client\\src\\cas_client\\retry_wrapper.rs","line_number":196}
{"timestamp":"2026-07-31T15:08:26.197845Z","level":"INFO","fields":{"message":"Concurrency control for download: Decreased concurrency from 59 to 58; reason: success ratio below threshold (connection struggling) (success_ratio = 1.000, threshold = 0.500)"},"filename":"D:\\a\\xet-core\\xet-core\\xet_client\\src\\cas_client\\adaptive_concurrency\\controller.rs","line_number":581}
{"timestamp":"2026-07-31T15:08:26.713323Z","level":"INFO","fields":{"message":"Concurrency control for download: Decreased concurrency from 58 to 57; reason: success ratio below threshold (connection struggling) (success_ratio = 1.000, threshold = 0.500)"},"filename":"D:\\a\\xet-core\\xet-core\\xet_client\\src\\cas_client\\adaptive_concurrency\\controller.rs","line_number":581}
{"timestamp":"2026-07-31T15:08:26.805638Z","level":"INFO","fields":{"message":"Concurrency control for download: Current concurrency = 57; predicted bandwidth = 146702; success_ratio = 1.000; reference_size = 1.0MB; observed bytes sent so far = 50595845; completed transmissions = 76"},"filename":"D:\\a\\xet-core\\xet-core\\xet_client\\src\\cas_client\\adaptive_concurrency\\controller.rs","line_number":597}
{"timestamp":"2026-07-31T15:08:27.238954Z","level":"INFO","fields":{"message":"Concurrency control for download: Decreased concurrency from 57 to 56; reason: success ratio below threshold (connection struggling) (success_ratio = 1.000, threshold = 0.500)"},"filename":"D:\\a\\xet-core\\xet-core\\xet_client\\src\\cas_client\\adaptive_concurrency\\controller.rs","line_number":581}
{"timestamp":"2026-07-31T15:08:27.760586Z","level":"INFO","fields":{"message":"Concurrency control for download: Decreased concurrency from 56 to 55; reason: success ratio below threshold (connection struggling) (success_ratio = 1.000, threshold = 0.500)"},"filename":"D:\\a\\xet-core\\xet-core\\xet_client\\src\\cas_client\\adaptive_concurrency\\controller.rs","line_number":581}
{"timestamp":"2026-07-31T15:08:28.264795Z","level":"INFO","fields":{"message":"Concurrency control for download: Decreased concurrency from 55 to 54; reason: success ratio below threshold (connection struggling) (success_ratio = 1.000, threshold = 0.500)"},"filename":"D:\\a\\xet-core\\xet-core\\xet_client\\src\\cas_client\\adaptive_concurrency\\controller.rs","line_number":581}
{"timestamp":"2026-07-31T15:08:28.773020Z","level":"INFO","fields":{"message":"Concurrency control for download: Decreased concurrency from 54 to 53; reason: success ratio below threshold (connection struggling) (success_ratio = 1.000, threshold = 0.500)"},"filename":"D:\\a\\xet-core\\xet-core\\xet_client\\src\\cas_client\\adaptive_concurrency\\controller.rs","line_number":581}
{"timestamp":"2026-07-31T15:08:29.298287Z","level":"INFO","fields":{"message":"Concurrency control for download: Decreased concurrency from 53 to 52; reason: success ratio below threshold (connection struggling) (success_ratio = 1.000, threshold = 0.500)"},"filename":"D:\\a\\xet-core\\xet-core\\xet_client\\src\\cas_client\\adaptive_concurrency\\controller.rs","line_number":581}
{"timestamp":"2026-07-31T15:08:29.824460Z","level":"INFO","fields":{"message":"Concurrency control for download: Decreased concurrency from 52 to 51; reason: success ratio below threshold (connection struggling) (success_ratio = 1.000, threshold = 0.500)"},"filename":"D:\\a\\xet-core\\xet-core\\xet_client\\src\\cas_client\\adaptive_concurrency\\controller.rs","line_number":581}
{"timestamp":"2026-07-31T15:08:30.381963Z","level":"INFO","fields":{"message":"Concurrency control for download: Decreased concurrency from 51 to 50; reason: success ratio below threshold (connection struggling) (success_ratio = 1.000, threshold = 0.500)"},"filename":"D:\\a\\xet-core\\xet-core\\xet_client\\src\\cas_client\\adaptive_concurrency\\controller.rs","line_number":581}
{"timestamp":"2026-07-31T15:08:30.900161Z","level":"INFO","fields":{"message":"Concurrency control for download: Decreased concurrency from 50 to 49; reason: success ratio below threshold (connection struggling) (success_ratio = 1.000, threshold = 0.500)"},"filename":"D:\\a\\xet-core\\xet-core\\xet_client\\src\\cas_client\\adaptive_concurrency\\controller.rs","line_number":581}
{"timestamp":"2026-07-31T15:08:31.443386Z","level":"INFO","fields":{"message":"Concurrency control for download: Decreased concurrency from 49 to 48; reason: success ratio below threshold (connection struggling) (success_ratio = 1.000, threshold = 0.500)"},"filename":"D:\\a\\xet-core\\xet-core\\xet_client\\src\\cas_client\\adaptive_concurrency\\controller.rs","line_number":581}
{"timestamp":"2026-07-31T15:08:31.954413Z","level":"INFO","fields":{"message":"Concurrency control for download: Decreased concurrency from 48 to 47; reason: success ratio below threshold (connection struggling) (success_ratio = 1.000, threshold = 0.500)"},"filename":"D:\\a\\xet-core\\xet-core\\xet_client\\src\\cas_client\\adaptive_concurrency\\controller.rs","line_number":581}
{"timestamp":"2026-07-31T15:08:32.457383Z","level":"INFO","fields":{"message":"Concurrency control for download: Decreased concurrency from 47 to 46; reason: success ratio below threshold (connection struggling) (success_ratio = 1.000, threshold = 0.500)"},"filename":"D:\\a\\xet-core\\xet-core\\xet_client\\src\\cas_client\\adaptive_concurrency\\controller.rs","line_number":581}
{"timestamp":"2026-07-31T15:08:33.010957Z","level":"INFO","fields":{"message":"Concurrency control for download: Decreased concurrency from 46 to 45; reason: success ratio below threshold (connection struggling) (success_ratio = 1.000, threshold = 0.500)"},"filename":"D:\\a\\xet-core\\xet-core\\xet_client\\src\\cas_client\\adaptive_concurrency\\controller.rs","line_number":581}
{"timestamp":"2026-07-31T15:08:33.528011Z","level":"INFO","fields":{"message":"Concurrency control for download: Decreased concurrency from 45 to 44; reason: success ratio below threshold (connection struggling) (success_ratio = 1.000, threshold = 0.500)"},"filename":"D:\\a\\xet-core\\xet-core\\xet_client\\src\\cas_client\\adaptive_concurrency\\controller.rs","line_number":581}
{"timestamp":"2026-07-31T15:08:33.616537Z","level":"INFO","fields":{"message":"Received CAS response","request_id":"01KYWBGHJBHSVH2QTJ1MSTJ021","status_code":206},"filename":"D:\\a\\xet-core\\xet-core\\xet_client\\src\\common\\http_client.rs","line_number":288}
{"timestamp":"2026-07-31T15:08:33.616557Z","level":"INFO","fields":{"message":"Request Success: s3::get_range api call succeeded (request id 01KYWBGHJBHSVH2QTJ1MSTJ021, retry 1)."},"filename":"D:\\a\\xet-core\\xet-core\\xet_client\\src\\cas_client\\retry_wrapper.rs","line_number":196}
{"timestamp":"2026-07-31T15:08:34.071888Z","level":"INFO","fields":{"message":"Concurrency control for download: Decreased concurrency from 44 to 43; reason: success ratio below threshold (connection struggling) (success_ratio = 1.000, threshold = 0.500)"},"filename":"D:\\a\\xet-core\\xet-core\\xet_client\\src\\cas_client\\adaptive_concurrency\\controller.rs","line_number":581}
{"timestamp":"2026-07-31T15:08:34.446267Z","level":"INFO","fields":{"message":"Received CAS response","request_id":"01KYWBGJPCDENZ1GHW7F65XWS0","status_code":206},"filename":"D:\\a\\xet-core\\xet-core\\xet_client\\src\\common\\http_client.rs","line_number":288}
{"timestamp":"2026-07-31T15:08:34.446290Z","level":"INFO","fields":{"message":"Request Success: s3::get_range api call succeeded (request id 01KYWBGJPCDENZ1GHW7F65XWS0, retry 1)."},"filename":"D:\\a\\xet-core\\xet-core\\xet_client\\src\\cas_client\\retry_wrapper.rs","line_number":196}
{"timestamp":"2026-07-31T15:08:34.649594Z","level":"INFO","fields":{"message":"Concurrency control for download: Decreased concurrency from 43 to 42; reason: success ratio below threshold (connection struggling) (success_ratio = 1.000, threshold = 0.500)"},"filename":"D:\\a\\xet-core\\xet-core\\xet_client\\src\\cas_client\\adaptive_concurrency\\controller.rs","line_number":581}
{"timestamp":"2026-07-31T15:08:35.179874Z","level":"INFO","fields":{"message":"Concurrency control for download: Decreased concurrency from 42 to 41; reason: success ratio below threshold (connection struggling) (success_ratio = 1.000, threshold = 0.500)"},"filename":"D:\\a\\xet-core\\xet-core\\xet_client\\src\\cas_client\\adaptive_concurrency\\controller.rs","line_number":581}
{"timestamp":"2026-07-31T15:08:35.707906Z","level":"INFO","fields":{"message":"Concurrency control for download: Decreased concurrency from 41 to 40; reason: success ratio below threshold (connection struggling) (success_ratio = 1.000, threshold = 0.500)"},"filename":"D:\\a\\xet-core\\xet-core\\xet_client\\src\\cas_client\\adaptive_concurrency\\controller.rs","line_number":581}
{"timestamp":"2026-07-31T15:08:36.530953Z","level":"INFO","fields":{"message":"Concurrency control for download: Decreased concurrency from 40 to 39; reason: success ratio below threshold (connection struggling) (success_ratio = 1.000, threshold = 0.500)"},"filename":"D:\\a\\xet-core\\xet-core\\xet_client\\src\\cas_client\\adaptive_concurrency\\controller.rs","line_number":581}
{"timestamp":"2026-07-31T15:08:36.831417Z","level":"INFO","fields":{"message":"Concurrency control for download: Current concurrency = 39; predicted bandwidth = 102131; success_ratio = 1.000; reference_size = 1.0MB; observed bytes sent so far = 60756180; completed transmissions = 90"},"filename":"D:\\a\\xet-core\\xet-core\\xet_client\\src\\cas_client\\adaptive_concurrency\\controller.rs","line_number":597}
{"timestamp":"2026-07-31T15:08:37.115134Z","level":"INFO","fields":{"message":"Concurrency control for download: Decreased concurrency from 39 to 38; reason: success ratio below threshold (connection struggling) (success_ratio = 1.000, threshold = 0.500)"},"filename":"D:\\a\\xet-core\\xet-core\\xet_client\\src\\cas_client\\adaptive_concurrency\\controller.rs","line_number":581}
{"timestamp":"2026-07-31T15:08:37.837339Z","level":"INFO","fields":{"message":"Concurrency control for download: Decreased concurrency from 38 to 37; reason: success ratio below threshold (connection struggling) (success_ratio = 1.000, threshold = 0.500)"},"filename":"D:\\a\\xet-core\\xet-core\\xet_client\\src\\cas_client\\adaptive_concurrency\\controller.rs","line_number":581}
{"timestamp":"2026-07-31T15:08:38.480130Z","level":"INFO","fields":{"message":"Concurrency control for download: Decreased concurrency from 37 to 36; reason: success ratio below threshold (connection struggling) (success_ratio = 1.000, threshold = 0.500)"},"filename":"D:\\a\\xet-core\\xet-core\\xet_client\\src\\cas_client\\adaptive_concurrency\\controller.rs","line_number":581}
{"timestamp":"2026-07-31T15:08:38.795933Z","level":"INFO","fields":{"message":"Received CAS response","request_id":"01KYWBFQ1PNB4BFBJ43A25CK5N","status_code":206},"filename":"D:\\a\\xet-core\\xet-core\\xet_client\\src\\common\\http_client.rs","line_number":288}
{"timestamp":"2026-07-31T15:08:38.795956Z","level":"INFO","fields":{"message":"Request Success: s3::get_range api call succeeded (request id 01KYWBFQ1PNB4BFBJ43A25CK5N)."},"filename":"D:\\a\\xet-core\\xet-core\\xet_client\\src\\cas_client\\retry_wrapper.rs","line_number":196}
{"timestamp":"2026-07-31T15:08:38.983171Z","level":"INFO","fields":{"message":"Concurrency control for download: Decreased concurrency from 36 to 35; reason: success ratio below threshold (connection struggling) (success_ratio = 1.000, threshold = 0.500)"},"filename":"D:\\a\\xet-core\\xet-core\\xet_client\\src\\cas_client\\adaptive_concurrency\\controller.rs","line_number":581}
{"timestamp":"2026-07-31T15:08:39.533796Z","level":"INFO","fields":{"message":"Concurrency control for download: Decreased concurrency from 35 to 34; reason: success ratio below threshold (connection struggling) (success_ratio = 1.000, threshold = 0.500)"},"filename":"D:\\a\\xet-core\\xet-core\\xet_client\\src\\cas_client\\adaptive_concurrency\\controller.rs","line_number":581}
{"timestamp":"2026-07-31T15:08:40.119756Z","level":"INFO","fields":{"message":"Concurrency control for download: Decreased concurrency from 34 to 33; reason: success ratio below threshold (connection struggling) (success_ratio = 1.000, threshold = 0.500)"},"filename":"D:\\a\\xet-core\\xet-core\\xet_client\\src\\cas_client\\adaptive_concurrency\\controller.rs","line_number":581}
{"timestamp":"2026-07-31T15:08:40.599039Z","level":"INFO","fields":{"message":"Received CAS response","request_id":"01KYWBGMKJQ5MH4HNJ2HHEMDY1","status_code":206},"filename":"D:\\a\\xet-core\\xet-core\\xet_client\\src\\common\\http_client.rs","line_number":288}
{"timestamp":"2026-07-31T15:08:40.599059Z","level":"INFO","fields":{"message":"Request Success: s3::get_range api call succeeded (request id 01KYWBGMKJQ5MH4HNJ2HHEMDY1, retry 1)."},"filename":"D:\\a\\xet-core\\xet-core\\xet_client\\src\\cas_client\\retry_wrapper.rs","line_number":196}
{"timestamp":"2026-07-31T15:08:40.604048Z","level":"INFO","fields":{"message":"Received CAS response","request_id":"01KYWBFQ8GS9FVXVFABSMJXJY0","status_code":206},"filename":"D:\\a\\xet-core\\xet-core\\xet_client\\src\\common\\http_client.rs","line_number":288}
{"timestamp":"2026-07-31T15:08:40.604079Z","level":"INFO","fields":{"message":"Request Success: s3::get_range api call succeeded (request id 01KYWBFQ8GS9FVXVFABSMJXJY0)."},"filename":"D:\\a\\xet-core\\xet-core\\xet_client\\src\\cas_client\\retry_wrapper.rs","line_number":196}
{"timestamp":"2026-07-31T15:08:40.776634Z","level":"INFO","fields":{"message":"Concurrency control for download: Decreased concurrency from 33 to 32; reason: success ratio below threshold (connection struggling) (success_ratio = 1.000, threshold = 0.500)"},"filename":"D:\\a\\xet-core\\xet-core\\xet_client\\src\\cas_client\\adaptive_concurrency\\controller.rs","line_number":581}
{"timestamp":"2026-07-31T15:08:41.462349Z","level":"INFO","fields":{"message":"Concurrency control for download: Decreased concurrency from 32 to 31; reason: success ratio below threshold (connection struggling) (success_ratio = 1.000, threshold = 0.500)"},"filename":"D:\\a\\xet-core\\xet-core\\xet_client\\src\\cas_client\\adaptive_concurrency\\controller.rs","line_number":581}
{"timestamp":"2026-07-31T15:08:42.166648Z","level":"INFO","fields":{"message":"Concurrency control for download: Decreased concurrency from 31 to 30; reason: success ratio below threshold (connection struggling) (success_ratio = 1.000, threshold = 0.500)"},"filename":"D:\\a\\xet-core\\xet-core\\xet_client\\src\\cas_client\\adaptive_concurrency\\controller.rs","line_number":581}
{"timestamp":"2026-07-31T15:08:42.678540Z","level":"INFO","fields":{"message":"Concurrency control for download: Decreased concurrency from 30 to 29; reason: success ratio below threshold (connection struggling) (success_ratio = 1.000, threshold = 0.500)"},"filename":"D:\\a\\xet-core\\xet-core\\xet_client\\src\\cas_client\\adaptive_concurrency\\controller.rs","line_number":581}
{"timestamp":"2026-07-31T15:08:42.726707Z","level":"INFO","fields":{"message":"Received CAS response","request_id":"01KYWBGPXCA4K8YNKZ9YNXGSHB","status_code":206},"filename":"D:\\a\\xet-core\\xet-core\\xet_client\\src\\common\\http_client.rs","line_number":288}
{"timestamp":"2026-07-31T15:08:42.726727Z","level":"INFO","fields":{"message":"Request Success: s3::get_range api call succeeded (request id 01KYWBGPXCA4K8YNKZ9YNXGSHB, retry 1)."},"filename":"D:\\a\\xet-core\\xet-core\\xet_client\\src\\cas_client\\retry_wrapper.rs","line_number":196}
{"timestamp":"2026-07-31T15:08:43.054081Z","level":"INFO","fields":{"message":"Received CAS response","request_id":"01KYWBGRPFK70VB8FFHC41MQK0","status_code":206},"filename":"D:\\a\\xet-core\\xet-core\\xet_client\\src\\common\\http_client.rs","line_number":288}
{"timestamp":"2026-07-31T15:08:43.054104Z","level":"INFO","fields":{"message":"Request Success: s3::get_range api call succeeded (request id 01KYWBGRPFK70VB8FFHC41MQK0, retry 1)."},"filename":"D:\\a\\xet-core\\xet-core\\xet_client\\src\\cas_client\\retry_wrapper.rs","line_number":196}
{"timestamp":"2026-07-31T15:08:43.382499Z","level":"INFO","fields":{"message":"Concurrency control for download: Decreased concurrency from 29 to 28; reason: success ratio below threshold (connection struggling) (success_ratio = 1.000, threshold = 0.500)"},"filename":"D:\\a\\xet-core\\xet-core\\xet_client\\src\\cas_client\\adaptive_concurrency\\controller.rs","line_number":581}
{"timestamp":"2026-07-31T15:08:44.006888Z","level":"INFO","fields":{"message":"Concurrency control for download: Decreased concurrency from 28 to 27; reason: success ratio below threshold (connection struggling) (success_ratio = 1.000, threshold = 0.500)"},"filename":"D:\\a\\xet-core\\xet-core\\xet_client\\src\\cas_client\\adaptive_concurrency\\controller.rs","line_number":581}
{"timestamp":"2026-07-31T15:08:44.580651Z","level":"INFO","fields":{"message":"Concurrency control for download: Decreased concurrency from 27 to 26; reason: success ratio below threshold (connection struggling) (success_ratio = 1.000, threshold = 0.500)"},"filename":"D:\\a\\xet-core\\xet-core\\xet_client\\src\\cas_client\\adaptive_concurrency\\controller.rs","line_number":581}
{"timestamp":"2026-07-31T15:08:44.608099Z","level":"INFO","fields":{"message":"Received CAS response","request_id":"01KYWBFRWZX49M9ZCR0YF8ZWXX","status_code":206},"filename":"D:\\a\\xet-core\\xet-core\\xet_client\\src\\common\\http_client.rs","line_number":288}
{"timestamp":"2026-07-31T15:08:44.608132Z","level":"INFO","fields":{"message":"Request Success: s3::get_range api call succeeded (request id 01KYWBFRWZX49M9ZCR0YF8ZWXX, retry 1)."},"filename":"D:\\a\\xet-core\\xet-core\\xet_client\\src\\cas_client\\retry_wrapper.rs","line_number":196}
{"timestamp":"2026-07-31T15:08:45.451840Z","level":"INFO","fields":{"message":"Concurrency control for download: Decreased concurrency from 26 to 25; reason: success ratio below threshold (connection struggling) (success_ratio = 1.000, threshold = 0.500)"},"filename":"D:\\a\\xet-core\\xet-core\\xet_client\\src\\cas_client\\adaptive_concurrency\\controller.rs","line_number":581}
{"timestamp":"2026-07-31T15:08:45.975885Z","level":"INFO","fields":{"message":"Concurrency control for download: Decreased concurrency from 25 to 24; reason: success ratio below threshold (connection struggling) (success_ratio = 1.000, threshold = 0.500)"},"filename":"D:\\a\\xet-core\\xet-core\\xet_client\\src\\cas_client\\adaptive_concurrency\\controller.rs","line_number":581}
{"timestamp":"2026-07-31T15:08:46.502776Z","level":"INFO","fields":{"message":"Concurrency control for download: Decreased concurrency from 24 to 23; reason: success ratio below threshold (connection struggling) (success_ratio = 1.000, threshold = 0.500)"},"filename":"D:\\a\\xet-core\\xet-core\\xet_client\\src\\cas_client\\adaptive_concurrency\\controller.rs","line_number":581}
{"timestamp":"2026-07-31T15:08:46.864698Z","level":"INFO","fields":{"message":"Concurrency control for download: Current concurrency = 23; predicted bandwidth = 203897; success_ratio = 1.000; reference_size = 1.0MB; observed bytes sent so far = 64695836; completed transmissions = 101"},"filename":"D:\\a\\xet-core\\xet-core\\xet_client\\src\\cas_client\\adaptive_concurrency\\controller.rs","line_number":597}
{"timestamp":"2026-07-31T15:08:47.224918Z","level":"INFO","fields":{"message":"Concurrency control for download: Decreased concurrency from 23 to 22; reason: success ratio below threshold (connection struggling) (success_ratio = 1.000, threshold = 0.500)"},"filename":"D:\\a\\xet-core\\xet-core\\xet_client\\src\\cas_client\\adaptive_concurrency\\controller.rs","line_number":581}
{"timestamp":"2026-07-31T15:08:47.872665Z","level":"INFO","fields":{"message":"Concurrency control for download: Decreased concurrency from 22 to 21; reason: success ratio below threshold (connection struggling) (success_ratio = 1.000, threshold = 0.500)"},"filename":"D:\\a\\xet-core\\xet-core\\xet_client\\src\\cas_client\\adaptive_concurrency\\controller.rs","line_number":581}
{"timestamp":"2026-07-31T15:08:48.570335Z","level":"INFO","fields":{"message":"Concurrency control for download: Decreased concurrency from 21 to 20; reason: success ratio below threshold (connection struggling) (success_ratio = 1.000, threshold = 0.500)"},"filename":"D:\\a\\xet-core\\xet-core\\xet_client\\src\\cas_client\\adaptive_concurrency\\controller.rs","line_number":581}
{"timestamp":"2026-07-31T15:08:49.088697Z","level":"INFO","fields":{"message":"Concurrency control for download: Decreased concurrency from 20 to 19; reason: success ratio below threshold (connection struggling) (success_ratio = 1.000, threshold = 0.500)"},"filename":"D:\\a\\xet-core\\xet-core\\xet_client\\src\\cas_client\\adaptive_concurrency\\controller.rs","line_number":581}
{"timestamp":"2026-07-31T15:08:49.625698Z","level":"INFO","fields":{"message":"Concurrency control for download: Decreased concurrency from 19 to 18; reason: success ratio below threshold (connection struggling) (success_ratio = 1.000, threshold = 0.500)"},"filename":"D:\\a\\xet-core\\xet-core\\xet_client\\src\\cas_client\\adaptive_concurrency\\controller.rs","line_number":581}
{"timestamp":"2026-07-31T15:08:50.410705Z","level":"INFO","fields":{"message":"Concurrency control for download: Decreased concurrency from 18 to 17; reason: success ratio below threshold (connection struggling) (success_ratio = 1.000, threshold = 0.500)"},"filename":"D:\\a\\xet-core\\xet-core\\xet_client\\src\\cas_client\\adaptive_concurrency\\controller.rs","line_number":581}
{"timestamp":"2026-07-31T15:08:51.150456Z","level":"INFO","fields":{"message":"Concurrency control for download: Decreased concurrency from 17 to 16; reason: success ratio below threshold (connection struggling) (success_ratio = 1.000, threshold = 0.500)"},"filename":"D:\\a\\xet-core\\xet-core\\xet_client\\src\\cas_client\\adaptive_concurrency\\controller.rs","line_number":581}
{"timestamp":"2026-07-31T15:08:51.699118Z","level":"INFO","fields":{"message":"Concurrency control for download: Decreased concurrency from 16 to 15; reason: success ratio below threshold (connection struggling) (success_ratio = 1.000, threshold = 0.500)"},"filename":"D:\\a\\xet-core\\xet-core\\xet_client\\src\\cas_client\\adaptive_concurrency\\controller.rs","line_number":581}
{"timestamp":"2026-07-31T15:08:52.202525Z","level":"INFO","fields":{"message":"Concurrency control for download: Decreased concurrency from 15 to 14; reason: success ratio below threshold (connection struggling) (success_ratio = 1.000, threshold = 0.500)"},"filename":"D:\\a\\xet-core\\xet-core\\xet_client\\src\\cas_client\\adaptive_concurrency\\controller.rs","line_number":581}
{"timestamp":"2026-07-31T15:08:52.759610Z","level":"INFO","fields":{"message":"Concurrency control for download: Decreased concurrency from 14 to 13; reason: success ratio below threshold (connection struggling) (success_ratio = 1.000, threshold = 0.500)"},"filename":"D:\\a\\xet-core\\xet-core\\xet_client\\src\\cas_client\\adaptive_concurrency\\controller.rs","line_number":581}
{"timestamp":"2026-07-31T15:08:52.765557Z","level":"INFO","fields":{"message":"Received CAS response","request_id":"01KYWBH2CRS841ZHH6YM5KESPN","status_code":206},"filename":"D:\\a\\xet-core\\xet-core\\xet_client\\src\\common\\http_client.rs","line_number":288}
{"timestamp":"2026-07-31T15:08:52.765572Z","level":"INFO","fields":{"message":"Request Success: s3::get_range api call succeeded (request id 01KYWBH2CRS841ZHH6YM5KESPN, retry 1)."},"filename":"D:\\a\\xet-core\\xet-core\\xet_client\\src\\cas_client\\retry_wrapper.rs","line_number":196}
{"timestamp":"2026-07-31T15:08:53.270959Z","level":"INFO","fields":{"message":"Concurrency control for download: Decreased concurrency from 13 to 12; reason: success ratio below threshold (connection struggling) (success_ratio = 1.000, threshold = 0.500)"},"filename":"D:\\a\\xet-core\\xet-core\\xet_client\\src\\cas_client\\adaptive_concurrency\\controller.rs","line_number":581}
{"timestamp":"2026-07-31T15:08:54.112555Z","level":"INFO","fields":{"message":"Concurrency control for download: Decreased concurrency from 12 to 11; reason: success ratio below threshold (connection struggling) (success_ratio = 1.000, threshold = 0.500)"},"filename":"D:\\a\\xet-core\\xet-core\\xet_client\\src\\cas_client\\adaptive_concurrency\\controller.rs","line_number":581}
{"timestamp":"2026-07-31T15:08:54.698719Z","level":"INFO","fields":{"message":"Concurrency control for download: Decreased concurrency from 11 to 10; reason: success ratio below threshold (connection struggling) (success_ratio = 1.000, threshold = 0.500)"},"filename":"D:\\a\\xet-core\\xet-core\\xet_client\\src\\cas_client\\adaptive_concurrency\\controller.rs","line_number":581}
{"timestamp":"2026-07-31T15:08:55.299429Z","level":"INFO","fields":{"message":"Concurrency control for download: Decreased concurrency from 10 to 9; reason: success ratio below threshold (connection struggling) (success_ratio = 1.000, threshold = 0.500)"},"filename":"D:\\a\\xet-core\\xet-core\\xet_client\\src\\cas_client\\adaptive_concurrency\\controller.rs","line_number":581}
{"timestamp":"2026-07-31T15:08:55.837780Z","level":"INFO","fields":{"message":"Concurrency control for download: Decreased concurrency from 9 to 8; reason: success ratio below threshold (connection struggling) (success_ratio = 1.000, threshold = 0.500)"},"filename":"D:\\a\\xet-core\\xet-core\\xet_client\\src\\cas_client\\adaptive_concurrency\\controller.rs","line_number":581}
{"timestamp":"2026-07-31T15:08:56.595076Z","level":"INFO","fields":{"message":"Concurrency control for download: Decreased concurrency from 8 to 7; reason: success ratio below threshold (connection struggling) (success_ratio = 1.000, threshold = 0.500)"},"filename":"D:\\a\\xet-core\\xet-core\\xet_client\\src\\cas_client\\adaptive_concurrency\\controller.rs","line_number":581}
{"timestamp":"2026-07-31T15:08:56.913129Z","level":"INFO","fields":{"message":"Concurrency control for download: Current concurrency = 7; predicted bandwidth = 91158; success_ratio = 1.000; reference_size = 1.0MB; observed bytes sent so far = 72632408; completed transmissions = 104"},"filename":"D:\\a\\xet-core\\xet-core\\xet_client\\src\\cas_client\\adaptive_concurrency\\controller.rs","line_number":597}
{"timestamp":"2026-07-31T15:08:57.232041Z","level":"INFO","fields":{"message":"Concurrency control for download: Decreased concurrency from 7 to 6; reason: success ratio below threshold (connection struggling) (success_ratio = 1.000, threshold = 0.500)"},"filename":"D:\\a\\xet-core\\xet-core\\xet_client\\src\\cas_client\\adaptive_concurrency\\controller.rs","line_number":581}
{"timestamp":"2026-07-31T15:08:57.740265Z","level":"INFO","fields":{"message":"Concurrency control for download: Decreased concurrency from 6 to 5; reason: success ratio below threshold (connection struggling) (success_ratio = 1.000, threshold = 0.500)"},"filename":"D:\\a\\xet-core\\xet-core\\xet_client\\src\\cas_client\\adaptive_concurrency\\controller.rs","line_number":581}
{"timestamp":"2026-07-31T15:08:58.323762Z","level":"INFO","fields":{"message":"Concurrency control for download: Decreased concurrency from 5 to 4; reason: success ratio below threshold (connection struggling) (success_ratio = 1.000, threshold = 0.500)"},"filename":"D:\\a\\xet-core\\xet-core\\xet_client\\src\\cas_client\\adaptive_concurrency\\controller.rs","line_number":581}
{"timestamp":"2026-07-31T15:08:58.916300Z","level":"INFO","fields":{"message":"Concurrency control for download: Decreased concurrency from 4 to 3; reason: success ratio below threshold (connection struggling) (success_ratio = 1.000, threshold = 0.500)"},"filename":"D:\\a\\xet-core\\xet-core\\xet_client\\src\\cas_client\\adaptive_concurrency\\controller.rs","line_number":581}
{"timestamp":"2026-07-31T15:08:59.602099Z","level":"INFO","fields":{"message":"Concurrency control for download: Decreased concurrency from 3 to 2; reason: success ratio below threshold (connection struggling) (success_ratio = 1.000, threshold = 0.500)"},"filename":"D:\\a\\xet-core\\xet-core\\xet_client\\src\\cas_client\\adaptive_concurrency\\controller.rs","line_number":581}
{"timestamp":"2026-07-31T15:09:00.183601Z","level":"INFO","fields":{"message":"Concurrency control for download: Decreased concurrency from 2 to 1; reason: success ratio below threshold (connection struggling) (success_ratio = 1.000, threshold = 0.500)"},"filename":"D:\\a\\xet-core\\xet-core\\xet_client\\src\\cas_client\\adaptive_concurrency\\controller.rs","line_number":581}
{"timestamp":"2026-07-31T15:09:00.724743Z","level":"INFO","fields":{"message":"Concurrency control for download: Decreased concurrency from 1 to 1; reason: success ratio below threshold (connection struggling) (success_ratio = 1.000, threshold = 0.500)"},"filename":"D:\\a\\xet-core\\xet-core\\xet_client\\src\\cas_client\\adaptive_concurrency\\controller.rs","line_number":581}
{"timestamp":"2026-07-31T15:09:01.264997Z","level":"INFO","fields":{"message":"Concurrency control for download: Decreased concurrency from 1 to 1; reason: success ratio below threshold (connection struggling) (success_ratio = 1.000, threshold = 0.500)"},"filename":"D:\\a\\xet-core\\xet-core\\xet_client\\src\\cas_client\\adaptive_concurrency\\controller.rs","line_number":581}
{"timestamp":"2026-07-31T15:09:01.870456Z","level":"INFO","fields":{"message":"Concurrency control for download: Decreased concurrency from 1 to 1; reason: success ratio below threshold (connection struggling) (success_ratio = 1.000, threshold = 0.500)"},"filename":"D:\\a\\xet-core\\xet-core\\xet_client\\src\\cas_client\\adaptive_concurrency\\controller.rs","line_number":581}
{"timestamp":"2026-07-31T15:09:02.403551Z","level":"INFO","fields":{"message":"Concurrency control for download: Decreased concurrency from 1 to 1; reason: success ratio below threshold (connection struggling) (success_ratio = 1.000, threshold = 0.500)"},"filename":"D:\\a\\xet-core\\xet-core\\xet_client\\src\\cas_client\\adaptive_concurrency\\controller.rs","line_number":581}
{"timestamp":"2026-07-31T15:09:02.909684Z","level":"INFO","fields":{"message":"Concurrency control for download: Decreased concurrency from 1 to 1; reason: success ratio below threshold (connection struggling) (success_ratio = 1.000, threshold = 0.500)"},"filename":"D:\\a\\xet-core\\xet-core\\xet_client\\src\\cas_client\\adaptive_concurrency\\controller.rs","line_number":581}
{"timestamp":"2026-07-31T15:09:03.419474Z","level":"INFO","fields":{"message":"Concurrency control for download: Increased concurrency from 1 to 2; reason: success ratio 1.000 is above threshold 0.800 and predicted RTT for 0MB at new concurrency is 41.19s < target 60.0s"},"filename":"D:\\a\\xet-core\\xet-core\\xet_client\\src\\cas_client\\adaptive_concurrency\\controller.rs","line_number":543}
{"timestamp":"2026-07-31T15:09:03.924926Z","level":"INFO","fields":{"message":"Concurrency control for download: Increased concurrency from 2 to 3; reason: success ratio 1.000 is above threshold 0.800 and predicted RTT for 0MB at new concurrency is 36.23s < target 60.0s"},"filename":"D:\\a\\xet-core\\xet-core\\xet_client\\src\\cas_client\\adaptive_concurrency\\controller.rs","line_number":543}
{"timestamp":"2026-07-31T15:09:04.644841Z","level":"INFO","fields":{"message":"Concurrency control for download: Increased concurrency from 3 to 4; reason: success ratio 1.000 is above threshold 0.800 and predicted RTT for 0MB at new concurrency is 37.81s < target 60.0s"},"filename":"D:\\a\\xet-core\\xet-core\\xet_client\\src\\cas_client\\adaptive_concurrency\\controller.rs","line_number":543}
{"timestamp":"2026-07-31T15:09:05.149851Z","level":"INFO","fields":{"message":"Concurrency control for download: Increased concurrency from 4 to 5; reason: success ratio 1.000 is above threshold 0.800 and predicted RTT for 0MB at new concurrency is 39.23s < target 60.0s"},"filename":"D:\\a\\xet-core\\xet-core\\xet_client\\src\\cas_client\\adaptive_concurrency\\controller.rs","line_number":543}
{"timestamp":"2026-07-31T15:09:05.680474Z","level":"INFO","fields":{"message":"Concurrency control for download: Increased concurrency from 5 to 6; reason: success ratio 1.000 is above threshold 0.800 and predicted RTT for 0MB at new concurrency is 42.03s < target 60.0s"},"filename":"D:\\a\\xet-core\\xet-core\\xet_client\\src\\cas_client\\adaptive_concurrency\\controller.rs","line_number":543}
{"timestamp":"2026-07-31T15:09:06.279233Z","level":"INFO","fields":{"message":"Concurrency control for download: Increased concurrency from 6 to 7; reason: success ratio 1.000 is above threshold 0.800 and predicted RTT for 0MB at new concurrency is 41.39s < target 60.0s"},"filename":"D:\\a\\xet-core\\xet-core\\xet_client\\src\\cas_client\\adaptive_concurrency\\controller.rs","line_number":543}
{"timestamp":"2026-07-31T15:09:06.788470Z","level":"INFO","fields":{"message":"Concurrency control for download: Increased concurrency from 7 to 8; reason: success ratio 1.000 is above threshold 0.800 and predicted RTT for 0MB at new concurrency is 45.01s < target 60.0s"},"filename":"D:\\a\\xet-core\\xet-core\\xet_client\\src\\cas_client\\adaptive_concurrency\\controller.rs","line_number":543}
{"timestamp":"2026-07-31T15:09:06.917136Z","level":"INFO","fields":{"message":"Concurrency control for download: Current concurrency = 8; predicted bandwidth = 233466; success_ratio = 1.000; reference_size = 1.0MB; observed bytes sent so far = 79535160; completed transmissions = 105"},"filename":"D:\\a\\xet-core\\xet-core\\xet_client\\src\\cas_client\\adaptive_concurrency\\controller.rs","line_number":597}
{"timestamp":"2026-07-31T15:09:07.490737Z","level":"INFO","fields":{"message":"Concurrency control for download: Increased concurrency from 8 to 9; reason: success ratio 1.000 is above threshold 0.800 and predicted RTT for 0MB at new concurrency is 47.01s < target 60.0s"},"filename":"D:\\a\\xet-core\\xet-core\\xet_client\\src\\cas_client\\adaptive_concurrency\\controller.rs","line_number":543}
{"timestamp":"2026-07-31T15:09:08.075708Z","level":"INFO","fields":{"message":"Concurrency control for download: Increased concurrency from 9 to 10; reason: success ratio 1.000 is above threshold 0.800 and predicted RTT for 1MB at new concurrency is 35.57s < target 60.0s"},"filename":"D:\\a\\xet-core\\xet-core\\xet_client\\src\\cas_client\\adaptive_concurrency\\controller.rs","line_number":543}
{"timestamp":"2026-07-31T15:09:08.658722Z","level":"INFO","fields":{"message":"Concurrency control for download: Decreased concurrency from 10 to 9; reason: success ratio below threshold (connection struggling) (success_ratio = 1.000, threshold = 0.500)"},"filename":"D:\\a\\xet-core\\xet-core\\xet_client\\src\\cas_client\\adaptive_concurrency\\controller.rs","line_number":581}
{"timestamp":"2026-07-31T15:09:09.303073Z","level":"INFO","fields":{"message":"Concurrency control for download: Decreased concurrency from 9 to 8; reason: success ratio below threshold (connection struggling) (success_ratio = 1.000, threshold = 0.500)"},"filename":"D:\\a\\xet-core\\xet-core\\xet_client\\src\\cas_client\\adaptive_concurrency\\controller.rs","line_number":581}
{"timestamp":"2026-07-31T15:09:09.860118Z","level":"INFO","fields":{"message":"Concurrency control for download: Decreased concurrency from 8 to 7; reason: success ratio below threshold (connection struggling) (success_ratio = 1.000, threshold = 0.500)"},"filename":"D:\\a\\xet-core\\xet-core\\xet_client\\src\\cas_client\\adaptive_concurrency\\controller.rs","line_number":581}
{"timestamp":"2026-07-31T15:09:10.382697Z","level":"INFO","fields":{"message":"Concurrency control for download: Decreased concurrency from 7 to 6; reason: success ratio below threshold (connection struggling) (success_ratio = 1.000, threshold = 0.500)"},"filename":"D:\\a\\xet-core\\xet-core\\xet_client\\src\\cas_client\\adaptive_concurrency\\controller.rs","line_number":581}
{"timestamp":"2026-07-31T15:09:10.990800Z","level":"INFO","fields":{"message":"Concurrency control for download: Decreased concurrency from 6 to 5; reason: success ratio below threshold (connection struggling) (success_ratio = 1.000, threshold = 0.500)"},"filename":"D:\\a\\xet-core\\xet-core\\xet_client\\src\\cas_client\\adaptive_concurrency\\controller.rs","line_number":581}
{"timestamp":"2026-07-31T15:09:11.625594Z","level":"INFO","fields":{"message":"Concurrency control for download: Decreased concurrency from 5 to 4; reason: success ratio below threshold (connection struggling) (success_ratio = 1.000, threshold = 0.500)"},"filename":"D:\\a\\xet-core\\xet-core\\xet_client\\src\\cas_client\\adaptive_concurrency\\controller.rs","line_number":581}
{"timestamp":"2026-07-31T15:09:12.149993Z","level":"INFO","fields":{"message":"Concurrency control for download: Decreased concurrency from 4 to 3; reason: success ratio below threshold (connection struggling) (success_ratio = 1.000, threshold = 0.500)"},"filename":"D:\\a\\xet-core\\xet-core\\xet_client\\src\\cas_client\\adaptive_concurrency\\controller.rs","line_number":581}
{"timestamp":"2026-07-31T15:09:12.666236Z","level":"INFO","fields":{"message":"Concurrency control for download: Decreased concurrency from 3 to 2; reason: success ratio below threshold (connection struggling) (success_ratio = 1.000, threshold = 0.500)"},"filename":"D:\\a\\xet-core\\xet-core\\xet_client\\src\\cas_client\\adaptive_concurrency\\controller.rs","line_number":581}
{"timestamp":"2026-07-31T15:09:13.216555Z","level":"INFO","fields":{"message":"Concurrency control for download: Decreased concurrency from 2 to 1; reason: success ratio below threshold (connection struggling) (success_ratio = 1.000, threshold = 0.500)"},"filename":"D:\\a\\xet-core\\xet-core\\xet_client\\src\\cas_client\\adaptive_concurrency\\controller.rs","line_number":581}
{"timestamp":"2026-07-31T15:09:13.734171Z","level":"INFO","fields":{"message":"Concurrency control for download: Decreased concurrency from 1 to 1; reason: success ratio below threshold (connection struggling) (success_ratio = 1.000, threshold = 0.500)"},"filename":"D:\\a\\xet-core\\xet-core\\xet_client\\src\\cas_client\\adaptive_concurrency\\controller.rs","line_number":581}
{"timestamp":"2026-07-31T15:09:14.236569Z","level":"INFO","fields":{"message":"Concurrency control for download: Decreased concurrency from 1 to 1; reason: success ratio below threshold (connection struggling) (success_ratio = 1.000, threshold = 0.500)"},"filename":"D:\\a\\xet-core\\xet-core\\xet_client\\src\\cas_client\\adaptive_concurrency\\controller.rs","line_number":581}
{"timestamp":"2026-07-31T15:09:14.860454Z","level":"INFO","fields":{"message":"Concurrency control for download: Decreased concurrency from 1 to 1; reason: success ratio below threshold (connection struggling) (success_ratio = 1.000, threshold = 0.500)"},"filename":"D:\\a\\xet-core\\xet-core\\xet_client\\src\\cas_client\\adaptive_concurrency\\controller.rs","line_number":581}
{"timestamp":"2026-07-31T15:09:15.372615Z","level":"INFO","fields":{"message":"Concurrency control for download: Decreased concurrency from 1 to 1; reason: success ratio below threshold (connection struggling) (success_ratio = 1.000, threshold = 0.500)"},"filename":"D:\\a\\xet-core\\xet-core\\xet_client\\src\\cas_client\\adaptive_concurrency\\controller.rs","line_number":581}
{"timestamp":"2026-07-31T15:09:15.914024Z","level":"INFO","fields":{"message":"Concurrency control for download: Decreased concurrency from 1 to 1; reason: success ratio below threshold (connection struggling) (success_ratio = 1.000, threshold = 0.500)"},"filename":"D:\\a\\xet-core\\xet-core\\xet_client\\src\\cas_client\\adaptive_concurrency\\controller.rs","line_number":581}
{"timestamp":"2026-07-31T15:09:16.775194Z","level":"INFO","fields":{"message":"Concurrency control for download: Decreased concurrency from 1 to 1; reason: success ratio below threshold (connection struggling) (success_ratio = 1.000, threshold = 0.500)"},"filename":"D:\\a\\xet-core\\xet-core\\xet_client\\src\\cas_client\\adaptive_concurrency\\controller.rs","line_number":581}
{"timestamp":"2026-07-31T15:09:17.028011Z","level":"INFO","fields":{"message":"Concurrency control for download: Current concurrency = 1; predicted bandwidth = 89661; success_ratio = 1.000; reference_size = 1.4MB; observed bytes sent so far = 85087819; completed transmissions = 113"},"filename":"D:\\a\\xet-core\\xet-core\\xet_client\\src\\cas_client\\adaptive_concurrency\\controller.rs","line_number":597}
{"timestamp":"2026-07-31T15:09:17.289893Z","level":"INFO","fields":{"message":"Received CAS response","request_id":"01KYWBHX519F9BYGJW1ZE72CY7","status_code":206},"filename":"D:\\a\\xet-core\\xet-core\\xet_client\\src\\common\\http_client.rs","line_number":288}
{"timestamp":"2026-07-31T15:09:17.289915Z","level":"INFO","fields":{"message":"Request Success: s3::get_range api call succeeded (request id 01KYWBHX519F9BYGJW1ZE72CY7, retry 1)."},"filename":"D:\\a\\xet-core\\xet-core\\xet_client\\src\\cas_client\\retry_wrapper.rs","line_number":196}
{"timestamp":"2026-07-31T15:09:17.307624Z","level":"INFO","fields":{"message":"Concurrency control for download: Decreased concurrency from 1 to 1; reason: success ratio below threshold (connection struggling) (success_ratio = 1.000, threshold = 0.500)"},"filename":"D:\\a\\xet-core\\xet-core\\xet_client\\src\\cas_client\\adaptive_concurrency\\controller.rs","line_number":581}
{"timestamp":"2026-07-31T15:09:17.859332Z","level":"INFO","fields":{"message":"Concurrency control for download: Decreased concurrency from 1 to 1; reason: success ratio below threshold (connection struggling) (success_ratio = 1.000, threshold = 0.500)"},"filename":"D:\\a\\xet-core\\xet-core\\xet_client\\src\\cas_client\\adaptive_concurrency\\controller.rs","line_number":581}
{"timestamp":"2026-07-31T15:09:18.385620Z","level":"INFO","fields":{"message":"Concurrency control for download: Decreased concurrency from 1 to 1; reason: success ratio below threshold (connection struggling) (success_ratio = 1.000, threshold = 0.500)"},"filename":"D:\\a\\xet-core\\xet-core\\xet_client\\src\\cas_client\\adaptive_concurrency\\controller.rs","line_number":581}
{"timestamp":"2026-07-31T15:09:18.951834Z","level":"INFO","fields":{"message":"Concurrency control for download: Decreased concurrency from 1 to 1; reason: success ratio below threshold (connection struggling) (success_ratio = 1.000, threshold = 0.500)"},"filename":"D:\\a\\xet-core\\xet-core\\xet_client\\src\\cas_client\\adaptive_concurrency\\controller.rs","line_number":581}
{"timestamp":"2026-07-31T15:09:19.553161Z","level":"INFO","fields":{"message":"Concurrency control for download: Decreased concurrency from 1 to 1; reason: success ratio below threshold (connection struggling) (success_ratio = 1.000, threshold = 0.500)"},"filename":"D:\\a\\xet-core\\xet-core\\xet_client\\src\\cas_client\\adaptive_concurrency\\controller.rs","line_number":581}
{"timestamp":"2026-07-31T15:09:20.060507Z","level":"INFO","fields":{"message":"Concurrency control for download: Decreased concurrency from 1 to 1; reason: success ratio below threshold (connection struggling) (success_ratio = 1.000, threshold = 0.500)"},"filename":"D:\\a\\xet-core\\xet-core\\xet_client\\src\\cas_client\\adaptive_concurrency\\controller.rs","line_number":581}
{"timestamp":"2026-07-31T15:09:20.568380Z","level":"INFO","fields":{"message":"Concurrency control for download: Decreased concurrency from 1 to 1; reason: success ratio below threshold (connection struggling) (success_ratio = 1.000, threshold = 0.500)"},"filename":"D:\\a\\xet-core\\xet-core\\xet_client\\src\\cas_client\\adaptive_concurrency\\controller.rs","line_number":581}
{"timestamp":"2026-07-31T15:09:21.087541Z","level":"INFO","fields":{"message":"Concurrency control for download: Decreased concurrency from 1 to 1; reason: success ratio below threshold (connection struggling) (success_ratio = 1.000, threshold = 0.500)"},"filename":"D:\\a\\xet-core\\xet-core\\xet_client\\src\\cas_client\\adaptive_concurrency\\controller.rs","line_number":581}
{"timestamp":"2026-07-31T15:09:21.590582Z","level":"INFO","fields":{"message":"Concurrency control for download: Decreased concurrency from 1 to 1; reason: success ratio below threshold (connection struggling) (success_ratio = 1.000, threshold = 0.500)"},"filename":"D:\\a\\xet-core\\xet-core\\xet_client\\src\\cas_client\\adaptive_concurrency\\controller.rs","line_number":581}
{"timestamp":"2026-07-31T15:09:22.224565Z","level":"INFO","fields":{"message":"Concurrency control for download: Decreased concurrency from 1 to 1; reason: success ratio below threshold (connection struggling) (success_ratio = 1.000, threshold = 0.500)"},"filename":"D:\\a\\xet-core\\xet-core\\xet_client\\src\\cas_client\\adaptive_concurrency\\controller.rs","line_number":581}
{"timestamp":"2026-07-31T15:09:22.729152Z","level":"INFO","fields":{"message":"Concurrency control for download: Decreased concurrency from 1 to 1; reason: success ratio below threshold (connection struggling) (success_ratio = 1.000, threshold = 0.500)"},"filename":"D:\\a\\xet-core\\xet-core\\xet_client\\src\\cas_client\\adaptive_concurrency\\controller.rs","line_number":581}
{"timestamp":"2026-07-31T15:09:23.322712Z","level":"INFO","fields":{"message":"Concurrency control for download: Decreased concurrency from 1 to 1; reason: success ratio below threshold (connection struggling) (success_ratio = 1.000, threshold = 0.500)"},"filename":"D:\\a\\xet-core\\xet-core\\xet_client\\src\\cas_client\\adaptive_concurrency\\controller.rs","line_number":581}
{"timestamp":"2026-07-31T15:09:23.855760Z","level":"INFO","fields":{"message":"Concurrency control for download: Decreased concurrency from 1 to 1; reason: success ratio below threshold (connection struggling) (success_ratio = 1.000, threshold = 0.500)"},"filename":"D:\\a\\xet-core\\xet-core\\xet_client\\src\\cas_client\\adaptive_concurrency\\controller.rs","line_number":581}
{"timestamp":"2026-07-31T15:09:24.375761Z","level":"INFO","fields":{"message":"Concurrency control for download: Decreased concurrency from 1 to 1; reason: success ratio below threshold (connection struggling) (success_ratio = 1.000, threshold = 0.500)"},"filename":"D:\\a\\xet-core\\xet-core\\xet_client\\src\\cas_client\\adaptive_concurrency\\controller.rs","line_number":581}
{"timestamp":"2026-07-31T15:09:25.024911Z","level":"INFO","fields":{"message":"Concurrency control for download: Decreased concurrency from 1 to 1; reason: success ratio below threshold (connection struggling) (success_ratio = 1.000, threshold = 0.500)"},"filename":"D:\\a\\xet-core\\xet-core\\xet_client\\src\\cas_client\\adaptive_concurrency\\controller.rs","line_number":581}
{"timestamp":"2026-07-31T15:09:25.541929Z","level":"INFO","fields":{"message":"Concurrency control for download: Decreased concurrency from 1 to 1; reason: success ratio below threshold (connection struggling) (success_ratio = 1.000, threshold = 0.500)"},"filename":"D:\\a\\xet-core\\xet-core\\xet_client\\src\\cas_client\\adaptive_concurrency\\controller.rs","line_number":581}
{"timestamp":"2026-07-31T15:09:26.049445Z","level":"INFO","fields":{"message":"Concurrency control for download: Decreased concurrency from 1 to 1; reason: success ratio below threshold (connection struggling) (success_ratio = 1.000, threshold = 0.500)"},"filename":"D:\\a\\xet-core\\xet-core\\xet_client\\src\\cas_client\\adaptive_concurrency\\controller.rs","line_number":581}
{"timestamp":"2026-07-31T15:09:26.568498Z","level":"INFO","fields":{"message":"Concurrency control for download: Decreased concurrency from 1 to 1; reason: success ratio below threshold (connection struggling) (success_ratio = 1.000, threshold = 0.500)"},"filename":"D:\\a\\xet-core\\xet-core\\xet_client\\src\\cas_client\\adaptive_concurrency\\controller.rs","line_number":581}
{"timestamp":"2026-07-31T15:09:27.064206Z","level":"INFO","fields":{"message":"Concurrency control for download: Current concurrency = 1; predicted bandwidth = 74000; success_ratio = 1.000; reference_size = 1.4MB; observed bytes sent so far = 93652504; completed transmissions = 119"},"filename":"D:\\a\\xet-core\\xet-core\\xet_client\\src\\cas_client\\adaptive_concurrency\\controller.rs","line_number":597}
{"timestamp":"2026-07-31T15:09:27.081181Z","level":"INFO","fields":{"message":"Concurrency control for download: Decreased concurrency from 1 to 1; reason: success ratio below threshold (connection struggling) (success_ratio = 1.000, threshold = 0.500)"},"filename":"D:\\a\\xet-core\\xet-core\\xet_client\\src\\cas_client\\adaptive_concurrency\\controller.rs","line_number":581}
{"timestamp":"2026-07-31T15:09:27.583284Z","level":"INFO","fields":{"message":"Concurrency control for download: Decreased concurrency from 1 to 1; reason: success ratio below threshold (connection struggling) (success_ratio = 1.000, threshold = 0.500)"},"filename":"D:\\a\\xet-core\\xet-core\\xet_client\\src\\cas_client\\adaptive_concurrency\\controller.rs","line_number":581}
{"timestamp":"2026-07-31T15:09:28.115460Z","level":"INFO","fields":{"message":"Concurrency control for download: Decreased concurrency from 1 to 1; reason: success ratio below threshold (connection struggling) (success_ratio = 1.000, threshold = 0.500)"},"filename":"D:\\a\\xet-core\\xet-core\\xet_client\\src\\cas_client\\adaptive_concurrency\\controller.rs","line_number":581}
{"timestamp":"2026-07-31T15:09:28.529492Z","level":"INFO","fields":{"message":"Received CAS response","request_id":"01KYWBJ8PHCAFSNV65JDSKNQ03","status_code":206},"filename":"D:\\a\\xet-core\\xet-core\\xet_client\\src\\common\\http_client.rs","line_number":288}
{"timestamp":"2026-07-31T15:09:28.529514Z","level":"INFO","fields":{"message":"Request Success: s3::get_range api call succeeded (request id 01KYWBJ8PHCAFSNV65JDSKNQ03, retry 1)."},"filename":"D:\\a\\xet-core\\xet-core\\xet_client\\src\\cas_client\\retry_wrapper.rs","line_number":196}
{"timestamp":"2026-07-31T15:09:28.635118Z","level":"INFO","fields":{"message":"Concurrency control for download: Decreased concurrency from 1 to 1; reason: success ratio below threshold (connection struggling) (success_ratio = 1.000, threshold = 0.500)"},"filename":"D:\\a\\xet-core\\xet-core\\xet_client\\src\\cas_client\\adaptive_concurrency\\controller.rs","line_number":581}
{"timestamp":"2026-07-31T15:09:29.149924Z","level":"INFO","fields":{"message":"Concurrency control for download: Decreased concurrency from 1 to 1; reason: success ratio below threshold (connection struggling) (success_ratio = 1.000, threshold = 0.500)"},"filename":"D:\\a\\xet-core\\xet-core\\xet_client\\src\\cas_client\\adaptive_concurrency\\controller.rs","line_number":581}
{"timestamp":"2026-07-31T15:09:29.668216Z","level":"INFO","fields":{"message":"Concurrency control for download: Decreased concurrency from 1 to 1; reason: success ratio below threshold (connection struggling) (success_ratio = 1.000, threshold = 0.500)"},"filename":"D:\\a\\xet-core\\xet-core\\xet_client\\src\\cas_client\\adaptive_concurrency\\controller.rs","line_number":581}
{"timestamp":"2026-07-31T15:09:30.193219Z","level":"INFO","fields":{"message":"Concurrency control for download: Decreased concurrency from 1 to 1; reason: success ratio below threshold (connection struggling) (success_ratio = 1.000, threshold = 0.500)"},"filename":"D:\\a\\xet-core\\xet-core\\xet_client\\src\\cas_client\\adaptive_concurrency\\controller.rs","line_number":581}
{"timestamp":"2026-07-31T15:09:30.718140Z","level":"INFO","fields":{"message":"Concurrency control for download: Decreased concurrency from 1 to 1; reason: success ratio below threshold (connection struggling) (success_ratio = 1.000, threshold = 0.500)"},"filename":"D:\\a\\xet-core\\xet-core\\xet_client\\src\\cas_client\\adaptive_concurrency\\controller.rs","line_number":581}
{"timestamp":"2026-07-31T15:09:31.283756Z","level":"INFO","fields":{"message":"Concurrency control for download: Decreased concurrency from 1 to 1; reason: success ratio below threshold (connection struggling) (success_ratio = 1.000, threshold = 0.500)"},"filename":"D:\\a\\xet-core\\xet-core\\xet_client\\src\\cas_client\\adaptive_concurrency\\controller.rs","line_number":581}
{"timestamp":"2026-07-31T15:09:32.000963Z","level":"INFO","fields":{"message":"Concurrency control for download: Decreased concurrency from 1 to 1; reason: success ratio below threshold (connection struggling) (success_ratio = 1.000, threshold = 0.500)"},"filename":"D:\\a\\xet-core\\xet-core\\xet_client\\src\\cas_client\\adaptive_concurrency\\controller.rs","line_number":581}
{"timestamp":"2026-07-31T15:09:32.539688Z","level":"INFO","fields":{"message":"Concurrency control for download: Decreased concurrency from 1 to 1; reason: success ratio below threshold (connection struggling) (success_ratio = 1.000, threshold = 0.500)"},"filename":"D:\\a\\xet-core\\xet-core\\xet_client\\src\\cas_client\\adaptive_concurrency\\controller.rs","line_number":581}
{"timestamp":"2026-07-31T15:09:33.069870Z","level":"INFO","fields":{"message":"Concurrency control for download: Decreased concurrency from 1 to 1; reason: success ratio below threshold (connection struggling) (success_ratio = 1.000, threshold = 0.500)"},"filename":"D:\\a\\xet-core\\xet-core\\xet_client\\src\\cas_client\\adaptive_concurrency\\controller.rs","line_number":581}
{"timestamp":"2026-07-31T15:09:33.572133Z","level":"INFO","fields":{"message":"Concurrency control for download: Decreased concurrency from 1 to 1; reason: success ratio below threshold (connection struggling) (success_ratio = 1.000, threshold = 0.500)"},"filename":"D:\\a\\xet-core\\xet-core\\xet_client\\src\\cas_client\\adaptive_concurrency\\controller.rs","line_number":581}
{"timestamp":"2026-07-31T15:09:34.097246Z","level":"INFO","fields":{"message":"Concurrency control for download: Decreased concurrency from 1 to 1; reason: success ratio below threshold (connection struggling) (success_ratio = 1.000, threshold = 0.500)"},"filename":"D:\\a\\xet-core\\xet-core\\xet_client\\src\\cas_client\\adaptive_concurrency\\controller.rs","line_number":581}
{"timestamp":"2026-07-31T15:09:34.645634Z","level":"INFO","fields":{"message":"Concurrency control for download: Decreased concurrency from 1 to 1; reason: success ratio below threshold (connection struggling) (success_ratio = 1.000, threshold = 0.500)"},"filename":"D:\\a\\xet-core\\xet-core\\xet_client\\src\\cas_client\\adaptive_concurrency\\controller.rs","line_number":581}
{"timestamp":"2026-07-31T15:09:35.171118Z","level":"INFO","fields":{"message":"Concurrency control for download: Decreased concurrency from 1 to 1; reason: success ratio below threshold (connection struggling) (success_ratio = 1.000, threshold = 0.500)"},"filename":"D:\\a\\xet-core\\xet-core\\xet_client\\src\\cas_client\\adaptive_concurrency\\controller.rs","line_number":581}
{"timestamp":"2026-07-31T15:09:35.763843Z","level":"INFO","fields":{"message":"Concurrency control for download: Decreased concurrency from 1 to 1; reason: success ratio below threshold (connection struggling) (success_ratio = 1.000, threshold = 0.500)"},"filename":"D:\\a\\xet-core\\xet-core\\xet_client\\src\\cas_client\\adaptive_concurrency\\controller.rs","line_number":581}
{"timestamp":"2026-07-31T15:09:36.578591Z","level":"INFO","fields":{"message":"Concurrency control for download: Decreased concurrency from 1 to 1; reason: success ratio below threshold (connection struggling) (success_ratio = 1.000, threshold = 0.500)"},"filename":"D:\\a\\xet-core\\xet-core\\xet_client\\src\\cas_client\\adaptive_concurrency\\controller.rs","line_number":581}
{"timestamp":"2026-07-31T15:09:37.123550Z","level":"INFO","fields":{"message":"Concurrency control for download: Decreased concurrency from 1 to 1; reason: success ratio below threshold (connection struggling) (success_ratio = 1.000, threshold = 0.500)"},"filename":"D:\\a\\xet-core\\xet-core\\xet_client\\src\\cas_client\\adaptive_concurrency\\controller.rs","line_number":581}
{"timestamp":"2026-07-31T15:09:37.123581Z","level":"INFO","fields":{"message":"Concurrency control for download: Current concurrency = 1; predicted bandwidth = 72778; success_ratio = 1.000; reference_size = 1.4MB; observed bytes sent so far = 100632275; completed transmissions = 123"},"filename":"D:\\a\\xet-core\\xet-core\\xet_client\\src\\cas_client\\adaptive_concurrency\\controller.rs","line_number":597}
{"timestamp":"2026-07-31T15:09:37.626637Z","level":"INFO","fields":{"message":"Concurrency control for download: Decreased concurrency from 1 to 1; reason: success ratio below threshold (connection struggling) (success_ratio = 1.000, threshold = 0.500)"},"filename":"D:\\a\\xet-core\\xet-core\\xet_client\\src\\cas_client\\adaptive_concurrency\\controller.rs","line_number":581}
{"timestamp":"2026-07-31T15:09:38.346756Z","level":"INFO","fields":{"message":"Concurrency control for download: Decreased concurrency from 1 to 1; reason: success ratio below threshold (connection struggling) (success_ratio = 1.000, threshold = 0.500)"},"filename":"D:\\a\\xet-core\\xet-core\\xet_client\\src\\cas_client\\adaptive_concurrency\\controller.rs","line_number":581}
{"timestamp":"2026-07-31T15:09:38.896489Z","level":"INFO","fields":{"message":"Concurrency control for download: Decreased concurrency from 1 to 1; reason: success ratio below threshold (connection struggling) (success_ratio = 1.000, threshold = 0.500)"},"filename":"D:\\a\\xet-core\\xet-core\\xet_client\\src\\cas_client\\adaptive_concurrency\\controller.rs","line_number":581}
{"timestamp":"2026-07-31T15:09:39.417063Z","level":"INFO","fields":{"message":"Concurrency control for download: Decreased concurrency from 1 to 1; reason: success ratio below threshold (connection struggling) (success_ratio = 1.000, threshold = 0.500)"},"filename":"D:\\a\\xet-core\\xet-core\\xet_client\\src\\cas_client\\adaptive_concurrency\\controller.rs","line_number":581}
{"timestamp":"2026-07-31T15:09:39.933374Z","level":"INFO","fields":{"message":"Concurrency control for download: Decreased concurrency from 1 to 1; reason: success ratio below threshold (connection struggling) (success_ratio = 1.000, threshold = 0.500)"},"filename":"D:\\a\\xet-core\\xet-core\\xet_client\\src\\cas_client\\adaptive_concurrency\\controller.rs","line_number":581}
{"timestamp":"2026-07-31T15:09:40.105589Z","level":"INFO","fields":{"message":"Received CAS response","request_id":"01KYWBJKQHDVJH1EZCP66AKGTY","status_code":206},"filename":"D:\\a\\xet-core\\xet-core\\xet_client\\src\\common\\http_client.rs","line_number":288}
{"timestamp":"2026-07-31T15:09:40.105614Z","level":"INFO","fields":{"message":"Request Success: s3::get_range api call succeeded (request id 01KYWBJKQHDVJH1EZCP66AKGTY, retry 1)."},"filename":"D:\\a\\xet-core\\xet-core\\xet_client\\src\\cas_client\\retry_wrapper.rs","line_number":196}
{"timestamp":"2026-07-31T15:09:40.438805Z","level":"INFO","fields":{"message":"Concurrency control for download: Decreased concurrency from 1 to 1; reason: success ratio below threshold (connection struggling) (success_ratio = 1.000, threshold = 0.500)"},"filename":"D:\\a\\xet-core\\xet-core\\xet_client\\src\\cas_client\\adaptive_concurrency\\controller.rs","line_number":581}
{"timestamp":"2026-07-31T15:09:40.940203Z","level":"INFO","fields":{"message":"Concurrency control for download: Decreased concurrency from 1 to 1; reason: success ratio below threshold (connection struggling) (success_ratio = 1.000, threshold = 0.500)"},"filename":"D:\\a\\xet-core\\xet-core\\xet_client\\src\\cas_client\\adaptive_concurrency\\controller.rs","line_number":581}
{"timestamp":"2026-07-31T15:09:41.441175Z","level":"INFO","fields":{"message":"Concurrency control for download: Decreased concurrency from 1 to 1; reason: success ratio below threshold (connection struggling) (success_ratio = 1.000, threshold = 0.500)"},"filename":"D:\\a\\xet-core\\xet-core\\xet_client\\src\\cas_client\\adaptive_concurrency\\controller.rs","line_number":581}
{"timestamp":"2026-07-31T15:09:41.641611Z","level":"INFO","fields":{"message":"Received CAS response","request_id":"01KYWBJMV2959QEXQNNBQTPZNE","status_code":206},"filename":"D:\\a\\xet-core\\xet-core\\xet_client\\src\\common\\http_client.rs","line_number":288}
{"timestamp":"2026-07-31T15:09:41.641633Z","level":"INFO","fields":{"message":"Request Success: s3::get_range api call succeeded (request id 01KYWBJMV2959QEXQNNBQTPZNE, retry 1)."},"filename":"D:\\a\\xet-core\\xet-core\\xet_client\\src\\cas_client\\retry_wrapper.rs","line_number":196}
{"timestamp":"2026-07-31T15:09:41.941905Z","level":"INFO","fields":{"message":"Concurrency control for download: Decreased concurrency from 1 to 1; reason: success ratio below threshold (connection struggling) (success_ratio = 1.000, threshold = 0.500)"},"filename":"D:\\a\\xet-core\\xet-core\\xet_client\\src\\cas_client\\adaptive_concurrency\\controller.rs","line_number":581}
{"timestamp":"2026-07-31T15:09:42.502701Z","level":"INFO","fields":{"message":"Concurrency control for download: Decreased concurrency from 1 to 1; reason: success ratio below threshold (connection struggling) (success_ratio = 1.000, threshold = 0.500)"},"filename":"D:\\a\\xet-core\\xet-core\\xet_client\\src\\cas_client\\adaptive_concurrency\\controller.rs","line_number":581}
{"timestamp":"2026-07-31T15:09:43.041217Z","level":"INFO","fields":{"message":"Concurrency control for download: Decreased concurrency from 1 to 1; reason: success ratio below threshold (connection struggling) (success_ratio = 1.000, threshold = 0.500)"},"filename":"D:\\a\\xet-core\\xet-core\\xet_client\\src\\cas_client\\adaptive_concurrency\\controller.rs","line_number":581}
{"timestamp":"2026-07-31T15:09:43.718101Z","level":"INFO","fields":{"message":"Concurrency control for download: Decreased concurrency from 1 to 1; reason: success ratio below threshold (connection struggling) (success_ratio = 1.000, threshold = 0.500)"},"filename":"D:\\a\\xet-core\\xet-core\\xet_client\\src\\cas_client\\adaptive_concurrency\\controller.rs","line_number":581}
{"timestamp":"2026-07-31T15:09:43.814841Z","level":"INFO","fields":{"message":"Received CAS response","request_id":"01KYWBJPPZ5ZWQAQ91ZWVQTQ9C","status_code":206},"filename":"D:\\a\\xet-core\\xet-core\\xet_client\\src\\common\\http_client.rs","line_number":288}
{"timestamp":"2026-07-31T15:09:43.814862Z","level":"INFO","fields":{"message":"Request Success: s3::get_range api call succeeded (request id 01KYWBJPPZ5ZWQAQ91ZWVQTQ9C, retry 1)."},"filename":"D:\\a\\xet-core\\xet-core\\xet_client\\src\\cas_client\\retry_wrapper.rs","line_number":196}
{"timestamp":"2026-07-31T15:09:44.281434Z","level":"INFO","fields":{"message":"Concurrency control for download: Decreased concurrency from 1 to 1; reason: success ratio below threshold (connection struggling) (success_ratio = 1.000, threshold = 0.500)"},"filename":"D:\\a\\xet-core\\xet-core\\xet_client\\src\\cas_client\\adaptive_concurrency\\controller.rs","line_number":581}
{"timestamp":"2026-07-31T15:09:44.789410Z","level":"INFO","fields":{"message":"Concurrency control for download: Decreased concurrency from 1 to 1; reason: success ratio below threshold (connection struggling) (success_ratio = 1.000, threshold = 0.500)"},"filename":"D:\\a\\xet-core\\xet-core\\xet_client\\src\\cas_client\\adaptive_concurrency\\controller.rs","line_number":581}
{"timestamp":"2026-07-31T15:09:45.518292Z","level":"INFO","fields":{"message":"Concurrency control for download: Decreased concurrency from 1 to 1; reason: success ratio below threshold (connection struggling) (success_ratio = 1.000, threshold = 0.500)"},"filename":"D:\\a\\xet-core\\xet-core\\xet_client\\src\\cas_client\\adaptive_concurrency\\controller.rs","line_number":581}
{"timestamp":"2026-07-31T15:09:45.674853Z","level":"INFO","fields":{"message":"Received CAS response","request_id":"01KYWBJS69H7M5NPX78J75Q2S9","status_code":206},"filename":"D:\\a\\xet-core\\xet-core\\xet_client\\src\\common\\http_client.rs","line_number":288}
{"timestamp":"2026-07-31T15:09:45.674874Z","level":"INFO","fields":{"message":"Request Success: s3::get_range api call succeeded (request id 01KYWBJS69H7M5NPX78J75Q2S9, retry 1)."},"filename":"D:\\a\\xet-core\\xet-core\\xet_client\\src\\cas_client\\retry_wrapper.rs","line_number":196}
{"timestamp":"2026-07-31T15:09:46.050494Z","level":"INFO","fields":{"message":"Concurrency control for download: Decreased concurrency from 1 to 1; reason: success ratio below threshold (connection struggling) (success_ratio = 1.000, threshold = 0.500)"},"filename":"D:\\a\\xet-core\\xet-core\\xet_client\\src\\cas_client\\adaptive_concurrency\\controller.rs","line_number":581}
{"timestamp":"2026-07-31T15:09:46.618494Z","level":"INFO","fields":{"message":"Concurrency control for download: Decreased concurrency from 1 to 1; reason: success ratio below threshold (connection struggling) (success_ratio = 1.000, threshold = 0.500)"},"filename":"D:\\a\\xet-core\\xet-core\\xet_client\\src\\cas_client\\adaptive_concurrency\\controller.rs","line_number":581}
{"timestamp":"2026-07-31T15:09:47.140677Z","level":"INFO","fields":{"message":"Concurrency control for download: Decreased concurrency from 1 to 1; reason: success ratio below threshold (connection struggling) (success_ratio = 1.000, threshold = 0.500)"},"filename":"D:\\a\\xet-core\\xet-core\\xet_client\\src\\cas_client\\adaptive_concurrency\\controller.rs","line_number":581}
{"timestamp":"2026-07-31T15:09:47.140718Z","level":"INFO","fields":{"message":"Concurrency control for download: Current concurrency = 1; predicted bandwidth = 88274; success_ratio = 1.000; reference_size = 1.4MB; observed bytes sent so far = 106244187; completed transmissions = 128"},"filename":"D:\\a\\xet-core\\xet-core\\xet_client\\src\\cas_client\\adaptive_concurrency\\controller.rs","line_number":597}
{"timestamp":"2026-07-31T15:09:47.170233Z","level":"INFO","fields":{"message":"Received CAS response","request_id":"01KYWBJSQDR65FSZZHP13N8HWC","status_code":206},"filename":"D:\\a\\xet-core\\xet-core\\xet_client\\src\\common\\http_client.rs","line_number":288}
{"timestamp":"2026-07-31T15:09:47.170255Z","level":"INFO","fields":{"message":"Request Success: s3::get_range api call succeeded (request id 01KYWBJSQDR65FSZZHP13N8HWC, retry 1)."},"filename":"D:\\a\\xet-core\\xet-core\\xet_client\\src\\cas_client\\retry_wrapper.rs","line_number":196}
{"timestamp":"2026-07-31T15:09:47.752052Z","level":"INFO","fields":{"message":"Concurrency control for download: Increased concurrency from 1 to 2; reason: success ratio 1.000 is above threshold 0.800 and predicted RTT for 1MB at new concurrency is 25.50s < target 60.0s"},"filename":"D:\\a\\xet-core\\xet-core\\xet_client\\src\\cas_client\\adaptive_concurrency\\controller.rs","line_number":543}
{"timestamp":"2026-07-31T15:09:48.458960Z","level":"INFO","fields":{"message":"Concurrency control for download: Decreased concurrency from 2 to 1; reason: success ratio below threshold (connection struggling) (success_ratio = 1.000, threshold = 0.500)"},"filename":"D:\\a\\xet-core\\xet-core\\xet_client\\src\\cas_client\\adaptive_concurrency\\controller.rs","line_number":581}
{"timestamp":"2026-07-31T15:09:49.086488Z","level":"INFO","fields":{"message":"Concurrency control for download: Increased concurrency from 1 to 2; reason: success ratio 1.000 is above threshold 0.800 and predicted RTT for 1MB at new concurrency is 0.00s < target 60.0s"},"filename":"D:\\a\\xet-core\\xet-core\\xet_client\\src\\cas_client\\adaptive_concurrency\\controller.rs","line_number":543}
{"timestamp":"2026-07-31T15:09:49.329122Z","level":"INFO","fields":{"message":"Received CAS response","request_id":"01KYWBJTVMGFASXG6V7RF38X3F","status_code":206},"filename":"D:\\a\\xet-core\\xet-core\\xet_client\\src\\common\\http_client.rs","line_number":288}
{"timestamp":"2026-07-31T15:09:49.329144Z","level":"INFO","fields":{"message":"Request Success: s3::get_range api call succeeded (request id 01KYWBJTVMGFASXG6V7RF38X3F, retry 1)."},"filename":"D:\\a\\xet-core\\xet-core\\xet_client\\src\\cas_client\\retry_wrapper.rs","line_number":196}
{"timestamp":"2026-07-31T15:09:49.594637Z","level":"INFO","fields":{"message":"Concurrency control for download: Increased concurrency from 2 to 3; reason: success ratio 1.000 is above threshold 0.800 and predicted RTT for 1MB at new concurrency is 7.37s < target 60.0s"},"filename":"D:\\a\\xet-core\\xet-core\\xet_client\\src\\cas_client\\adaptive_concurrency\\controller.rs","line_number":543}
{"timestamp":"2026-07-31T15:09:50.429028Z","level":"INFO","fields":{"message":"Concurrency control for download: Increased concurrency from 3 to 4; reason: success ratio 1.000 is above threshold 0.800 and predicted RTT for 1MB at new concurrency is 13.51s < target 60.0s"},"filename":"D:\\a\\xet-core\\xet-core\\xet_client\\src\\cas_client\\adaptive_concurrency\\controller.rs","line_number":543}
{"timestamp":"2026-07-31T15:09:50.943614Z","level":"INFO","fields":{"message":"Concurrency control for download: Increased concurrency from 4 to 5; reason: success ratio 1.000 is above threshold 0.800 and predicted RTT for 1MB at new concurrency is 23.08s < target 60.0s"},"filename":"D:\\a\\xet-core\\xet-core\\xet_client\\src\\cas_client\\adaptive_concurrency\\controller.rs","line_number":543}
{"timestamp":"2026-07-31T15:09:51.679446Z","level":"INFO","fields":{"message":"Concurrency control for download: Increased concurrency from 5 to 6; reason: success ratio 1.000 is above threshold 0.800 and predicted RTT for 1MB at new concurrency is 26.35s < target 60.0s"},"filename":"D:\\a\\xet-core\\xet-core\\xet_client\\src\\cas_client\\adaptive_concurrency\\controller.rs","line_number":543}
{"timestamp":"2026-07-31T15:09:52.762064Z","level":"INFO","fields":{"message":"Concurrency control for download: Increased concurrency from 6 to 7; reason: success ratio 1.000 is above threshold 0.800 and predicted RTT for 1MB at new concurrency is 28.80s < target 60.0s"},"filename":"D:\\a\\xet-core\\xet-core\\xet_client\\src\\cas_client\\adaptive_concurrency\\controller.rs","line_number":543}
{"timestamp":"2026-07-31T15:09:54.280112Z","level":"INFO","fields":{"message":"Concurrency control for download: Increased concurrency from 7 to 8; reason: success ratio 1.000 is above threshold 0.800 and predicted RTT for 1MB at new concurrency is 31.26s < target 60.0s"},"filename":"D:\\a\\xet-core\\xet-core\\xet_client\\src\\cas_client\\adaptive_concurrency\\controller.rs","line_number":543}
{"timestamp":"2026-07-31T15:09:54.840408Z","level":"INFO","fields":{"message":"Concurrency control for download: Increased concurrency from 8 to 9; reason: success ratio 1.000 is above threshold 0.800 and predicted RTT for 1MB at new concurrency is 35.89s < target 60.0s"},"filename":"D:\\a\\xet-core\\xet-core\\xet_client\\src\\cas_client\\adaptive_concurrency\\controller.rs","line_number":543}
{"timestamp":"2026-07-31T15:09:55.515607Z","level":"INFO","fields":{"message":"Concurrency control for download: Increased concurrency from 9 to 10; reason: success ratio 1.000 is above threshold 0.800 and predicted RTT for 1MB at new concurrency is 39.60s < target 60.0s"},"filename":"D:\\a\\xet-core\\xet-core\\xet_client\\src\\cas_client\\adaptive_concurrency\\controller.rs","line_number":543}
{"timestamp":"2026-07-31T15:09:55.697170Z","level":"INFO","fields":{"message":"Received CAS response","request_id":"01KYWBJZ00N1604ZPJSECT3YAF","status_code":206},"filename":"D:\\a\\xet-core\\xet-core\\xet_client\\src\\common\\http_client.rs","line_number":288}
{"timestamp":"2026-07-31T15:09:55.697192Z","level":"INFO","fields":{"message":"Request Success: s3::get_range api call succeeded (request id 01KYWBJZ00N1604ZPJSECT3YAF, retry 1)."},"filename":"D:\\a\\xet-core\\xet-core\\xet_client\\src\\cas_client\\retry_wrapper.rs","line_number":196}
{"timestamp":"2026-07-31T15:09:56.244646Z","level":"INFO","fields":{"message":"Concurrency control for download: Increased concurrency from 10 to 11; reason: success ratio 1.000 is above threshold 0.800 and predicted RTT for 1MB at new concurrency is 41.88s < target 60.0s"},"filename":"D:\\a\\xet-core\\xet-core\\xet_client\\src\\cas_client\\adaptive_concurrency\\controller.rs","line_number":543}
{"timestamp":"2026-07-31T15:09:57.107592Z","level":"INFO","fields":{"message":"Concurrency control for download: Increased concurrency from 11 to 12; reason: success ratio 1.000 is above threshold 0.800 and predicted RTT for 1MB at new concurrency is 43.81s < target 60.0s"},"filename":"D:\\a\\xet-core\\xet-core\\xet_client\\src\\cas_client\\adaptive_concurrency\\controller.rs","line_number":543}
{"timestamp":"2026-07-31T15:09:57.726910Z","level":"INFO","fields":{"message":"Concurrency control for download: Increased concurrency from 12 to 13; reason: success ratio 1.000 is above threshold 0.800 and predicted RTT for 1MB at new concurrency is 45.78s < target 60.0s"},"filename":"D:\\a\\xet-core\\xet-core\\xet_client\\src\\cas_client\\adaptive_concurrency\\controller.rs","line_number":543}
{"timestamp":"2026-07-31T15:09:57.726940Z","level":"INFO","fields":{"message":"Concurrency control for download: Current concurrency = 13; predicted bandwidth = 312283; success_ratio = 1.000; reference_size = 1.5MB; observed bytes sent so far = 108381588; completed transmissions = 133"},"filename":"D:\\a\\xet-core\\xet-core\\xet_client\\src\\cas_client\\adaptive_concurrency\\controller.rs","line_number":597}
{"timestamp":"2026-07-31T15:09:57.876015Z","level":"INFO","fields":{"message":"Received CAS response","request_id":"01KYWBK2DX0VBVKWH546SJH0MD","status_code":206},"filename":"D:\\a\\xet-core\\xet-core\\xet_client\\src\\common\\http_client.rs","line_number":288}
{"timestamp":"2026-07-31T15:09:57.876037Z","level":"INFO","fields":{"message":"Request Success: s3::get_range api call succeeded (request id 01KYWBK2DX0VBVKWH546SJH0MD, retry 1)."},"filename":"D:\\a\\xet-core\\xet-core\\xet_client\\src\\cas_client\\retry_wrapper.rs","line_number":196}
{"timestamp":"2026-07-31T15:09:58.447538Z","level":"INFO","fields":{"message":"Concurrency control for download: Increased concurrency from 13 to 14; reason: success ratio 1.000 is above threshold 0.800 and predicted RTT for 1MB at new concurrency is 47.82s < target 60.0s"},"filename":"D:\\a\\xet-core\\xet-core\\xet_client\\src\\cas_client\\adaptive_concurrency\\controller.rs","line_number":543}
{"timestamp":"2026-07-31T15:09:58.992716Z","level":"INFO","fields":{"message":"Concurrency control for download: Increased concurrency from 14 to 15; reason: success ratio 1.000 is above threshold 0.800 and predicted RTT for 1MB at new concurrency is 49.77s < target 60.0s"},"filename":"D:\\a\\xet-core\\xet-core\\xet_client\\src\\cas_client\\adaptive_concurrency\\controller.rs","line_number":543}
{"timestamp":"2026-07-31T15:09:59.616914Z","level":"INFO","fields":{"message":"Concurrency control for download: Increased concurrency from 15 to 16; reason: success ratio 1.000 is above threshold 0.800 and predicted RTT for 1MB at new concurrency is 51.70s < target 60.0s"},"filename":"D:\\a\\xet-core\\xet-core\\xet_client\\src\\cas_client\\adaptive_concurrency\\controller.rs","line_number":543}
{"timestamp":"2026-07-31T15:10:00.388846Z","level":"INFO","fields":{"message":"Concurrency control for download: Increased concurrency from 16 to 17; reason: success ratio 1.000 is above threshold 0.800 and predicted RTT for 1MB at new concurrency is 53.65s < target 60.0s"},"filename":"D:\\a\\xet-core\\xet-core\\xet_client\\src\\cas_client\\adaptive_concurrency\\controller.rs","line_number":543}
{"timestamp":"2026-07-31T15:10:01.170550Z","level":"INFO","fields":{"message":"Concurrency control for download: Increased concurrency from 17 to 18; reason: success ratio 1.000 is above threshold 0.800 and predicted RTT for 1MB at new concurrency is 55.78s < target 60.0s"},"filename":"D:\\a\\xet-core\\xet-core\\xet_client\\src\\cas_client\\adaptive_concurrency\\controller.rs","line_number":543}
{"timestamp":"2026-07-31T15:10:01.697554Z","level":"INFO","fields":{"message":"Concurrency control for download: Increased concurrency from 18 to 19; reason: success ratio 1.000 is above threshold 0.800 and predicted RTT for 1MB at new concurrency is 57.84s < target 60.0s"},"filename":"D:\\a\\xet-core\\xet-core\\xet_client\\src\\cas_client\\adaptive_concurrency\\controller.rs","line_number":543}
{"timestamp":"2026-07-31T15:10:02.363025Z","level":"INFO","fields":{"message":"Concurrency control for download: Decreased concurrency from 19 to 18; reason: success ratio below threshold (connection struggling) (success_ratio = 1.000, threshold = 0.500)"},"filename":"D:\\a\\xet-core\\xet-core\\xet_client\\src\\cas_client\\adaptive_concurrency\\controller.rs","line_number":581}
{"timestamp":"2026-07-31T15:10:02.874811Z","level":"INFO","fields":{"message":"Concurrency control for download: Decreased concurrency from 18 to 17; reason: success ratio below threshold (connection struggling) (success_ratio = 1.000, threshold = 0.500)"},"filename":"D:\\a\\xet-core\\xet-core\\xet_client\\src\\cas_client\\adaptive_concurrency\\controller.rs","line_number":581}
{"timestamp":"2026-07-31T15:10:04.768686Z","level":"INFO","fields":{"message":"Concurrency control for download: Decreased concurrency from 17 to 16; reason: success ratio below threshold (connection struggling) (success_ratio = 1.000, threshold = 0.500)"},"filename":"D:\\a\\xet-core\\xet-core\\xet_client\\src\\cas_client\\adaptive_concurrency\\controller.rs","line_number":581}
{"timestamp":"2026-07-31T15:10:05.306684Z","level":"INFO","fields":{"message":"Concurrency control for download: Decreased concurrency from 16 to 15; reason: success ratio below threshold (connection struggling) (success_ratio = 1.000, threshold = 0.500)"},"filename":"D:\\a\\xet-core\\xet-core\\xet_client\\src\\cas_client\\adaptive_concurrency\\controller.rs","line_number":581}
{"timestamp":"2026-07-31T15:10:05.882944Z","level":"INFO","fields":{"message":"Concurrency control for download: Decreased concurrency from 15 to 14; reason: success ratio below threshold (connection struggling) (success_ratio = 1.000, threshold = 0.500)"},"filename":"D:\\a\\xet-core\\xet-core\\xet_client\\src\\cas_client\\adaptive_concurrency\\controller.rs","line_number":581}
{"timestamp":"2026-07-31T15:10:06.424305Z","level":"INFO","fields":{"message":"Concurrency control for download: Decreased concurrency from 14 to 13; reason: success ratio below threshold (connection struggling) (success_ratio = 1.000, threshold = 0.500)"},"filename":"D:\\a\\xet-core\\xet-core\\xet_client\\src\\cas_client\\adaptive_concurrency\\controller.rs","line_number":581}
{"timestamp":"2026-07-31T15:10:07.034526Z","level":"INFO","fields":{"message":"Concurrency control for download: Decreased concurrency from 13 to 12; reason: success ratio below threshold (connection struggling) (success_ratio = 1.000, threshold = 0.500)"},"filename":"D:\\a\\xet-core\\xet-core\\xet_client\\src\\cas_client\\adaptive_concurrency\\controller.rs","line_number":581}
{"timestamp":"2026-07-31T15:10:07.640722Z","level":"INFO","fields":{"message":"Concurrency control for download: Decreased concurrency from 12 to 11; reason: success ratio below threshold (connection struggling) (success_ratio = 1.000, threshold = 0.500)"},"filename":"D:\\a\\xet-core\\xet-core\\xet_client\\src\\cas_client\\adaptive_concurrency\\controller.rs","line_number":581}
{"timestamp":"2026-07-31T15:10:07.776747Z","level":"INFO","fields":{"message":"Concurrency control for download: Current concurrency = 11; predicted bandwidth = 169289; success_ratio = 1.000; reference_size = 1.5MB; observed bytes sent so far = 110504430; completed transmissions = 134"},"filename":"D:\\a\\xet-core\\xet-core\\xet_client\\src\\cas_client\\adaptive_concurrency\\controller.rs","line_number":597}
{"timestamp":"2026-07-31T15:10:08.169608Z","level":"INFO","fields":{"message":"Concurrency control for download: Decreased concurrency from 11 to 10; reason: success ratio below threshold (connection struggling) (success_ratio = 1.000, threshold = 0.500)"},"filename":"D:\\a\\xet-core\\xet-core\\xet_client\\src\\cas_client\\adaptive_concurrency\\controller.rs","line_number":581}
{"timestamp":"2026-07-31T15:10:08.724388Z","level":"INFO","fields":{"message":"Concurrency control for download: Decreased concurrency from 10 to 9; reason: success ratio below threshold (connection struggling) (success_ratio = 1.000, threshold = 0.500)"},"filename":"D:\\a\\xet-core\\xet-core\\xet_client\\src\\cas_client\\adaptive_concurrency\\controller.rs","line_number":581}
{"timestamp":"2026-07-31T15:10:08.766931Z","level":"WARN","fields":{"message":"Request error","err":"Reqwest(reqwest::Error { kind: Request, url: \"https://us.aws.cdn.hf.co/xorbs/default/14923bd4c0dc7eaa9d6e8ff5b7a665fa5ed1d5a21c0dd8ed735df580997db34d?X-Xet-Session-Id=019fb8b5-3c13-7a23-acff-e0be6bd45483&user_id=public&repo_id=66e6cfeb6998c3d86c14e163&Expires=1785513915&Policy=eyJTdGF0ZW1lbnQiOlt7IlJlc291cmNlIjoiaHR0cHM6Ly91cy5hd3MuY2RuLmhmLmNvL3hvcmJzL2RlZmF1bHQvMTQ5MjNiZDRjMGRjN2VhYTlkNmU4ZmY1YjdhNjY1ZmE1ZWQxZDVhMjFjMGRkOGVkNzM1ZGY1ODA5OTdkYjM0ZFxcP1gtWGV0LVNlc3Npb24tSWQ9MDE5ZmI4YjUtM2MxMy03YTIzLWFjZmYtZTBiZTZiZDQ1NDgzJnVzZXJfaWQ9cHVibGljJnJlcG9faWQ9NjZlNmNmZWI2OTk4YzNkODZjMTRlMTYzIiwiQ29uZGl0aW9uIjp7IkRhdGVMZXNzVGhhbiI6eyJFcG9jaFRpbWUiOjE3ODU1MTM5MTV9LCJCeXRlUmFuZ2UiOnsiRXhwZWN0ZWRIZWFkZXIiOiJieXRlcz0wLTM0MzI1NjIyLDM0NTE1OTMxLTM2NTkzMTc4LDM2NzY3NTM1LTM3MTY1MDU0LDM3NjI4NDQxLTM4MTA1MDkzLDM4MjQ3MzMwLTM4NTgwODUwLDM4Nzk2NTczLTM5NzkyNDMwLDM5OTM1MDA1LTQwNTk3Mzg3LDQxMTgxMzQ5LTQyNDAwMzAwLDQzMzAyNzExLTQzOTQzMDY5LDQ0MzIzMDI4LTQ2MTM4NDAwLDQ2MjQ5NDU5LTQ5NTkwMTAxLDUwMTg0ODA3LTU0ODc0MzU4LDU0OTgxNjYyLTU3NTM2NDYxIn19fV19&Signature=MEUCIGbWZS1cxQGW1XMr2wErAD-BZfktgl2iCwmt4sDC5gMzAiEAxwjF6hT9BKCpcyzAmqqLHimx70roz5qqGOsuDdix8GI_&Key-Pair-Id=01KXEF4KZ1B6FV465MAWR4M21F\", source: hyper_util::client::legacy::Error(SendRequest, hyper::Error(IncompleteMessage)) })"},"filename":"D:\\a\\xet-core\\xet-core\\xet_client\\src\\common\\http_client.rs","line_number":291}
{"timestamp":"2026-07-31T15:10:08.766967Z","level":"INFO","fields":{"message":"Connection attempt 2/5","api":"s3::get_range"},"filename":"D:\\a\\xet-core\\xet-core\\xet_client\\src\\cas_client\\retry_wrapper.rs","line_number":105}
{"timestamp":"2026-07-31T15:10:08.766972Z","level":"INFO","fields":{"message":"Retryable Client Error: s3::get_range api call failed (retry 1): error sending request for url (https://us.aws.cdn.hf.co/xorbs/default/14923bd4c0dc7eaa9d6e8ff5b7a665fa5ed1d5a21c0dd8ed735df580997db34d?X-Xet-Session-Id=019fb8b5-3c13-7a23-acff-e0be6bd45483&user_id=public&repo_id=66e6cfeb6998c3d86c14e163&Expires=1785513915&Policy=eyJTdGF0ZW1lbnQiOlt7IlJlc291cmNlIjoiaHR0cHM6Ly91cy5hd3MuY2RuLmhmLmNvL3hvcmJzL2RlZmF1bHQvMTQ5MjNiZDRjMGRjN2VhYTlkNmU4ZmY1YjdhNjY1ZmE1ZWQxZDVhMjFjMGRkOGVkNzM1ZGY1ODA5OTdkYjM0ZFxcP1gtWGV0LVNlc3Npb24tSWQ9MDE5ZmI4YjUtM2MxMy03YTIzLWFjZmYtZTBiZTZiZDQ1NDgzJnVzZXJfaWQ9cHVibGljJnJlcG9faWQ9NjZlNmNmZWI2OTk4YzNkODZjMTRlMTYzIiwiQ29uZGl0aW9uIjp7IkRhdGVMZXNzVGhhbiI6eyJFcG9jaFRpbWUiOjE3ODU1MTM5MTV9LCJCeXRlUmFuZ2UiOnsiRXhwZWN0ZWRIZWFkZXIiOiJieXRlcz0wLTM0MzI1NjIyLDM0NTE1OTMxLTM2NTkzMTc4LDM2NzY3NTM1LTM3MTY1MDU0LDM3NjI4NDQxLTM4MTA1MDkzLDM4MjQ3MzMwLTM4NTgwODUwLDM4Nzk2NTczLTM5NzkyNDMwLDM5OTM1MDA1LTQwNTk3Mzg3LDQxMTgxMzQ5LTQyNDAwMzAwLDQzMzAyNzExLTQzOTQzMDY5LDQ0MzIzMDI4LTQ2MTM4NDAwLDQ2MjQ5NDU5LTQ5NTkwMTAxLDUwMTg0ODA3LTU0ODc0MzU4LDU0OTgxNjYyLTU3NTM2NDYxIn19fV19&Signature=MEUCIGbWZS1cxQGW1XMr2wErAD-BZfktgl2iCwmt4sDC5gMzAiEAxwjF6hT9BKCpcyzAmqqLHimx70roz5qqGOsuDdix8GI_&Key-Pair-Id=01KXEF4KZ1B6FV465MAWR4M21F)"},"filename":"D:\\a\\xet-core\\xet-core\\xet_client\\src\\cas_client\\retry_wrapper.rs","line_number":108}
{"timestamp":"2026-07-31T15:10:09.260255Z","level":"INFO","fields":{"message":"Concurrency control for download: Decreased concurrency from 9 to 8; reason: success ratio below threshold (connection struggling) (success_ratio = 1.000, threshold = 0.500)"},"filename":"D:\\a\\xet-core\\xet-core\\xet_client\\src\\cas_client\\adaptive_concurrency\\controller.rs","line_number":581}
{"timestamp":"2026-07-31T15:10:09.768147Z","level":"INFO","fields":{"message":"Concurrency control for download: Decreased concurrency from 8 to 7; reason: success ratio below threshold (connection struggling) (success_ratio = 1.000, threshold = 0.500)"},"filename":"D:\\a\\xet-core\\xet-core\\xet_client\\src\\cas_client\\adaptive_concurrency\\controller.rs","line_number":581}
{"timestamp":"2026-07-31T15:10:10.271525Z","level":"INFO","fields":{"message":"Concurrency control for download: Decreased concurrency from 7 to 6; reason: success ratio below threshold (connection struggling) (success_ratio = 1.000, threshold = 0.500)"},"filename":"D:\\a\\xet-core\\xet-core\\xet_client\\src\\cas_client\\adaptive_concurrency\\controller.rs","line_number":581}
{"timestamp":"2026-07-31T15:10:10.808776Z","level":"INFO","fields":{"message":"Concurrency control for download: Decreased concurrency from 6 to 5; reason: success ratio below threshold (connection struggling) (success_ratio = 1.000, threshold = 0.500)"},"filename":"D:\\a\\xet-core\\xet-core\\xet_client\\src\\cas_client\\adaptive_concurrency\\controller.rs","line_number":581}
{"timestamp":"2026-07-31T15:10:11.462333Z","level":"INFO","fields":{"message":"Concurrency control for download: Decreased concurrency from 5 to 4; reason: success ratio below threshold (connection struggling) (success_ratio = 1.000, threshold = 0.500)"},"filename":"D:\\a\\xet-core\\xet-core\\xet_client\\src\\cas_client\\adaptive_concurrency\\controller.rs","line_number":581}
{"timestamp":"2026-07-31T15:10:12.002524Z","level":"INFO","fields":{"message":"Concurrency control for download: Decreased concurrency from 4 to 3; reason: success ratio below threshold (connection struggling) (success_ratio = 1.000, threshold = 0.500)"},"filename":"D:\\a\\xet-core\\xet-core\\xet_client\\src\\cas_client\\adaptive_concurrency\\controller.rs","line_number":581}
{"timestamp":"2026-07-31T15:10:12.510176Z","level":"INFO","fields":{"message":"Concurrency control for download: Decreased concurrency from 3 to 2; reason: success ratio below threshold (connection struggling) (success_ratio = 1.000, threshold = 0.500)"},"filename":"D:\\a\\xet-core\\xet-core\\xet_client\\src\\cas_client\\adaptive_concurrency\\controller.rs","line_number":581}
{"timestamp":"2026-07-31T15:10:13.022214Z","level":"INFO","fields":{"message":"Concurrency control for download: Decreased concurrency from 2 to 1; reason: success ratio below threshold (connection struggling) (success_ratio = 1.000, threshold = 0.500)"},"filename":"D:\\a\\xet-core\\xet-core\\xet_client\\src\\cas_client\\adaptive_concurrency\\controller.rs","line_number":581}
{"timestamp":"2026-07-31T15:10:13.659979Z","level":"INFO","fields":{"message":"Concurrency control for download: Decreased concurrency from 1 to 1; reason: success ratio below threshold (connection struggling) (success_ratio = 1.000, threshold = 0.500)"},"filename":"D:\\a\\xet-core\\xet-core\\xet_client\\src\\cas_client\\adaptive_concurrency\\controller.rs","line_number":581}
{"timestamp":"2026-07-31T15:10:14.165173Z","level":"INFO","fields":{"message":"Concurrency control for download: Decreased concurrency from 1 to 1; reason: success ratio below threshold (connection struggling) (success_ratio = 1.000, threshold = 0.500)"},"filename":"D:\\a\\xet-core\\xet-core\\xet_client\\src\\cas_client\\adaptive_concurrency\\controller.rs","line_number":581}
{"timestamp":"2026-07-31T15:10:14.669052Z","level":"INFO","fields":{"message":"Concurrency control for download: Decreased concurrency from 1 to 1; reason: success ratio below threshold (connection struggling) (success_ratio = 1.000, threshold = 0.500)"},"filename":"D:\\a\\xet-core\\xet-core\\xet_client\\src\\cas_client\\adaptive_concurrency\\controller.rs","line_number":581}
{"timestamp":"2026-07-31T15:10:15.181110Z","level":"INFO","fields":{"message":"Concurrency control for download: Decreased concurrency from 1 to 1; reason: success ratio below threshold (connection struggling) (success_ratio = 1.000, threshold = 0.500)"},"filename":"D:\\a\\xet-core\\xet-core\\xet_client\\src\\cas_client\\adaptive_concurrency\\controller.rs","line_number":581}
{"timestamp":"2026-07-31T15:10:15.798108Z","level":"INFO","fields":{"message":"Concurrency control for download: Decreased concurrency from 1 to 1; reason: success ratio below threshold (connection struggling) (success_ratio = 1.000, threshold = 0.500)"},"filename":"D:\\a\\xet-core\\xet-core\\xet_client\\src\\cas_client\\adaptive_concurrency\\controller.rs","line_number":581}
{"timestamp":"2026-07-31T15:10:16.319362Z","level":"INFO","fields":{"message":"Concurrency control for download: Decreased concurrency from 1 to 1; reason: success ratio below threshold (connection struggling) (success_ratio = 1.000, threshold = 0.500)"},"filename":"D:\\a\\xet-core\\xet-core\\xet_client\\src\\cas_client\\adaptive_concurrency\\controller.rs","line_number":581}
{"timestamp":"2026-07-31T15:10:16.874086Z","level":"INFO","fields":{"message":"Concurrency control for download: Decreased concurrency from 1 to 1; reason: success ratio below threshold (connection struggling) (success_ratio = 1.000, threshold = 0.500)"},"filename":"D:\\a\\xet-core\\xet-core\\xet_client\\src\\cas_client\\adaptive_concurrency\\controller.rs","line_number":581}
{"timestamp":"2026-07-31T15:10:17.225033Z","level":"INFO","fields":{"message":"Received CAS response","request_id":"01KYWBKR2Z12EZPK4HH05RE7J8","status_code":206},"filename":"D:\\a\\xet-core\\xet-core\\xet_client\\src\\common\\http_client.rs","line_number":288}
{"timestamp":"2026-07-31T15:10:17.225056Z","level":"INFO","fields":{"message":"Request Success: s3::get_range api call succeeded (request id 01KYWBKR2Z12EZPK4HH05RE7J8, retry 1)."},"filename":"D:\\a\\xet-core\\xet-core\\xet_client\\src\\cas_client\\retry_wrapper.rs","line_number":196}
{"timestamp":"2026-07-31T15:10:17.486097Z","level":"INFO","fields":{"message":"Concurrency control for download: Decreased concurrency from 1 to 1; reason: success ratio below threshold (connection struggling) (success_ratio = 1.000, threshold = 0.500)"},"filename":"D:\\a\\xet-core\\xet-core\\xet_client\\src\\cas_client\\adaptive_concurrency\\controller.rs","line_number":581}
{"timestamp":"2026-07-31T15:10:17.798194Z","level":"INFO","fields":{"message":"Concurrency control for download: Current concurrency = 1; predicted bandwidth = 69870; success_ratio = 1.000; reference_size = 1.6MB; observed bytes sent so far = 119795836; completed transmissions = 140"},"filename":"D:\\a\\xet-core\\xet-core\\xet_client\\src\\cas_client\\adaptive_concurrency\\controller.rs","line_number":597}
{"timestamp":"2026-07-31T15:10:17.996811Z","level":"INFO","fields":{"message":"Concurrency control for download: Decreased concurrency from 1 to 1; reason: success ratio below threshold (connection struggling) (success_ratio = 1.000, threshold = 0.500)"},"filename":"D:\\a\\xet-core\\xet-core\\xet_client\\src\\cas_client\\adaptive_concurrency\\controller.rs","line_number":581}
{"timestamp":"2026-07-31T15:10:18.547844Z","level":"INFO","fields":{"message":"Concurrency control for download: Decreased concurrency from 1 to 1; reason: success ratio below threshold (connection struggling) (success_ratio = 1.000, threshold = 0.500)"},"filename":"D:\\a\\xet-core\\xet-core\\xet_client\\src\\cas_client\\adaptive_concurrency\\controller.rs","line_number":581}
{"timestamp":"2026-07-31T15:10:19.083493Z","level":"INFO","fields":{"message":"Concurrency control for download: Decreased concurrency from 1 to 1; reason: success ratio below threshold (connection struggling) (success_ratio = 1.000, threshold = 0.500)"},"filename":"D:\\a\\xet-core\\xet-core\\xet_client\\src\\cas_client\\adaptive_concurrency\\controller.rs","line_number":581}
{"timestamp":"2026-07-31T15:10:19.625199Z","level":"INFO","fields":{"message":"Concurrency control for download: Decreased concurrency from 1 to 1; reason: success ratio below threshold (connection struggling) (success_ratio = 1.000, threshold = 0.500)"},"filename":"D:\\a\\xet-core\\xet-core\\xet_client\\src\\cas_client\\adaptive_concurrency\\controller.rs","line_number":581}
{"timestamp":"2026-07-31T15:10:21.560500Z","level":"INFO","fields":{"message":"Concurrency control for download: Decreased concurrency from 1 to 1; reason: success ratio below threshold (connection struggling) (success_ratio = 1.000, threshold = 0.500)"},"filename":"D:\\a\\xet-core\\xet-core\\xet_client\\src\\cas_client\\adaptive_concurrency\\controller.rs","line_number":581}
{"timestamp":"2026-07-31T15:10:22.092979Z","level":"INFO","fields":{"message":"Concurrency control for download: Decreased concurrency from 1 to 1; reason: success ratio below threshold (connection struggling) (success_ratio = 1.000, threshold = 0.500)"},"filename":"D:\\a\\xet-core\\xet-core\\xet_client\\src\\cas_client\\adaptive_concurrency\\controller.rs","line_number":581}
{"timestamp":"2026-07-31T15:10:22.646294Z","level":"INFO","fields":{"message":"Concurrency control for download: Decreased concurrency from 1 to 1; reason: success ratio below threshold (connection struggling) (success_ratio = 1.000, threshold = 0.500)"},"filename":"D:\\a\\xet-core\\xet-core\\xet_client\\src\\cas_client\\adaptive_concurrency\\controller.rs","line_number":581}
{"timestamp":"2026-07-31T15:10:23.163923Z","level":"INFO","fields":{"message":"Concurrency control for download: Decreased concurrency from 1 to 1; reason: success ratio below threshold (connection struggling) (success_ratio = 1.000, threshold = 0.500)"},"filename":"D:\\a\\xet-core\\xet-core\\xet_client\\src\\cas_client\\adaptive_concurrency\\controller.rs","line_number":581}
{"timestamp":"2026-07-31T15:10:23.760978Z","level":"INFO","fields":{"message":"Concurrency control for download: Decreased concurrency from 1 to 1; reason: success ratio below threshold (connection struggling) (success_ratio = 1.000, threshold = 0.500)"},"filename":"D:\\a\\xet-core\\xet-core\\xet_client\\src\\cas_client\\adaptive_concurrency\\controller.rs","line_number":581}
{"timestamp":"2026-07-31T15:10:24.310458Z","level":"INFO","fields":{"message":"Concurrency control for download: Decreased concurrency from 1 to 1; reason: success ratio below threshold (connection struggling) (success_ratio = 1.000, threshold = 0.500)"},"filename":"D:\\a\\xet-core\\xet-core\\xet_client\\src\\cas_client\\adaptive_concurrency\\controller.rs","line_number":581}
{"timestamp":"2026-07-31T15:10:24.820432Z","level":"INFO","fields":{"message":"Concurrency control for download: Decreased concurrency from 1 to 1; reason: success ratio below threshold (connection struggling) (success_ratio = 1.000, threshold = 0.500)"},"filename":"D:\\a\\xet-core\\xet-core\\xet_client\\src\\cas_client\\adaptive_concurrency\\controller.rs","line_number":581}
{"timestamp":"2026-07-31T15:10:25.500257Z","level":"INFO","fields":{"message":"Concurrency control for download: Decreased concurrency from 1 to 1; reason: success ratio below threshold (connection struggling) (success_ratio = 1.000, threshold = 0.500)"},"filename":"D:\\a\\xet-core\\xet-core\\xet_client\\src\\cas_client\\adaptive_concurrency\\controller.rs","line_number":581}
{"timestamp":"2026-07-31T15:10:26.063496Z","level":"INFO","fields":{"message":"Concurrency control for download: Decreased concurrency from 1 to 1; reason: success ratio below threshold (connection struggling) (success_ratio = 1.000, threshold = 0.500)"},"filename":"D:\\a\\xet-core\\xet-core\\xet_client\\src\\cas_client\\adaptive_concurrency\\controller.rs","line_number":581}
{"timestamp":"2026-07-31T15:10:26.664601Z","level":"INFO","fields":{"message":"Concurrency control for download: Decreased concurrency from 1 to 1; reason: success ratio below threshold (connection struggling) (success_ratio = 1.000, threshold = 0.500)"},"filename":"D:\\a\\xet-core\\xet-core\\xet_client\\src\\cas_client\\adaptive_concurrency\\controller.rs","line_number":581}
{"timestamp":"2026-07-31T15:10:27.239476Z","level":"INFO","fields":{"message":"Concurrency control for download: Decreased concurrency from 1 to 1; reason: success ratio below threshold (connection struggling) (success_ratio = 1.000, threshold = 0.500)"},"filename":"D:\\a\\xet-core\\xet-core\\xet_client\\src\\cas_client\\adaptive_concurrency\\controller.rs","line_number":581}
{"timestamp":"2026-07-31T15:10:27.769267Z","level":"INFO","fields":{"message":"Concurrency control for download: Decreased concurrency from 1 to 1; reason: success ratio below threshold (connection struggling) (success_ratio = 1.000, threshold = 0.500)"},"filename":"D:\\a\\xet-core\\xet-core\\xet_client\\src\\cas_client\\adaptive_concurrency\\controller.rs","line_number":581}
{"timestamp":"2026-07-31T15:10:28.767660Z","level":"INFO","fields":{"message":"Concurrency control for download: Decreased concurrency from 1 to 1; reason: success ratio below threshold (connection struggling) (success_ratio = 1.000, threshold = 0.500)"},"filename":"D:\\a\\xet-core\\xet-core\\xet_client\\src\\cas_client\\adaptive_concurrency\\controller.rs","line_number":581}
{"timestamp":"2026-07-31T15:10:28.767685Z","level":"INFO","fields":{"message":"Concurrency control for download: Current concurrency = 1; predicted bandwidth = 141363; success_ratio = 1.000; reference_size = 1.7MB; observed bytes sent so far = 123914440; completed transmissions = 141"},"filename":"D:\\a\\xet-core\\xet-core\\xet_client\\src\\cas_client\\adaptive_concurrency\\controller.rs","line_number":597}
{"timestamp":"2026-07-31T15:10:29.699954Z","level":"INFO","fields":{"message":"Concurrency control for download: Decreased concurrency from 1 to 1; reason: success ratio below threshold (connection struggling) (success_ratio = 1.000, threshold = 0.500)"},"filename":"D:\\a\\xet-core\\xet-core\\xet_client\\src\\cas_client\\adaptive_concurrency\\controller.rs","line_number":581}
{"timestamp":"2026-07-31T15:10:30.352443Z","level":"INFO","fields":{"message":"Concurrency control for download: Decreased concurrency from 1 to 1; reason: success ratio below threshold (connection struggling) (success_ratio = 1.000, threshold = 0.500)"},"filename":"D:\\a\\xet-core\\xet-core\\xet_client\\src\\cas_client\\adaptive_concurrency\\controller.rs","line_number":581}
{"timestamp":"2026-07-31T15:10:30.991960Z","level":"INFO","fields":{"message":"Concurrency control for download: Decreased concurrency from 1 to 1; reason: success ratio below threshold (connection struggling) (success_ratio = 1.000, threshold = 0.500)"},"filename":"D:\\a\\xet-core\\xet-core\\xet_client\\src\\cas_client\\adaptive_concurrency\\controller.rs","line_number":581}
{"timestamp":"2026-07-31T15:10:31.623883Z","level":"INFO","fields":{"message":"Concurrency control for download: Decreased concurrency from 1 to 1; reason: success ratio below threshold (connection struggling) (success_ratio = 1.000, threshold = 0.500)"},"filename":"D:\\a\\xet-core\\xet-core\\xet_client\\src\\cas_client\\adaptive_concurrency\\controller.rs","line_number":581}
{"timestamp":"2026-07-31T15:10:32.152748Z","level":"INFO","fields":{"message":"Concurrency control for download: Decreased concurrency from 1 to 1; reason: success ratio below threshold (connection struggling) (success_ratio = 1.000, threshold = 0.500)"},"filename":"D:\\a\\xet-core\\xet-core\\xet_client\\src\\cas_client\\adaptive_concurrency\\controller.rs","line_number":581}
{"timestamp":"2026-07-31T15:10:32.769977Z","level":"INFO","fields":{"message":"Concurrency control for download: Increased concurrency from 1 to 2; reason: success ratio 1.000 is above threshold 0.800 and predicted RTT for 1MB at new concurrency is 45.97s < target 60.0s"},"filename":"D:\\a\\xet-core\\xet-core\\xet_client\\src\\cas_client\\adaptive_concurrency\\controller.rs","line_number":543}
{"timestamp":"2026-07-31T15:10:33.334784Z","level":"INFO","fields":{"message":"Concurrency control for download: Increased concurrency from 2 to 3; reason: success ratio 1.000 is above threshold 0.800 and predicted RTT for 1MB at new concurrency is 46.25s < target 60.0s"},"filename":"D:\\a\\xet-core\\xet-core\\xet_client\\src\\cas_client\\adaptive_concurrency\\controller.rs","line_number":543}
{"timestamp":"2026-07-31T15:10:33.949374Z","level":"INFO","fields":{"message":"Concurrency control for download: Increased concurrency from 3 to 4; reason: success ratio 1.000 is above threshold 0.800 and predicted RTT for 1MB at new concurrency is 46.65s < target 60.0s"},"filename":"D:\\a\\xet-core\\xet-core\\xet_client\\src\\cas_client\\adaptive_concurrency\\controller.rs","line_number":543}
{"timestamp":"2026-07-31T15:10:34.483479Z","level":"INFO","fields":{"message":"Concurrency control for download: Increased concurrency from 4 to 5; reason: success ratio 1.000 is above threshold 0.800 and predicted RTT for 1MB at new concurrency is 47.23s < target 60.0s"},"filename":"D:\\a\\xet-core\\xet-core\\xet_client\\src\\cas_client\\adaptive_concurrency\\controller.rs","line_number":543}
{"timestamp":"2026-07-31T15:10:35.003255Z","level":"INFO","fields":{"message":"Concurrency control for download: Increased concurrency from 5 to 6; reason: success ratio 1.000 is above threshold 0.800 and predicted RTT for 1MB at new concurrency is 48.02s < target 60.0s"},"filename":"D:\\a\\xet-core\\xet-core\\xet_client\\src\\cas_client\\adaptive_concurrency\\controller.rs","line_number":543}
{"timestamp":"2026-07-31T15:10:35.542979Z","level":"INFO","fields":{"message":"Concurrency control for download: Increased concurrency from 6 to 7; reason: success ratio 1.000 is above threshold 0.800 and predicted RTT for 1MB at new concurrency is 49.05s < target 60.0s"},"filename":"D:\\a\\xet-core\\xet-core\\xet_client\\src\\cas_client\\adaptive_concurrency\\controller.rs","line_number":543}
{"timestamp":"2026-07-31T15:10:36.054126Z","level":"INFO","fields":{"message":"Concurrency control for download: Increased concurrency from 7 to 8; reason: success ratio 1.000 is above threshold 0.800 and predicted RTT for 1MB at new concurrency is 50.21s < target 60.0s"},"filename":"D:\\a\\xet-core\\xet-core\\xet_client\\src\\cas_client\\adaptive_concurrency\\controller.rs","line_number":543}
{"timestamp":"2026-07-31T15:10:36.590343Z","level":"INFO","fields":{"message":"Concurrency control for download: Increased concurrency from 8 to 9; reason: success ratio 1.000 is above threshold 0.800 and predicted RTT for 1MB at new concurrency is 52.04s < target 60.0s"},"filename":"D:\\a\\xet-core\\xet-core\\xet_client\\src\\cas_client\\adaptive_concurrency\\controller.rs","line_number":543}
{"timestamp":"2026-07-31T15:10:37.104275Z","level":"INFO","fields":{"message":"Concurrency control for download: Increased concurrency from 9 to 10; reason: success ratio 1.000 is above threshold 0.800 and predicted RTT for 1MB at new concurrency is 53.41s < target 60.0s"},"filename":"D:\\a\\xet-core\\xet-core\\xet_client\\src\\cas_client\\adaptive_concurrency\\controller.rs","line_number":543}
{"timestamp":"2026-07-31T15:10:37.630528Z","level":"INFO","fields":{"message":"Concurrency control for download: Increased concurrency from 10 to 11; reason: success ratio 1.000 is above threshold 0.800 and predicted RTT for 1MB at new concurrency is 54.38s < target 60.0s"},"filename":"D:\\a\\xet-core\\xet-core\\xet_client\\src\\cas_client\\adaptive_concurrency\\controller.rs","line_number":543}
{"timestamp":"2026-07-31T15:10:38.192139Z","level":"INFO","fields":{"message":"Concurrency control for download: Increased concurrency from 11 to 12; reason: success ratio 1.000 is above threshold 0.800 and predicted RTT for 1MB at new concurrency is 55.04s < target 60.0s"},"filename":"D:\\a\\xet-core\\xet-core\\xet_client\\src\\cas_client\\adaptive_concurrency\\controller.rs","line_number":543}
{"timestamp":"2026-07-31T15:10:38.561962Z","level":"INFO","fields":{"message":"Received CAS response","request_id":"01KYWBMC9XSGF4XVSV024Z930X","status_code":206},"filename":"D:\\a\\xet-core\\xet-core\\xet_client\\src\\common\\http_client.rs","line_number":288}
{"timestamp":"2026-07-31T15:10:38.561986Z","level":"INFO","fields":{"message":"Request Success: s3::get_range api call succeeded (request id 01KYWBMC9XSGF4XVSV024Z930X, retry 1)."},"filename":"D:\\a\\xet-core\\xet-core\\xet_client\\src\\cas_client\\retry_wrapper.rs","line_number":196}
{"timestamp":"2026-07-31T15:10:38.729486Z","level":"INFO","fields":{"message":"Concurrency control for download: Increased concurrency from 12 to 13; reason: success ratio 1.000 is above threshold 0.800 and predicted RTT for 1MB at new concurrency is 55.90s < target 60.0s"},"filename":"D:\\a\\xet-core\\xet-core\\xet_client\\src\\cas_client\\adaptive_concurrency\\controller.rs","line_number":543}
{"timestamp":"2026-07-31T15:10:38.790288Z","level":"INFO","fields":{"message":"Received CAS response","request_id":"01KYWBMCT6Y74XSMRKBXQ6498B","status_code":206},"filename":"D:\\a\\xet-core\\xet-core\\xet_client\\src\\common\\http_client.rs","line_number":288}
{"timestamp":"2026-07-31T15:10:38.790310Z","level":"INFO","fields":{"message":"Request Success: s3::get_range api call succeeded (request id 01KYWBMCT6Y74XSMRKBXQ6498B, retry 1)."},"filename":"D:\\a\\xet-core\\xet-core\\xet_client\\src\\cas_client\\retry_wrapper.rs","line_number":196}
{"timestamp":"2026-07-31T15:10:38.807070Z","level":"INFO","fields":{"message":"Concurrency control for download: Current concurrency = 13; predicted bandwidth = 201108; success_ratio = 1.000; reference_size = 1.7MB; observed bytes sent so far = 130065087; completed transmissions = 144"},"filename":"D:\\a\\xet-core\\xet-core\\xet_client\\src\\cas_client\\adaptive_concurrency\\controller.rs","line_number":597}
{"timestamp":"2026-07-31T15:10:39.301245Z","level":"INFO","fields":{"message":"Concurrency control for download: Increased concurrency from 13 to 14; reason: success ratio 1.000 is above threshold 0.800 and predicted RTT for 1MB at new concurrency is 56.80s < target 60.0s"},"filename":"D:\\a\\xet-core\\xet-core\\xet_client\\src\\cas_client\\adaptive_concurrency\\controller.rs","line_number":543}
{"timestamp":"2026-07-31T15:10:39.812674Z","level":"INFO","fields":{"message":"Concurrency control for download: Increased concurrency from 14 to 15; reason: success ratio 1.000 is above threshold 0.800 and predicted RTT for 1MB at new concurrency is 58.04s < target 60.0s"},"filename":"D:\\a\\xet-core\\xet-core\\xet_client\\src\\cas_client\\adaptive_concurrency\\controller.rs","line_number":543}
{"timestamp":"2026-07-31T15:10:40.330198Z","level":"INFO","fields":{"message":"Concurrency control for download: Increased concurrency from 15 to 16; reason: success ratio 1.000 is above threshold 0.800 and predicted RTT for 1MB at new concurrency is 59.48s < target 60.0s"},"filename":"D:\\a\\xet-core\\xet-core\\xet_client\\src\\cas_client\\adaptive_concurrency\\controller.rs","line_number":543}
{"timestamp":"2026-07-31T15:10:40.934181Z","level":"INFO","fields":{"message":"Concurrency control for download: Decreased concurrency from 16 to 15; reason: success ratio below threshold (connection struggling) (success_ratio = 1.000, threshold = 0.500)"},"filename":"D:\\a\\xet-core\\xet-core\\xet_client\\src\\cas_client\\adaptive_concurrency\\controller.rs","line_number":581}
{"timestamp":"2026-07-31T15:10:41.437606Z","level":"INFO","fields":{"message":"Concurrency control for download: Decreased concurrency from 15 to 14; reason: success ratio below threshold (connection struggling) (success_ratio = 1.000, threshold = 0.500)"},"filename":"D:\\a\\xet-core\\xet-core\\xet_client\\src\\cas_client\\adaptive_concurrency\\controller.rs","line_number":581}
{"timestamp":"2026-07-31T15:10:41.994397Z","level":"INFO","fields":{"message":"Concurrency control for download: Decreased concurrency from 14 to 13; reason: success ratio below threshold (connection struggling) (success_ratio = 1.000, threshold = 0.500)"},"filename":"D:\\a\\xet-core\\xet-core\\xet_client\\src\\cas_client\\adaptive_concurrency\\controller.rs","line_number":581}
{"timestamp":"2026-07-31T15:10:43.561408Z","level":"INFO","fields":{"message":"Concurrency control for download: Decreased concurrency from 13 to 12; reason: success ratio below threshold (connection struggling) (success_ratio = 1.000, threshold = 0.500)"},"filename":"D:\\a\\xet-core\\xet-core\\xet_client\\src\\cas_client\\adaptive_concurrency\\controller.rs","line_number":581}
{"timestamp":"2026-07-31T15:10:44.083885Z","level":"INFO","fields":{"message":"Concurrency control for download: Decreased concurrency from 12 to 11; reason: success ratio below threshold (connection struggling) (success_ratio = 1.000, threshold = 0.500)"},"filename":"D:\\a\\xet-core\\xet-core\\xet_client\\src\\cas_client\\adaptive_concurrency\\controller.rs","line_number":581}
{"timestamp":"2026-07-31T15:10:44.586649Z","level":"INFO","fields":{"message":"Concurrency control for download: Decreased concurrency from 11 to 10; reason: success ratio below threshold (connection struggling) (success_ratio = 1.000, threshold = 0.500)"},"filename":"D:\\a\\xet-core\\xet-core\\xet_client\\src\\cas_client\\adaptive_concurrency\\controller.rs","line_number":581}
{"timestamp":"2026-07-31T15:10:45.671904Z","level":"INFO","fields":{"message":"Concurrency control for download: Decreased concurrency from 10 to 9; reason: success ratio below threshold (connection struggling) (success_ratio = 1.000, threshold = 0.500)"},"filename":"D:\\a\\xet-core\\xet-core\\xet_client\\src\\cas_client\\adaptive_concurrency\\controller.rs","line_number":581}
{"timestamp":"2026-07-31T15:10:46.180670Z","level":"INFO","fields":{"message":"Concurrency control for download: Decreased concurrency from 9 to 8; reason: success ratio below threshold (connection struggling) (success_ratio = 1.000, threshold = 0.500)"},"filename":"D:\\a\\xet-core\\xet-core\\xet_client\\src\\cas_client\\adaptive_concurrency\\controller.rs","line_number":581}
{"timestamp":"2026-07-31T15:10:46.709567Z","level":"INFO","fields":{"message":"Concurrency control for download: Decreased concurrency from 8 to 7; reason: success ratio below threshold (connection struggling) (success_ratio = 1.000, threshold = 0.500)"},"filename":"D:\\a\\xet-core\\xet-core\\xet_client\\src\\cas_client\\adaptive_concurrency\\controller.rs","line_number":581}
{"timestamp":"2026-07-31T15:10:47.317221Z","level":"INFO","fields":{"message":"Concurrency control for download: Decreased concurrency from 7 to 6; reason: success ratio below threshold (connection struggling) (success_ratio = 1.000, threshold = 0.500)"},"filename":"D:\\a\\xet-core\\xet-core\\xet_client\\src\\cas_client\\adaptive_concurrency\\controller.rs","line_number":581}
{"timestamp":"2026-07-31T15:10:47.947846Z","level":"INFO","fields":{"message":"Concurrency control for download: Decreased concurrency from 6 to 5; reason: success ratio below threshold (connection struggling) (success_ratio = 1.000, threshold = 0.500)"},"filename":"D:\\a\\xet-core\\xet-core\\xet_client\\src\\cas_client\\adaptive_concurrency\\controller.rs","line_number":581}
{"timestamp":"2026-07-31T15:10:48.551699Z","level":"INFO","fields":{"message":"Concurrency control for download: Decreased concurrency from 5 to 4; reason: success ratio below threshold (connection struggling) (success_ratio = 1.000, threshold = 0.500)"},"filename":"D:\\a\\xet-core\\xet-core\\xet_client\\src\\cas_client\\adaptive_concurrency\\controller.rs","line_number":581}
{"timestamp":"2026-07-31T15:10:48.852059Z","level":"INFO","fields":{"message":"Concurrency control for download: Current concurrency = 4; predicted bandwidth = 161066; success_ratio = 1.000; reference_size = 1.7MB; observed bytes sent so far = 134324927; completed transmissions = 144"},"filename":"D:\\a\\xet-core\\xet-core\\xet_client\\src\\cas_client\\adaptive_concurrency\\controller.rs","line_number":597}
{"timestamp":"2026-07-31T15:10:49.060462Z","level":"INFO","fields":{"message":"Concurrency control for download: Decreased concurrency from 4 to 3; reason: success ratio below threshold (connection struggling) (success_ratio = 1.000, threshold = 0.500)"},"filename":"D:\\a\\xet-core\\xet-core\\xet_client\\src\\cas_client\\adaptive_concurrency\\controller.rs","line_number":581}
{"timestamp":"2026-07-31T15:10:49.561481Z","level":"INFO","fields":{"message":"Concurrency control for download: Decreased concurrency from 3 to 2; reason: success ratio below threshold (connection struggling) (success_ratio = 1.000, threshold = 0.500)"},"filename":"D:\\a\\xet-core\\xet-core\\xet_client\\src\\cas_client\\adaptive_concurrency\\controller.rs","line_number":581}
{"timestamp":"2026-07-31T15:10:50.063323Z","level":"INFO","fields":{"message":"Concurrency control for download: Decreased concurrency from 2 to 1; reason: success ratio below threshold (connection struggling) (success_ratio = 1.000, threshold = 0.500)"},"filename":"D:\\a\\xet-core\\xet-core\\xet_client\\src\\cas_client\\adaptive_concurrency\\controller.rs","line_number":581}
{"timestamp":"2026-07-31T15:10:50.580866Z","level":"INFO","fields":{"message":"Concurrency control for download: Decreased concurrency from 1 to 1; reason: success ratio below threshold (connection struggling) (success_ratio = 1.000, threshold = 0.500)"},"filename":"D:\\a\\xet-core\\xet-core\\xet_client\\src\\cas_client\\adaptive_concurrency\\controller.rs","line_number":581}
{"timestamp":"2026-07-31T15:10:51.169369Z","level":"INFO","fields":{"message":"Concurrency control for download: Decreased concurrency from 1 to 1; reason: success ratio below threshold (connection struggling) (success_ratio = 1.000, threshold = 0.500)"},"filename":"D:\\a\\xet-core\\xet-core\\xet_client\\src\\cas_client\\adaptive_concurrency\\controller.rs","line_number":581}
{"timestamp":"2026-07-31T15:10:51.709761Z","level":"INFO","fields":{"message":"Concurrency control for download: Decreased concurrency from 1 to 1; reason: success ratio below threshold (connection struggling) (success_ratio = 1.000, threshold = 0.500)"},"filename":"D:\\a\\xet-core\\xet-core\\xet_client\\src\\cas_client\\adaptive_concurrency\\controller.rs","line_number":581}
{"timestamp":"2026-07-31T15:10:52.237639Z","level":"INFO","fields":{"message":"Concurrency control for download: Decreased concurrency from 1 to 1; reason: success ratio below threshold (connection struggling) (success_ratio = 1.000, threshold = 0.500)"},"filename":"D:\\a\\xet-core\\xet-core\\xet_client\\src\\cas_client\\adaptive_concurrency\\controller.rs","line_number":581}
{"timestamp":"2026-07-31T15:10:52.754258Z","level":"INFO","fields":{"message":"Concurrency control for download: Decreased concurrency from 1 to 1; reason: success ratio below threshold (connection struggling) (success_ratio = 1.000, threshold = 0.500)"},"filename":"D:\\a\\xet-core\\xet-core\\xet_client\\src\\cas_client\\adaptive_concurrency\\controller.rs","line_number":581}
{"timestamp":"2026-07-31T15:10:53.645306Z","level":"INFO","fields":{"message":"Concurrency control for download: Decreased concurrency from 1 to 1; reason: success ratio below threshold (connection struggling) (success_ratio = 1.000, threshold = 0.500)"},"filename":"D:\\a\\xet-core\\xet-core\\xet_client\\src\\cas_client\\adaptive_concurrency\\controller.rs","line_number":581}
{"timestamp":"2026-07-31T15:10:54.158786Z","level":"INFO","fields":{"message":"Concurrency control for download: Decreased concurrency from 1 to 1; reason: success ratio below threshold (connection struggling) (success_ratio = 1.000, threshold = 0.500)"},"filename":"D:\\a\\xet-core\\xet-core\\xet_client\\src\\cas_client\\adaptive_concurrency\\controller.rs","line_number":581}
{"timestamp":"2026-07-31T15:10:54.679502Z","level":"INFO","fields":{"message":"Concurrency control for download: Decreased concurrency from 1 to 1; reason: success ratio below threshold (connection struggling) (success_ratio = 1.000, threshold = 0.500)"},"filename":"D:\\a\\xet-core\\xet-core\\xet_client\\src\\cas_client\\adaptive_concurrency\\controller.rs","line_number":581}
{"timestamp":"2026-07-31T15:10:55.271588Z","level":"INFO","fields":{"message":"Concurrency control for download: Decreased concurrency from 1 to 1; reason: success ratio below threshold (connection struggling) (success_ratio = 1.000, threshold = 0.500)"},"filename":"D:\\a\\xet-core\\xet-core\\xet_client\\src\\cas_client\\adaptive_concurrency\\controller.rs","line_number":581}
{"timestamp":"2026-07-31T15:10:55.806387Z","level":"INFO","fields":{"message":"Concurrency control for download: Increased concurrency from 1 to 2; reason: success ratio 1.000 is above threshold 0.800 and predicted RTT for 1MB at new concurrency is 51.60s < target 60.0s"},"filename":"D:\\a\\xet-core\\xet-core\\xet_client\\src\\cas_client\\adaptive_concurrency\\controller.rs","line_number":543}
{"timestamp":"2026-07-31T15:10:56.315387Z","level":"INFO","fields":{"message":"Concurrency control for download: Increased concurrency from 2 to 3; reason: success ratio 1.000 is above threshold 0.800 and predicted RTT for 1MB at new concurrency is 45.66s < target 60.0s"},"filename":"D:\\a\\xet-core\\xet-core\\xet_client\\src\\cas_client\\adaptive_concurrency\\controller.rs","line_number":543}
{"timestamp":"2026-07-31T15:10:57.415300Z","level":"INFO","fields":{"message":"Concurrency control for download: Increased concurrency from 3 to 4; reason: success ratio 1.000 is above threshold 0.800 and predicted RTT for 1MB at new concurrency is 40.95s < target 60.0s"},"filename":"D:\\a\\xet-core\\xet-core\\xet_client\\src\\cas_client\\adaptive_concurrency\\controller.rs","line_number":543}
{"timestamp":"2026-07-31T15:10:58.568808Z","level":"INFO","fields":{"message":"Concurrency control for download: Increased concurrency from 4 to 5; reason: success ratio 1.000 is above threshold 0.800 and predicted RTT for 1MB at new concurrency is 41.39s < target 60.0s"},"filename":"D:\\a\\xet-core\\xet-core\\xet_client\\src\\cas_client\\adaptive_concurrency\\controller.rs","line_number":543}
{"timestamp":"2026-07-31T15:10:59.111748Z","level":"INFO","fields":{"message":"Concurrency control for download: Increased concurrency from 5 to 6; reason: success ratio 1.000 is above threshold 0.800 and predicted RTT for 1MB at new concurrency is 42.76s < target 60.0s"},"filename":"D:\\a\\xet-core\\xet-core\\xet_client\\src\\cas_client\\adaptive_concurrency\\controller.rs","line_number":543}
{"timestamp":"2026-07-31T15:10:59.111776Z","level":"INFO","fields":{"message":"Concurrency control for download: Current concurrency = 6; predicted bandwidth = 245887; success_ratio = 1.000; reference_size = 1.7MB; observed bytes sent so far = 141824033; completed transmissions = 144"},"filename":"D:\\a\\xet-core\\xet-core\\xet_client\\src\\cas_client\\adaptive_concurrency\\controller.rs","line_number":597}
{"timestamp":"2026-07-31T15:10:59.658853Z","level":"INFO","fields":{"message":"Concurrency control for download: Increased concurrency from 6 to 7; reason: success ratio 1.000 is above threshold 0.800 and predicted RTT for 1MB at new concurrency is 42.26s < target 60.0s"},"filename":"D:\\a\\xet-core\\xet-core\\xet_client\\src\\cas_client\\adaptive_concurrency\\controller.rs","line_number":543}
{"timestamp":"2026-07-31T15:11:00.460791Z","level":"INFO","fields":{"message":"Concurrency control for download: Increased concurrency from 7 to 8; reason: success ratio 1.000 is above threshold 0.800 and predicted RTT for 1MB at new concurrency is 42.84s < target 60.0s"},"filename":"D:\\a\\xet-core\\xet-core\\xet_client\\src\\cas_client\\adaptive_concurrency\\controller.rs","line_number":543}
{"timestamp":"2026-07-31T15:11:01.007408Z","level":"INFO","fields":{"message":"Concurrency control for download: Increased concurrency from 8 to 9; reason: success ratio 1.000 is above threshold 0.800 and predicted RTT for 1MB at new concurrency is 43.57s < target 60.0s"},"filename":"D:\\a\\xet-core\\xet-core\\xet_client\\src\\cas_client\\adaptive_concurrency\\controller.rs","line_number":543}
{"timestamp":"2026-07-31T15:11:01.660407Z","level":"INFO","fields":{"message":"Concurrency control for download: Increased concurrency from 9 to 10; reason: success ratio 1.000 is above threshold 0.800 and predicted RTT for 1MB at new concurrency is 43.45s < target 60.0s"},"filename":"D:\\a\\xet-core\\xet-core\\xet_client\\src\\cas_client\\adaptive_concurrency\\controller.rs","line_number":543}
{"timestamp":"2026-07-31T15:11:02.269993Z","level":"INFO","fields":{"message":"Concurrency control for download: Increased concurrency from 10 to 11; reason: success ratio 1.000 is above threshold 0.800 and predicted RTT for 1MB at new concurrency is 43.07s < target 60.0s"},"filename":"D:\\a\\xet-core\\xet-core\\xet_client\\src\\cas_client\\adaptive_concurrency\\controller.rs","line_number":543}
{"timestamp":"2026-07-31T15:11:02.963943Z","level":"INFO","fields":{"message":"Concurrency control for download: Increased concurrency from 11 to 12; reason: success ratio 1.000 is above threshold 0.800 and predicted RTT for 1MB at new concurrency is 42.38s < target 60.0s"},"filename":"D:\\a\\xet-core\\xet-core\\xet_client\\src\\cas_client\\adaptive_concurrency\\controller.rs","line_number":543}
{"timestamp":"2026-07-31T15:11:03.508525Z","level":"INFO","fields":{"message":"Concurrency control for download: Increased concurrency from 12 to 13; reason: success ratio 1.000 is above threshold 0.800 and predicted RTT for 1MB at new concurrency is 41.74s < target 60.0s"},"filename":"D:\\a\\xet-core\\xet-core\\xet_client\\src\\cas_client\\adaptive_concurrency\\controller.rs","line_number":543}
{"timestamp":"2026-07-31T15:11:04.198083Z","level":"INFO","fields":{"message":"Concurrency control for download: Increased concurrency from 13 to 14; reason: success ratio 1.000 is above threshold 0.800 and predicted RTT for 1MB at new concurrency is 42.87s < target 60.0s"},"filename":"D:\\a\\xet-core\\xet-core\\xet_client\\src\\cas_client\\adaptive_concurrency\\controller.rs","line_number":543}
{"timestamp":"2026-07-31T15:11:04.704262Z","level":"INFO","fields":{"message":"Concurrency control for download: Increased concurrency from 14 to 15; reason: success ratio 1.000 is above threshold 0.800 and predicted RTT for 1MB at new concurrency is 44.18s < target 60.0s"},"filename":"D:\\a\\xet-core\\xet-core\\xet_client\\src\\cas_client\\adaptive_concurrency\\controller.rs","line_number":543}
{"timestamp":"2026-07-31T15:11:05.271657Z","level":"INFO","fields":{"message":"Concurrency control for download: Increased concurrency from 15 to 16; reason: success ratio 1.000 is above threshold 0.800 and predicted RTT for 1MB at new concurrency is 44.22s < target 60.0s"},"filename":"D:\\a\\xet-core\\xet-core\\xet_client\\src\\cas_client\\adaptive_concurrency\\controller.rs","line_number":543}
{"timestamp":"2026-07-31T15:11:05.877863Z","level":"INFO","fields":{"message":"Concurrency control for download: Increased concurrency from 16 to 17; reason: success ratio 1.000 is above threshold 0.800 and predicted RTT for 1MB at new concurrency is 44.40s < target 60.0s"},"filename":"D:\\a\\xet-core\\xet-core\\xet_client\\src\\cas_client\\adaptive_concurrency\\controller.rs","line_number":543}
{"timestamp":"2026-07-31T15:11:05.877907Z","level":"INFO","fields":{"message":"Retry strategy","max_attempts":5,"base_delay":"3s","no_retry_on_429":false},"filename":"D:\\a\\xet-core\\xet-core\\xet_client\\src\\cas_client\\retry_wrapper.rs","line_number":235}
{"timestamp":"2026-07-31T15:11:06.387718Z","level":"INFO","fields":{"message":"Concurrency control for download: Increased concurrency from 17 to 18; reason: success ratio 1.000 is above threshold 0.800 and predicted RTT for 1MB at new concurrency is 41.44s < target 60.0s"},"filename":"D:\\a\\xet-core\\xet-core\\xet_client\\src\\cas_client\\adaptive_concurrency\\controller.rs","line_number":543}
{"timestamp":"2026-07-31T15:11:06.387762Z","level":"INFO","fields":{"message":"Retry strategy","max_attempts":5,"base_delay":"3s","no_retry_on_429":false},"filename":"D:\\a\\xet-core\\xet-core\\xet_client\\src\\cas_client\\retry_wrapper.rs","line_number":235}
{"timestamp":"2026-07-31T15:11:07.097394Z","level":"INFO","fields":{"message":"Concurrency control for download: Increased concurrency from 18 to 19; reason: success ratio 1.000 is above threshold 0.800 and predicted RTT for 1MB at new concurrency is 42.73s < target 60.0s"},"filename":"D:\\a\\xet-core\\xet-core\\xet_client\\src\\cas_client\\adaptive_concurrency\\controller.rs","line_number":543}
{"timestamp":"2026-07-31T15:11:07.097451Z","level":"INFO","fields":{"message":"Retry strategy","max_attempts":5,"base_delay":"3s","no_retry_on_429":false},"filename":"D:\\a\\xet-core\\xet-core\\xet_client\\src\\cas_client\\retry_wrapper.rs","line_number":235}
{"timestamp":"2026-07-31T15:11:07.598159Z","level":"INFO","fields":{"message":"Concurrency control for download: Increased concurrency from 19 to 20; reason: success ratio 1.000 is above threshold 0.800 and predicted RTT for 1MB at new concurrency is 42.47s < target 60.0s"},"filename":"D:\\a\\xet-core\\xet-core\\xet_client\\src\\cas_client\\adaptive_concurrency\\controller.rs","line_number":543}
{"timestamp":"2026-07-31T15:11:07.598195Z","level":"INFO","fields":{"message":"Retry strategy","max_attempts":5,"base_delay":"3s","no_retry_on_429":false},"filename":"D:\\a\\xet-core\\xet-core\\xet_client\\src\\cas_client\\retry_wrapper.rs","line_number":235}
{"timestamp":"2026-07-31T15:11:08.213632Z","level":"INFO","fields":{"message":"Concurrency control for download: Increased concurrency from 20 to 21; reason: success ratio 1.000 is above threshold 0.800 and predicted RTT for 1MB at new concurrency is 44.55s < target 60.0s"},"filename":"D:\\a\\xet-core\\xet-core\\xet_client\\src\\cas_client\\adaptive_concurrency\\controller.rs","line_number":543}
{"timestamp":"2026-07-31T15:11:08.213665Z","level":"INFO","fields":{"message":"Retry strategy","max_attempts":5,"base_delay":"3s","no_retry_on_429":false},"filename":"D:\\a\\xet-core\\xet-core\\xet_client\\src\\cas_client\\retry_wrapper.rs","line_number":235}
{"timestamp":"2026-07-31T15:11:08.716218Z","level":"INFO","fields":{"message":"Concurrency control for download: Increased concurrency from 21 to 22; reason: success ratio 1.000 is above threshold 0.800 and predicted RTT for 1MB at new concurrency is 45.25s < target 60.0s"},"filename":"D:\\a\\xet-core\\xet-core\\xet_client\\src\\cas_client\\adaptive_concurrency\\controller.rs","line_number":543}
{"timestamp":"2026-07-31T15:11:08.716269Z","level":"INFO","fields":{"message":"Retry strategy","max_attempts":5,"base_delay":"3s","no_retry_on_429":false},"filename":"D:\\a\\xet-core\\xet-core\\xet_client\\src\\cas_client\\retry_wrapper.rs","line_number":235}
{"timestamp":"2026-07-31T15:11:09.162031Z","level":"INFO","fields":{"message":"Concurrency control for download: Current concurrency = 22; predicted bandwidth = 279526; success_ratio = 1.000; reference_size = 1.7MB; observed bytes sent so far = 144625697; completed transmissions = 144"},"filename":"D:\\a\\xet-core\\xet-core\\xet_client\\src\\cas_client\\adaptive_concurrency\\controller.rs","line_number":597}
{"timestamp":"2026-07-31T15:11:09.297300Z","level":"INFO","fields":{"message":"Concurrency control for download: Increased concurrency from 22 to 23; reason: success ratio 1.000 is above threshold 0.800 and predicted RTT for 1MB at new concurrency is 47.76s < target 60.0s"},"filename":"D:\\a\\xet-core\\xet-core\\xet_client\\src\\cas_client\\adaptive_concurrency\\controller.rs","line_number":543}
{"timestamp":"2026-07-31T15:11:09.297337Z","level":"INFO","fields":{"message":"Retry strategy","max_attempts":5,"base_delay":"3s","no_retry_on_429":false},"filename":"D:\\a\\xet-core\\xet-core\\xet_client\\src\\cas_client\\retry_wrapper.rs","line_number":235}
{"timestamp":"2026-07-31T15:11:09.799542Z","level":"INFO","fields":{"message":"Concurrency control for download: Increased concurrency from 23 to 24; reason: success ratio 1.000 is above threshold 0.800 and predicted RTT for 1MB at new concurrency is 44.34s < target 60.0s"},"filename":"D:\\a\\xet-core\\xet-core\\xet_client\\src\\cas_client\\adaptive_concurrency\\controller.rs","line_number":543}
{"timestamp":"2026-07-31T15:11:09.799581Z","level":"INFO","fields":{"message":"Retry strategy","max_attempts":5,"base_delay":"3s","no_retry_on_429":false},"filename":"D:\\a\\xet-core\\xet-core\\xet_client\\src\\cas_client\\retry_wrapper.rs","line_number":235}
{"timestamp":"2026-07-31T15:11:10.391390Z","level":"INFO","fields":{"message":"Concurrency control for download: Increased concurrency from 24 to 25; reason: success ratio 1.000 is above threshold 0.800 and predicted RTT for 1MB at new concurrency is 46.46s < target 60.0s"},"filename":"D:\\a\\xet-core\\xet-core\\xet_client\\src\\cas_client\\adaptive_concurrency\\controller.rs","line_number":543}
{"timestamp":"2026-07-31T15:11:10.391434Z","level":"INFO","fields":{"message":"Retry strategy","max_attempts":5,"base_delay":"3s","no_retry_on_429":false},"filename":"D:\\a\\xet-core\\xet-core\\xet_client\\src\\cas_client\\retry_wrapper.rs","line_number":235}
{"timestamp":"2026-07-31T15:11:10.931247Z","level":"INFO","fields":{"message":"Concurrency control for download: Increased concurrency from 25 to 26; reason: success ratio 1.000 is above threshold 0.800 and predicted RTT for 1MB at new concurrency is 47.26s < target 60.0s"},"filename":"D:\\a\\xet-core\\xet-core\\xet_client\\src\\cas_client\\adaptive_concurrency\\controller.rs","line_number":543}
{"timestamp":"2026-07-31T15:11:10.931289Z","level":"INFO","fields":{"message":"Retry strategy","max_attempts":5,"base_delay":"3s","no_retry_on_429":false},"filename":"D:\\a\\xet-core\\xet-core\\xet_client\\src\\cas_client\\retry_wrapper.rs","line_number":235}
{"timestamp":"2026-07-31T15:11:11.140702Z","level":"INFO","fields":{"message":"Received CAS response","request_id":"01KYWBNBX7PKV2CD85GW90K60J","status_code":206},"filename":"D:\\a\\xet-core\\xet-core\\xet_client\\src\\common\\http_client.rs","line_number":288}
{"timestamp":"2026-07-31T15:11:11.140774Z","level":"INFO","fields":{"message":"Request Success: s3::get_range api call succeeded (request id 01KYWBNBX7PKV2CD85GW90K60J)."},"filename":"D:\\a\\xet-core\\xet-core\\xet_client\\src\\cas_client\\retry_wrapper.rs","line_number":196}
{"timestamp":"2026-07-31T15:11:11.141015Z","level":"INFO","fields":{"message":"Received CAS response","request_id":"01KYWBNBX8KRGZCGKKH35KXBR5","status_code":206},"filename":"D:\\a\\xet-core\\xet-core\\xet_client\\src\\common\\http_client.rs","line_number":288}
{"timestamp":"2026-07-31T15:11:11.141029Z","level":"INFO","fields":{"message":"Request Success: s3::get_range api call succeeded (request id 01KYWBNBX8KRGZCGKKH35KXBR5)."},"filename":"D:\\a\\xet-core\\xet-core\\xet_client\\src\\cas_client\\retry_wrapper.rs","line_number":196}
{"timestamp":"2026-07-31T15:11:11.148317Z","level":"INFO","fields":{"message":"Received CAS response","request_id":"01KYWBNBX3AC1VTWTNS5J1EVPZ","status_code":206},"filename":"D:\\a\\xet-core\\xet-core\\xet_client\\src\\common\\http_client.rs","line_number":288}
{"timestamp":"2026-07-31T15:11:11.148340Z","level":"INFO","fields":{"message":"Request Success: s3::get_range api call succeeded (request id 01KYWBNBX3AC1VTWTNS5J1EVPZ)."},"filename":"D:\\a\\xet-core\\xet-core\\xet_client\\src\\cas_client\\retry_wrapper.rs","line_number":196}
{"timestamp":"2026-07-31T15:11:11.175819Z","level":"INFO","fields":{"message":"Received CAS response","request_id":"01KYWBNBXM4RGC5KNT39CMNCAK","status_code":206},"filename":"D:\\a\\xet-core\\xet-core\\xet_client\\src\\common\\http_client.rs","line_number":288}
{"timestamp":"2026-07-31T15:11:11.175832Z","level":"INFO","fields":{"message":"Request Success: s3::get_range api call succeeded (request id 01KYWBNBXM4RGC5KNT39CMNCAK)."},"filename":"D:\\a\\xet-core\\xet-core\\xet_client\\src\\cas_client\\retry_wrapper.rs","line_number":196}
{"timestamp":"2026-07-31T15:11:11.387079Z","level":"INFO","fields":{"message":"Received CAS response","request_id":"01KYWBNC67XCDBMFDFHVGM0EQN","status_code":206},"filename":"D:\\a\\xet-core\\xet-core\\xet_client\\src\\common\\http_client.rs","line_number":288}
{"timestamp":"2026-07-31T15:11:11.387100Z","level":"INFO","fields":{"message":"Request Success: s3::get_range api call succeeded (request id 01KYWBNC67XCDBMFDFHVGM0EQN)."},"filename":"D:\\a\\xet-core\\xet-core\\xet_client\\src\\cas_client\\retry_wrapper.rs","line_number":196}
{"timestamp":"2026-07-31T15:11:11.694402Z","level":"INFO","fields":{"message":"Concurrency control for download: Increased concurrency from 26 to 27; reason: success ratio 1.000 is above threshold 0.800 and predicted RTT for 1MB at new concurrency is 46.12s < target 60.0s"},"filename":"D:\\a\\xet-core\\xet-core\\xet_client\\src\\cas_client\\adaptive_concurrency\\controller.rs","line_number":543}
{"timestamp":"2026-07-31T15:11:11.694441Z","level":"INFO","fields":{"message":"Retry strategy","max_attempts":5,"base_delay":"3s","no_retry_on_429":false},"filename":"D:\\a\\xet-core\\xet-core\\xet_client\\src\\cas_client\\retry_wrapper.rs","line_number":235}
{"timestamp":"2026-07-31T15:11:11.811911Z","level":"INFO","fields":{"message":"Received CAS response","request_id":"01KYWBNCM50JRQBE9K4ETGE65N","status_code":206},"filename":"D:\\a\\xet-core\\xet-core\\xet_client\\src\\common\\http_client.rs","line_number":288}
{"timestamp":"2026-07-31T15:11:11.811934Z","level":"INFO","fields":{"message":"Request Success: s3::get_range api call succeeded (request id 01KYWBNCM50JRQBE9K4ETGE65N)."},"filename":"D:\\a\\xet-core\\xet-core\\xet_client\\src\\cas_client\\retry_wrapper.rs","line_number":196}
{"timestamp":"2026-07-31T15:11:12.761821Z","level":"INFO","fields":{"message":"Concurrency control for download: Increased concurrency from 27 to 28; reason: success ratio 1.000 is above threshold 0.800 and predicted RTT for 1MB at new concurrency is 46.28s < target 60.0s"},"filename":"D:\\a\\xet-core\\xet-core\\xet_client\\src\\cas_client\\adaptive_concurrency\\controller.rs","line_number":543}
{"timestamp":"2026-07-31T15:11:12.761870Z","level":"INFO","fields":{"message":"Retry strategy","max_attempts":5,"base_delay":"3s","no_retry_on_429":false},"filename":"D:\\a\\xet-core\\xet-core\\xet_client\\src\\cas_client\\retry_wrapper.rs","line_number":235}
{"timestamp":"2026-07-31T15:11:13.585997Z","level":"INFO","fields":{"message":"Concurrency control for download: Increased concurrency from 28 to 29; reason: success ratio 1.000 is above threshold 0.800 and predicted RTT for 1MB at new concurrency is 47.31s < target 60.0s"},"filename":"D:\\a\\xet-core\\xet-core\\xet_client\\src\\cas_client\\adaptive_concurrency\\controller.rs","line_number":543}
{"timestamp":"2026-07-31T15:11:13.586040Z","level":"INFO","fields":{"message":"Retry strategy","max_attempts":5,"base_delay":"3s","no_retry_on_429":false},"filename":"D:\\a\\xet-core\\xet-core\\xet_client\\src\\cas_client\\retry_wrapper.rs","line_number":235}
{"timestamp":"2026-07-31T15:11:14.134976Z","level":"INFO","fields":{"message":"Concurrency control for download: Increased concurrency from 29 to 30; reason: success ratio 1.000 is above threshold 0.800 and predicted RTT for 1MB at new concurrency is 47.57s < target 60.0s"},"filename":"D:\\a\\xet-core\\xet-core\\xet_client\\src\\cas_client\\adaptive_concurrency\\controller.rs","line_number":543}
{"timestamp":"2026-07-31T15:11:14.135016Z","level":"INFO","fields":{"message":"Retry strategy","max_attempts":5,"base_delay":"3s","no_retry_on_429":false},"filename":"D:\\a\\xet-core\\xet-core\\xet_client\\src\\cas_client\\retry_wrapper.rs","line_number":235}
{"timestamp":"2026-07-31T15:11:14.441730Z","level":"INFO","fields":{"message":"Received CAS response","request_id":"01KYWBND4F1MXZ47BBBKWB5V9T","status_code":206},"filename":"D:\\a\\xet-core\\xet-core\\xet_client\\src\\common\\http_client.rs","line_number":288}
{"timestamp":"2026-07-31T15:11:14.441754Z","level":"INFO","fields":{"message":"Request Success: s3::get_range api call succeeded (request id 01KYWBND4F1MXZ47BBBKWB5V9T)."},"filename":"D:\\a\\xet-core\\xet-core\\xet_client\\src\\cas_client\\retry_wrapper.rs","line_number":196}
{"timestamp":"2026-07-31T15:11:14.770624Z","level":"INFO","fields":{"message":"Concurrency control for download: Increased concurrency from 30 to 31; reason: success ratio 1.000 is above threshold 0.800 and predicted RTT for 1MB at new concurrency is 47.86s < target 60.0s"},"filename":"D:\\a\\xet-core\\xet-core\\xet_client\\src\\cas_client\\adaptive_concurrency\\controller.rs","line_number":543}
{"timestamp":"2026-07-31T15:11:14.770663Z","level":"INFO","fields":{"message":"Retry strategy","max_attempts":5,"base_delay":"3s","no_retry_on_429":false},"filename":"D:\\a\\xet-core\\xet-core\\xet_client\\src\\cas_client\\retry_wrapper.rs","line_number":235}
{"timestamp":"2026-07-31T15:11:15.076277Z","level":"INFO","fields":{"message":"Received CAS response","request_id":"01KYWBNDCT795ZFR7043VES7Z2","status_code":206},"filename":"D:\\a\\xet-core\\xet-core\\xet_client\\src\\common\\http_client.rs","line_number":288}
{"timestamp":"2026-07-31T15:11:15.076302Z","level":"INFO","fields":{"message":"Request Success: s3::get_range api call succeeded (request id 01KYWBNDCT795ZFR7043VES7Z2)."},"filename":"D:\\a\\xet-core\\xet-core\\xet_client\\src\\cas_client\\retry_wrapper.rs","line_number":196}
{"timestamp":"2026-07-31T15:11:15.214469Z","level":"INFO","fields":{"message":"Received CAS response","request_id":"01KYWBNDJYDBK51QT4E6CAEF6Y","status_code":206},"filename":"D:\\a\\xet-core\\xet-core\\xet_client\\src\\common\\http_client.rs","line_number":288}
{"timestamp":"2026-07-31T15:11:15.214493Z","level":"INFO","fields":{"message":"Request Success: s3::get_range api call succeeded (request id 01KYWBNDJYDBK51QT4E6CAEF6Y)."},"filename":"D:\\a\\xet-core\\xet-core\\xet_client\\src\\cas_client\\retry_wrapper.rs","line_number":196}
{"timestamp":"2026-07-31T15:11:15.302361Z","level":"INFO","fields":{"message":"Concurrency control for download: Increased concurrency from 31 to 32; reason: success ratio 1.000 is above threshold 0.800 and predicted RTT for 1MB at new concurrency is 45.36s < target 60.0s"},"filename":"D:\\a\\xet-core\\xet-core\\xet_client\\src\\cas_client\\adaptive_concurrency\\controller.rs","line_number":543}
{"timestamp":"2026-07-31T15:11:15.302405Z","level":"INFO","fields":{"message":"Retry strategy","max_attempts":5,"base_delay":"3s","no_retry_on_429":false},"filename":"D:\\a\\xet-core\\xet-core\\xet_client\\src\\cas_client\\retry_wrapper.rs","line_number":235}
{"timestamp":"2026-07-31T15:11:15.368729Z","level":"INFO","fields":{"message":"Received CAS response","request_id":"01KYWBNGCP0DSHWQJRX671777N","status_code":206},"filename":"D:\\a\\xet-core\\xet-core\\xet_client\\src\\common\\http_client.rs","line_number":288}
{"timestamp":"2026-07-31T15:11:15.368752Z","level":"INFO","fields":{"message":"Request Success: s3::get_range api call succeeded (request id 01KYWBNGCP0DSHWQJRX671777N)."},"filename":"D:\\a\\xet-core\\xet-core\\xet_client\\src\\cas_client\\retry_wrapper.rs","line_number":196}
{"timestamp":"2026-07-31T15:11:16.041956Z","level":"INFO","fields":{"message":"Concurrency control for download: Increased concurrency from 32 to 33; reason: success ratio 1.000 is above threshold 0.800 and predicted RTT for 1MB at new concurrency is 42.09s < target 60.0s"},"filename":"D:\\a\\xet-core\\xet-core\\xet_client\\src\\cas_client\\adaptive_concurrency\\controller.rs","line_number":543}
{"timestamp":"2026-07-31T15:11:16.042002Z","level":"INFO","fields":{"message":"Retry strategy","max_attempts":5,"base_delay":"3s","no_retry_on_429":false},"filename":"D:\\a\\xet-core\\xet-core\\xet_client\\src\\cas_client\\retry_wrapper.rs","line_number":235}
{"timestamp":"2026-07-31T15:11:16.138578Z","level":"INFO","fields":{"message":"Received CAS response","request_id":"01KYWBNHBSZVDF5SVHNGSV02HR","status_code":206},"filename":"D:\\a\\xet-core\\xet-core\\xet_client\\src\\common\\http_client.rs","line_number":288}
{"timestamp":"2026-07-31T15:11:16.138598Z","level":"INFO","fields":{"message":"Request Success: s3::get_range api call succeeded (request id 01KYWBNHBSZVDF5SVHNGSV02HR)."},"filename":"D:\\a\\xet-core\\xet-core\\xet_client\\src\\cas_client\\retry_wrapper.rs","line_number":196}
{"timestamp":"2026-07-31T15:11:16.150407Z","level":"INFO","fields":{"message":"Received CAS response","request_id":"01KYWBNHC25B5RRJ0GWDP75JWE","status_code":206},"filename":"D:\\a\\xet-core\\xet-core\\xet_client\\src\\common\\http_client.rs","line_number":288}
{"timestamp":"2026-07-31T15:11:16.150419Z","level":"INFO","fields":{"message":"Request Success: s3::get_range api call succeeded (request id 01KYWBNHC25B5RRJ0GWDP75JWE)."},"filename":"D:\\a\\xet-core\\xet-core\\xet_client\\src\\cas_client\\retry_wrapper.rs","line_number":196}
{"timestamp":"2026-07-31T15:11:16.166474Z","level":"INFO","fields":{"message":"Received CAS response","request_id":"01KYWBNHBNS7NW37RE72ABJJHG","status_code":206},"filename":"D:\\a\\xet-core\\xet-core\\xet_client\\src\\common\\http_client.rs","line_number":288}
{"timestamp":"2026-07-31T15:11:16.166486Z","level":"INFO","fields":{"message":"Request Success: s3::get_range api call succeeded (request id 01KYWBNHBNS7NW37RE72ABJJHG)."},"filename":"D:\\a\\xet-core\\xet-core\\xet_client\\src\\cas_client\\retry_wrapper.rs","line_number":196}
{"timestamp":"2026-07-31T15:11:16.332270Z","level":"INFO","fields":{"message":"Received CAS response","request_id":"01KYWBNHBXK29Q47YBABV6613J","status_code":206},"filename":"D:\\a\\xet-core\\xet-core\\xet_client\\src\\common\\http_client.rs","line_number":288}
{"timestamp":"2026-07-31T15:11:16.332291Z","level":"INFO","fields":{"message":"Request Success: s3::get_range api call succeeded (request id 01KYWBNHBXK29Q47YBABV6613J)."},"filename":"D:\\a\\xet-core\\xet-core\\xet_client\\src\\cas_client\\retry_wrapper.rs","line_number":196}
{"timestamp":"2026-07-31T15:11:16.441077Z","level":"INFO","fields":{"message":"Received CAS response","request_id":"01KYWBNHHTE2105YPB3D602K8Q","status_code":206},"filename":"D:\\a\\xet-core\\xet-core\\xet_client\\src\\common\\http_client.rs","line_number":288}
{"timestamp":"2026-07-31T15:11:16.441096Z","level":"INFO","fields":{"message":"Request Success: s3::get_range api call succeeded (request id 01KYWBNHHTE2105YPB3D602K8Q)."},"filename":"D:\\a\\xet-core\\xet-core\\xet_client\\src\\cas_client\\retry_wrapper.rs","line_number":196}
{"timestamp":"2026-07-31T15:11:16.545391Z","level":"INFO","fields":{"message":"Concurrency control for download: Increased concurrency from 33 to 34; reason: success ratio 1.000 is above threshold 0.800 and predicted RTT for 1MB at new concurrency is 41.12s < target 60.0s"},"filename":"D:\\a\\xet-core\\xet-core\\xet_client\\src\\cas_client\\adaptive_concurrency\\controller.rs","line_number":543}
{"timestamp":"2026-07-31T15:11:16.545429Z","level":"INFO","fields":{"message":"Retry strategy","max_attempts":5,"base_delay":"3s","no_retry_on_429":false},"filename":"D:\\a\\xet-core\\xet-core\\xet_client\\src\\cas_client\\retry_wrapper.rs","line_number":235}
{"timestamp":"2026-07-31T15:11:17.091051Z","level":"INFO","fields":{"message":"Concurrency control for download: Increased concurrency from 34 to 35; reason: success ratio 1.000 is above threshold 0.800 and predicted RTT for 1MB at new concurrency is 45.20s < target 60.0s"},"filename":"D:\\a\\xet-core\\xet-core\\xet_client\\src\\cas_client\\adaptive_concurrency\\controller.rs","line_number":543}
{"timestamp":"2026-07-31T15:11:17.091094Z","level":"INFO","fields":{"message":"Retry strategy","max_attempts":5,"base_delay":"3s","no_retry_on_429":false},"filename":"D:\\a\\xet-core\\xet-core\\xet_client\\src\\cas_client\\retry_wrapper.rs","line_number":235}
{"timestamp":"2026-07-31T15:11:17.652676Z","level":"INFO","fields":{"message":"Concurrency control for download: Increased concurrency from 35 to 36; reason: success ratio 1.000 is above threshold 0.800 and predicted RTT for 1MB at new concurrency is 44.69s < target 60.0s"},"filename":"D:\\a\\xet-core\\xet-core\\xet_client\\src\\cas_client\\adaptive_concurrency\\controller.rs","line_number":543}
{"timestamp":"2026-07-31T15:11:18.154912Z","level":"INFO","fields":{"message":"Concurrency control for download: Increased concurrency from 36 to 37; reason: success ratio 1.000 is above threshold 0.800 and predicted RTT for 1MB at new concurrency is 43.06s < target 60.0s"},"filename":"D:\\a\\xet-core\\xet-core\\xet_client\\src\\cas_client\\adaptive_concurrency\\controller.rs","line_number":543}
{"timestamp":"2026-07-31T15:11:18.442521Z","level":"INFO","fields":{"message":"Received CAS response","request_id":"01KYWBNJE8RJG17TKGZ5VMH4N4","status_code":206},"filename":"D:\\a\\xet-core\\xet-core\\xet_client\\src\\common\\http_client.rs","line_number":288}
{"timestamp":"2026-07-31T15:11:18.442541Z","level":"INFO","fields":{"message":"Request Success: s3::get_range api call succeeded (request id 01KYWBNJE8RJG17TKGZ5VMH4N4)."},"filename":"D:\\a\\xet-core\\xet-core\\xet_client\\src\\cas_client\\retry_wrapper.rs","line_number":196}
{"timestamp":"2026-07-31T15:11:18.667084Z","level":"INFO","fields":{"message":"Concurrency control for download: Increased concurrency from 37 to 38; reason: success ratio 1.000 is above threshold 0.800 and predicted RTT for 1MB at new concurrency is 24.63s < target 60.0s"},"filename":"D:\\a\\xet-core\\xet-core\\xet_client\\src\\cas_client\\adaptive_concurrency\\controller.rs","line_number":543}
{"timestamp":"2026-07-31T15:11:19.217933Z","level":"INFO","fields":{"message":"Concurrency control for download: Increased concurrency from 38 to 39; reason: success ratio 1.000 is above threshold 0.800 and predicted RTT for 1MB at new concurrency is 26.53s < target 60.0s"},"filename":"D:\\a\\xet-core\\xet-core\\xet_client\\src\\cas_client\\adaptive_concurrency\\controller.rs","line_number":543}
{"timestamp":"2026-07-31T15:11:19.217963Z","level":"INFO","fields":{"message":"Concurrency control for download: Current concurrency = 39; predicted bandwidth = 1434658; success_ratio = 1.000; reference_size = 1.8MB; observed bytes sent so far = 149991859; completed transmissions = 145"},"filename":"D:\\a\\xet-core\\xet-core\\xet_client\\src\\cas_client\\adaptive_concurrency\\controller.rs","line_number":597}
{"timestamp":"2026-07-31T15:11:19.745347Z","level":"INFO","fields":{"message":"Concurrency control for download: Increased concurrency from 39 to 40; reason: success ratio 1.000 is above threshold 0.800 and predicted RTT for 1MB at new concurrency is 27.71s < target 60.0s"},"filename":"D:\\a\\xet-core\\xet-core\\xet_client\\src\\cas_client\\adaptive_concurrency\\controller.rs","line_number":543}
{"timestamp":"2026-07-31T15:11:20.159235Z","level":"INFO","fields":{"message":"Received CAS response","request_id":"01KYWBNKHNZ8AW47ZT1H2EGX95","status_code":206},"filename":"D:\\a\\xet-core\\xet-core\\xet_client\\src\\common\\http_client.rs","line_number":288}
{"timestamp":"2026-07-31T15:11:20.159261Z","level":"INFO","fields":{"message":"Request Success: s3::get_range api call succeeded (request id 01KYWBNKHNZ8AW47ZT1H2EGX95)."},"filename":"D:\\a\\xet-core\\xet-core\\xet_client\\src\\cas_client\\retry_wrapper.rs","line_number":196}
{"timestamp":"2026-07-31T15:11:20.281765Z","level":"INFO","fields":{"message":"Concurrency control for download: Increased concurrency from 40 to 41; reason: success ratio 1.000 is above threshold 0.800 and predicted RTT for 1MB at new concurrency is 28.07s < target 60.0s"},"filename":"D:\\a\\xet-core\\xet-core\\xet_client\\src\\cas_client\\adaptive_concurrency\\controller.rs","line_number":543}
{"timestamp":"2026-07-31T15:11:20.556968Z","level":"INFO","fields":{"message":"Received CAS response","request_id":"01KYWBNM8GNG33Y7S31RKEHDQW","status_code":206},"filename":"D:\\a\\xet-core\\xet-core\\xet_client\\src\\common\\http_client.rs","line_number":288}
{"timestamp":"2026-07-31T15:11:20.556989Z","level":"INFO","fields":{"message":"Request Success: s3::get_range api call succeeded (request id 01KYWBNM8GNG33Y7S31RKEHDQW)."},"filename":"D:\\a\\xet-core\\xet-core\\xet_client\\src\\cas_client\\retry_wrapper.rs","line_number":196}
{"timestamp":"2026-07-31T15:11:20.813961Z","level":"INFO","fields":{"message":"Concurrency control for download: Increased concurrency from 41 to 42; reason: success ratio 1.000 is above threshold 0.800 and predicted RTT for 1MB at new concurrency is 28.61s < target 60.0s"},"filename":"D:\\a\\xet-core\\xet-core\\xet_client\\src\\cas_client\\adaptive_concurrency\\controller.rs","line_number":543}
{"timestamp":"2026-07-31T15:11:20.971530Z","level":"INFO","fields":{"message":"Received CAS response","request_id":"01KYWBNMZ1T7KRWSRW1VC79M61","status_code":206},"filename":"D:\\a\\xet-core\\xet-core\\xet_client\\src\\common\\http_client.rs","line_number":288}
{"timestamp":"2026-07-31T15:11:20.971554Z","level":"INFO","fields":{"message":"Request Success: s3::get_range api call succeeded (request id 01KYWBNMZ1T7KRWSRW1VC79M61)."},"filename":"D:\\a\\xet-core\\xet-core\\xet_client\\src\\cas_client\\retry_wrapper.rs","line_number":196}
{"timestamp":"2026-07-31T15:11:21.344061Z","level":"INFO","fields":{"message":"Concurrency control for download: Increased concurrency from 42 to 43; reason: success ratio 1.000 is above threshold 0.800 and predicted RTT for 1MB at new concurrency is 30.62s < target 60.0s"},"filename":"D:\\a\\xet-core\\xet-core\\xet_client\\src\\cas_client\\adaptive_concurrency\\controller.rs","line_number":543}
{"timestamp":"2026-07-31T15:11:21.980784Z","level":"INFO","fields":{"message":"Concurrency control for download: Increased concurrency from 43 to 44; reason: success ratio 1.000 is above threshold 0.800 and predicted RTT for 1MB at new concurrency is 31.71s < target 60.0s"},"filename":"D:\\a\\xet-core\\xet-core\\xet_client\\src\\cas_client\\adaptive_concurrency\\controller.rs","line_number":543}
{"timestamp":"2026-07-31T15:11:22.531316Z","level":"INFO","fields":{"message":"Concurrency control for download: Increased concurrency from 44 to 45; reason: success ratio 1.000 is above threshold 0.800 and predicted RTT for 1MB at new concurrency is 32.67s < target 60.0s"},"filename":"D:\\a\\xet-core\\xet-core\\xet_client\\src\\cas_client\\adaptive_concurrency\\controller.rs","line_number":543}
{"timestamp":"2026-07-31T15:11:23.061899Z","level":"INFO","fields":{"message":"Concurrency control for download: Increased concurrency from 45 to 46; reason: success ratio 1.000 is above threshold 0.800 and predicted RTT for 1MB at new concurrency is 34.45s < target 60.0s"},"filename":"D:\\a\\xet-core\\xet-core\\xet_client\\src\\cas_client\\adaptive_concurrency\\controller.rs","line_number":543}
{"timestamp":"2026-07-31T15:11:23.573209Z","level":"INFO","fields":{"message":"Concurrency control for download: Increased concurrency from 46 to 47; reason: success ratio 1.000 is above threshold 0.800 and predicted RTT for 2MB at new concurrency is 43.90s < target 60.0s"},"filename":"D:\\a\\xet-core\\xet-core\\xet_client\\src\\cas_client\\adaptive_concurrency\\controller.rs","line_number":543}
{"timestamp":"2026-07-31T15:11:24.120734Z","level":"INFO","fields":{"message":"Concurrency control for download: Increased concurrency from 47 to 48; reason: success ratio 1.000 is above threshold 0.800 and predicted RTT for 2MB at new concurrency is 43.70s < target 60.0s"},"filename":"D:\\a\\xet-core\\xet-core\\xet_client\\src\\cas_client\\adaptive_concurrency\\controller.rs","line_number":543}
{"timestamp":"2026-07-31T15:11:24.649134Z","level":"INFO","fields":{"message":"Concurrency control for download: Increased concurrency from 48 to 49; reason: success ratio 1.000 is above threshold 0.800 and predicted RTT for 2MB at new concurrency is 45.91s < target 60.0s"},"filename":"D:\\a\\xet-core\\xet-core\\xet_client\\src\\cas_client\\adaptive_concurrency\\controller.rs","line_number":543}
{"timestamp":"2026-07-31T15:11:25.224642Z","level":"INFO","fields":{"message":"Concurrency control for download: Increased concurrency from 49 to 50; reason: success ratio 1.000 is above threshold 0.800 and predicted RTT for 2MB at new concurrency is 46.54s < target 60.0s"},"filename":"D:\\a\\xet-core\\xet-core\\xet_client\\src\\cas_client\\adaptive_concurrency\\controller.rs","line_number":543}
{"timestamp":"2026-07-31T15:11:25.778116Z","level":"INFO","fields":{"message":"Concurrency control for download: Increased concurrency from 50 to 51; reason: success ratio 1.000 is above threshold 0.800 and predicted RTT for 2MB at new concurrency is 47.41s < target 60.0s"},"filename":"D:\\a\\xet-core\\xet-core\\xet_client\\src\\cas_client\\adaptive_concurrency\\controller.rs","line_number":543}
{"timestamp":"2026-07-31T15:11:26.322630Z","level":"INFO","fields":{"message":"Concurrency control for download: Increased concurrency from 51 to 52; reason: success ratio 1.000 is above threshold 0.800 and predicted RTT for 2MB at new concurrency is 48.54s < target 60.0s"},"filename":"D:\\a\\xet-core\\xet-core\\xet_client\\src\\cas_client\\adaptive_concurrency\\controller.rs","line_number":543}
{"timestamp":"2026-07-31T15:11:26.826245Z","level":"INFO","fields":{"message":"Concurrency control for download: Increased concurrency from 52 to 53; reason: success ratio 1.000 is above threshold 0.800 and predicted RTT for 2MB at new concurrency is 48.47s < target 60.0s"},"filename":"D:\\a\\xet-core\\xet-core\\xet_client\\src\\cas_client\\adaptive_concurrency\\controller.rs","line_number":543}
{"timestamp":"2026-07-31T15:11:27.378451Z","level":"INFO","fields":{"message":"Concurrency control for download: Increased concurrency from 53 to 54; reason: success ratio 1.000 is above threshold 0.800 and predicted RTT for 2MB at new concurrency is 49.79s < target 60.0s"},"filename":"D:\\a\\xet-core\\xet-core\\xet_client\\src\\cas_client\\adaptive_concurrency\\controller.rs","line_number":543}
{"timestamp":"2026-07-31T15:11:27.890359Z","level":"INFO","fields":{"message":"Concurrency control for download: Increased concurrency from 54 to 55; reason: success ratio 1.000 is above threshold 0.800 and predicted RTT for 2MB at new concurrency is 52.62s < target 60.0s"},"filename":"D:\\a\\xet-core\\xet-core\\xet_client\\src\\cas_client\\adaptive_concurrency\\controller.rs","line_number":543}
{"timestamp":"2026-07-31T15:11:28.439667Z","level":"INFO","fields":{"message":"Concurrency control for download: Increased concurrency from 55 to 56; reason: success ratio 1.000 is above threshold 0.800 and predicted RTT for 2MB at new concurrency is 54.19s < target 60.0s"},"filename":"D:\\a\\xet-core\\xet-core\\xet_client\\src\\cas_client\\adaptive_concurrency\\controller.rs","line_number":543}
{"timestamp":"2026-07-31T15:11:28.991280Z","level":"INFO","fields":{"message":"Concurrency control for download: Increased concurrency from 56 to 57; reason: success ratio 1.000 is above threshold 0.800 and predicted RTT for 2MB at new concurrency is 54.70s < target 60.0s"},"filename":"D:\\a\\xet-core\\xet-core\\xet_client\\src\\cas_client\\adaptive_concurrency\\controller.rs","line_number":543}
{"timestamp":"2026-07-31T15:11:29.234488Z","level":"INFO","fields":{"message":"Concurrency control for download: Current concurrency = 57; predicted bandwidth = 395335; success_ratio = 1.000; reference_size = 2.3MB; observed bytes sent so far = 157910941; completed transmissions = 146"},"filename":"D:\\a\\xet-core\\xet-core\\xet_client\\src\\cas_client\\adaptive_concurrency\\controller.rs","line_number":597}
{"timestamp":"2026-07-31T15:11:29.504091Z","level":"INFO","fields":{"message":"Concurrency control for download: Increased concurrency from 57 to 58; reason: success ratio 1.000 is above threshold 0.800 and predicted RTT for 2MB at new concurrency is 54.23s < target 60.0s"},"filename":"D:\\a\\xet-core\\xet-core\\xet_client\\src\\cas_client\\adaptive_concurrency\\controller.rs","line_number":543}
{"timestamp":"2026-07-31T15:11:30.028455Z","level":"INFO","fields":{"message":"Concurrency control for download: Increased concurrency from 58 to 59; reason: success ratio 1.000 is above threshold 0.800 and predicted RTT for 2MB at new concurrency is 54.73s < target 60.0s"},"filename":"D:\\a\\xet-core\\xet-core\\xet_client\\src\\cas_client\\adaptive_concurrency\\controller.rs","line_number":543}
{"timestamp":"2026-07-31T15:11:30.606571Z","level":"INFO","fields":{"message":"Concurrency control for download: Increased concurrency from 59 to 60; reason: success ratio 1.000 is above threshold 0.800 and predicted RTT for 2MB at new concurrency is 54.04s < target 60.0s"},"filename":"D:\\a\\xet-core\\xet-core\\xet_client\\src\\cas_client\\adaptive_concurrency\\controller.rs","line_number":543}
{"timestamp":"2026-07-31T15:11:31.132923Z","level":"INFO","fields":{"message":"Concurrency control for download: Increased concurrency from 60 to 61; reason: success ratio 1.000 is above threshold 0.800 and predicted RTT for 2MB at new concurrency is 55.85s < target 60.0s"},"filename":"D:\\a\\xet-core\\xet-core\\xet_client\\src\\cas_client\\adaptive_concurrency\\controller.rs","line_number":543}
{"timestamp":"2026-07-31T15:11:31.633943Z","level":"INFO","fields":{"message":"Concurrency control for download: Increased concurrency from 61 to 62; reason: success ratio 1.000 is above threshold 0.800 and predicted RTT for 2MB at new concurrency is 56.83s < target 60.0s"},"filename":"D:\\a\\xet-core\\xet-core\\xet_client\\src\\cas_client\\adaptive_concurrency\\controller.rs","line_number":543}
{"timestamp":"2026-07-31T15:11:32.134363Z","level":"INFO","fields":{"message":"Concurrency control for download: Increased concurrency from 62 to 63; reason: success ratio 1.000 is above threshold 0.800 and predicted RTT for 2MB at new concurrency is 57.46s < target 60.0s"},"filename":"D:\\a\\xet-core\\xet-core\\xet_client\\src\\cas_client\\adaptive_concurrency\\controller.rs","line_number":543}
{"timestamp":"2026-07-31T15:11:32.701153Z","level":"INFO","fields":{"message":"Concurrency control for download: Decreased concurrency from 63 to 62; reason: success ratio below threshold (connection struggling) (success_ratio = 1.000, threshold = 0.500)"},"filename":"D:\\a\\xet-core\\xet-core\\xet_client\\src\\cas_client\\adaptive_concurrency\\controller.rs","line_number":581}
{"timestamp":"2026-07-31T15:11:33.212040Z","level":"INFO","fields":{"message":"Concurrency control for download: Decreased concurrency from 62 to 61; reason: success ratio below threshold (connection struggling) (success_ratio = 1.000, threshold = 0.500)"},"filename":"D:\\a\\xet-core\\xet-core\\xet_client\\src\\cas_client\\adaptive_concurrency\\controller.rs","line_number":581}
{"timestamp":"2026-07-31T15:11:33.852686Z","level":"INFO","fields":{"message":"Concurrency control for download: Decreased concurrency from 61 to 60; reason: success ratio below threshold (connection struggling) (success_ratio = 1.000, threshold = 0.500)"},"filename":"D:\\a\\xet-core\\xet-core\\xet_client\\src\\cas_client\\adaptive_concurrency\\controller.rs","line_number":581}
{"timestamp":"2026-07-31T15:11:34.363702Z","level":"INFO","fields":{"message":"Concurrency control for download: Decreased concurrency from 60 to 59; reason: success ratio below threshold (connection struggling) (success_ratio = 1.000, threshold = 0.500)"},"filename":"D:\\a\\xet-core\\xet-core\\xet_client\\src\\cas_client\\adaptive_concurrency\\controller.rs","line_number":581}
{"timestamp":"2026-07-31T15:11:34.866835Z","level":"INFO","fields":{"message":"Concurrency control for download: Decreased concurrency from 59 to 58; reason: success ratio below threshold (connection struggling) (success_ratio = 1.000, threshold = 0.500)"},"filename":"D:\\a\\xet-core\\xet-core\\xet_client\\src\\cas_client\\adaptive_concurrency\\controller.rs","line_number":581}
{"timestamp":"2026-07-31T15:11:35.528819Z","level":"INFO","fields":{"message":"Concurrency control for download: Decreased concurrency from 58 to 57; reason: success ratio below threshold (connection struggling) (success_ratio = 1.000, threshold = 0.500)"},"filename":"D:\\a\\xet-core\\xet-core\\xet_client\\src\\cas_client\\adaptive_concurrency\\controller.rs","line_number":581}
{"timestamp":"2026-07-31T15:11:36.096088Z","level":"INFO","fields":{"message":"Concurrency control for download: Decreased concurrency from 57 to 56; reason: success ratio below threshold (connection struggling) (success_ratio = 1.000, threshold = 0.500)"},"filename":"D:\\a\\xet-core\\xet-core\\xet_client\\src\\cas_client\\adaptive_concurrency\\controller.rs","line_number":581}
{"timestamp":"2026-07-31T15:11:37.083012Z","level":"INFO","fields":{"message":"Concurrency control for download: Decreased concurrency from 56 to 55; reason: success ratio below threshold (connection struggling) (success_ratio = 1.000, threshold = 0.500)"},"filename":"D:\\a\\xet-core\\xet-core\\xet_client\\src\\cas_client\\adaptive_concurrency\\controller.rs","line_number":581}
{"timestamp":"2026-07-31T15:11:37.590481Z","level":"INFO","fields":{"message":"Concurrency control for download: Decreased concurrency from 55 to 54; reason: success ratio below threshold (connection struggling) (success_ratio = 1.000, threshold = 0.500)"},"filename":"D:\\a\\xet-core\\xet-core\\xet_client\\src\\cas_client\\adaptive_concurrency\\controller.rs","line_number":581}
{"timestamp":"2026-07-31T15:11:38.206375Z","level":"INFO","fields":{"message":"Concurrency control for download: Decreased concurrency from 54 to 53; reason: success ratio below threshold (connection struggling) (success_ratio = 1.000, threshold = 0.500)"},"filename":"D:\\a\\xet-core\\xet-core\\xet_client\\src\\cas_client\\adaptive_concurrency\\controller.rs","line_number":581}
{"timestamp":"2026-07-31T15:11:38.731790Z","level":"INFO","fields":{"message":"Concurrency control for download: Decreased concurrency from 53 to 52; reason: success ratio below threshold (connection struggling) (success_ratio = 1.000, threshold = 0.500)"},"filename":"D:\\a\\xet-core\\xet-core\\xet_client\\src\\cas_client\\adaptive_concurrency\\controller.rs","line_number":581}
{"timestamp":"2026-07-31T15:11:39.237480Z","level":"INFO","fields":{"message":"Concurrency control for download: Current concurrency = 52; predicted bandwidth = 478487; success_ratio = 1.000; reference_size = 2.6MB; observed bytes sent so far = 171633864; completed transmissions = 147"},"filename":"D:\\a\\xet-core\\xet-core\\xet_client\\src\\cas_client\\adaptive_concurrency\\controller.rs","line_number":597}
{"timestamp":"2026-07-31T15:11:39.277032Z","level":"INFO","fields":{"message":"Concurrency control for download: Decreased concurrency from 52 to 51; reason: success ratio below threshold (connection struggling) (success_ratio = 1.000, threshold = 0.500)"},"filename":"D:\\a\\xet-core\\xet-core\\xet_client\\src\\cas_client\\adaptive_concurrency\\controller.rs","line_number":581}
{"timestamp":"2026-07-31T15:11:39.780035Z","level":"INFO","fields":{"message":"Concurrency control for download: Decreased concurrency from 51 to 50; reason: success ratio below threshold (connection struggling) (success_ratio = 1.000, threshold = 0.500)"},"filename":"D:\\a\\xet-core\\xet-core\\xet_client\\src\\cas_client\\adaptive_concurrency\\controller.rs","line_number":581}
{"timestamp":"2026-07-31T15:11:40.343469Z","level":"INFO","fields":{"message":"Concurrency control for download: Decreased concurrency from 50 to 49; reason: success ratio below threshold (connection struggling) (success_ratio = 1.000, threshold = 0.500)"},"filename":"D:\\a\\xet-core\\xet-core\\xet_client\\src\\cas_client\\adaptive_concurrency\\controller.rs","line_number":581}
{"timestamp":"2026-07-31T15:11:40.980472Z","level":"INFO","fields":{"message":"Concurrency control for download: Decreased concurrency from 49 to 48; reason: success ratio below threshold (connection struggling) (success_ratio = 1.000, threshold = 0.500)"},"filename":"D:\\a\\xet-core\\xet-core\\xet_client\\src\\cas_client\\adaptive_concurrency\\controller.rs","line_number":581}
{"timestamp":"2026-07-31T15:11:41.482958Z","level":"INFO","fields":{"message":"Concurrency control for download: Decreased concurrency from 48 to 47; reason: success ratio below threshold (connection struggling) (success_ratio = 1.000, threshold = 0.500)"},"filename":"D:\\a\\xet-core\\xet-core\\xet_client\\src\\cas_client\\adaptive_concurrency\\controller.rs","line_number":581}
{"timestamp":"2026-07-31T15:11:42.243788Z","level":"INFO","fields":{"message":"Concurrency control for download: Decreased concurrency from 47 to 46; reason: success ratio below threshold (connection struggling) (success_ratio = 1.000, threshold = 0.500)"},"filename":"D:\\a\\xet-core\\xet-core\\xet_client\\src\\cas_client\\adaptive_concurrency\\controller.rs","line_number":581}
{"timestamp":"2026-07-31T15:11:43.261669Z","level":"INFO","fields":{"message":"Concurrency control for download: Decreased concurrency from 46 to 45; reason: success ratio below threshold (connection struggling) (success_ratio = 1.000, threshold = 0.500)"},"filename":"D:\\a\\xet-core\\xet-core\\xet_client\\src\\cas_client\\adaptive_concurrency\\controller.rs","line_number":581}
{"timestamp":"2026-07-31T15:11:44.590490Z","level":"INFO","fields":{"message":"Concurrency control for download: Decreased concurrency from 45 to 44; reason: success ratio below threshold (connection struggling) (success_ratio = 1.000, threshold = 0.500)"},"filename":"D:\\a\\xet-core\\xet-core\\xet_client\\src\\cas_client\\adaptive_concurrency\\controller.rs","line_number":581}
{"timestamp":"2026-07-31T15:11:45.313239Z","level":"INFO","fields":{"message":"Concurrency control for download: Decreased concurrency from 44 to 43; reason: success ratio below threshold (connection struggling) (success_ratio = 1.000, threshold = 0.500)"},"filename":"D:\\a\\xet-core\\xet-core\\xet_client\\src\\cas_client\\adaptive_concurrency\\controller.rs","line_number":581}
{"timestamp":"2026-07-31T15:11:46.265700Z","level":"INFO","fields":{"message":"Concurrency control for download: Decreased concurrency from 43 to 42; reason: success ratio below threshold (connection struggling) (success_ratio = 1.000, threshold = 0.500)"},"filename":"D:\\a\\xet-core\\xet-core\\xet_client\\src\\cas_client\\adaptive_concurrency\\controller.rs","line_number":581}
{"timestamp":"2026-07-31T15:11:46.798522Z","level":"INFO","fields":{"message":"Concurrency control for download: Decreased concurrency from 42 to 41; reason: success ratio below threshold (connection struggling) (success_ratio = 1.000, threshold = 0.500)"},"filename":"D:\\a\\xet-core\\xet-core\\xet_client\\src\\cas_client\\adaptive_concurrency\\controller.rs","line_number":581}
{"timestamp":"2026-07-31T15:11:47.419042Z","level":"INFO","fields":{"message":"Concurrency control for download: Decreased concurrency from 41 to 40; reason: success ratio below threshold (connection struggling) (success_ratio = 1.000, threshold = 0.500)"},"filename":"D:\\a\\xet-core\\xet-core\\xet_client\\src\\cas_client\\adaptive_concurrency\\controller.rs","line_number":581}
{"timestamp":"2026-07-31T15:11:48.185770Z","level":"INFO","fields":{"message":"Concurrency control for download: Decreased concurrency from 40 to 39; reason: success ratio below threshold (connection struggling) (success_ratio = 1.000, threshold = 0.500)"},"filename":"D:\\a\\xet-core\\xet-core\\xet_client\\src\\cas_client\\adaptive_concurrency\\controller.rs","line_number":581}
{"timestamp":"2026-07-31T15:11:48.700571Z","level":"INFO","fields":{"message":"Concurrency control for download: Decreased concurrency from 39 to 38; reason: success ratio below threshold (connection struggling) (success_ratio = 1.000, threshold = 0.500)"},"filename":"D:\\a\\xet-core\\xet-core\\xet_client\\src\\cas_client\\adaptive_concurrency\\controller.rs","line_number":581}
{"timestamp":"2026-07-31T15:11:49.238902Z","level":"INFO","fields":{"message":"Concurrency control for download: Decreased concurrency from 38 to 37; reason: success ratio below threshold (connection struggling) (success_ratio = 1.000, threshold = 0.500)"},"filename":"D:\\a\\xet-core\\xet-core\\xet_client\\src\\cas_client\\adaptive_concurrency\\controller.rs","line_number":581}
{"timestamp":"2026-07-31T15:11:49.238922Z","level":"INFO","fields":{"message":"Concurrency control for download: Current concurrency = 37; predicted bandwidth = 530928; success_ratio = 1.000; reference_size = 2.6MB; observed bytes sent so far = 176659244; completed transmissions = 148"},"filename":"D:\\a\\xet-core\\xet-core\\xet_client\\src\\cas_client\\adaptive_concurrency\\controller.rs","line_number":597}
{"timestamp":"2026-07-31T15:11:49.811830Z","level":"INFO","fields":{"message":"Concurrency control for download: Decreased concurrency from 37 to 36; reason: success ratio below threshold (connection struggling) (success_ratio = 1.000, threshold = 0.500)"},"filename":"D:\\a\\xet-core\\xet-core\\xet_client\\src\\cas_client\\adaptive_concurrency\\controller.rs","line_number":581}
{"timestamp":"2026-07-31T15:11:50.323564Z","level":"INFO","fields":{"message":"Concurrency control for download: Decreased concurrency from 36 to 35; reason: success ratio below threshold (connection struggling) (success_ratio = 1.000, threshold = 0.500)"},"filename":"D:\\a\\xet-core\\xet-core\\xet_client\\src\\cas_client\\adaptive_concurrency\\controller.rs","line_number":581}
{"timestamp":"2026-07-31T15:11:50.868348Z","level":"INFO","fields":{"message":"Concurrency control for download: Decreased concurrency from 35 to 34; reason: success ratio below threshold (connection struggling) (success_ratio = 1.000, threshold = 0.500)"},"filename":"D:\\a\\xet-core\\xet-core\\xet_client\\src\\cas_client\\adaptive_concurrency\\controller.rs","line_number":581}
{"timestamp":"2026-07-31T15:11:51.485209Z","level":"INFO","fields":{"message":"Concurrency control for download: Decreased concurrency from 34 to 33; reason: success ratio below threshold (connection struggling) (success_ratio = 1.000, threshold = 0.500)"},"filename":"D:\\a\\xet-core\\xet-core\\xet_client\\src\\cas_client\\adaptive_concurrency\\controller.rs","line_number":581}
{"timestamp":"2026-07-31T15:11:52.022049Z","level":"INFO","fields":{"message":"Concurrency control for download: Decreased concurrency from 33 to 32; reason: success ratio below threshold (connection struggling) (success_ratio = 1.000, threshold = 0.500)"},"filename":"D:\\a\\xet-core\\xet-core\\xet_client\\src\\cas_client\\adaptive_concurrency\\controller.rs","line_number":581}
{"timestamp":"2026-07-31T15:11:52.790702Z","level":"INFO","fields":{"message":"Concurrency control for download: Decreased concurrency from 32 to 31; reason: success ratio below threshold (connection struggling) (success_ratio = 1.000, threshold = 0.500)"},"filename":"D:\\a\\xet-core\\xet-core\\xet_client\\src\\cas_client\\adaptive_concurrency\\controller.rs","line_number":581}
{"timestamp":"2026-07-31T15:11:53.341947Z","level":"INFO","fields":{"message":"Concurrency control for download: Decreased concurrency from 31 to 30; reason: success ratio below threshold (connection struggling) (success_ratio = 1.000, threshold = 0.500)"},"filename":"D:\\a\\xet-core\\xet-core\\xet_client\\src\\cas_client\\adaptive_concurrency\\controller.rs","line_number":581}
{"timestamp":"2026-07-31T15:11:53.896688Z","level":"INFO","fields":{"message":"Concurrency control for download: Decreased concurrency from 30 to 29; reason: success ratio below threshold (connection struggling) (success_ratio = 1.000, threshold = 0.500)"},"filename":"D:\\a\\xet-core\\xet-core\\xet_client\\src\\cas_client\\adaptive_concurrency\\controller.rs","line_number":581}
{"timestamp":"2026-07-31T15:11:54.412291Z","level":"INFO","fields":{"message":"Concurrency control for download: Decreased concurrency from 29 to 28; reason: success ratio below threshold (connection struggling) (success_ratio = 1.000, threshold = 0.500)"},"filename":"D:\\a\\xet-core\\xet-core\\xet_client\\src\\cas_client\\adaptive_concurrency\\controller.rs","line_number":581}
{"timestamp":"2026-07-31T15:11:54.969631Z","level":"INFO","fields":{"message":"Concurrency control for download: Decreased concurrency from 28 to 27; reason: success ratio below threshold (connection struggling) (success_ratio = 1.000, threshold = 0.500)"},"filename":"D:\\a\\xet-core\\xet-core\\xet_client\\src\\cas_client\\adaptive_concurrency\\controller.rs","line_number":581}
{"timestamp":"2026-07-31T15:11:55.616071Z","level":"INFO","fields":{"message":"Concurrency control for download: Decreased concurrency from 27 to 26; reason: success ratio below threshold (connection struggling) (success_ratio = 1.000, threshold = 0.500)"},"filename":"D:\\a\\xet-core\\xet-core\\xet_client\\src\\cas_client\\adaptive_concurrency\\controller.rs","line_number":581}
{"timestamp":"2026-07-31T15:11:56.147265Z","level":"INFO","fields":{"message":"Concurrency control for download: Decreased concurrency from 26 to 25; reason: success ratio below threshold (connection struggling) (success_ratio = 1.000, threshold = 0.500)"},"filename":"D:\\a\\xet-core\\xet-core\\xet_client\\src\\cas_client\\adaptive_concurrency\\controller.rs","line_number":581}
{"timestamp":"2026-07-31T15:11:56.809785Z","level":"INFO","fields":{"message":"Concurrency control for download: Decreased concurrency from 25 to 24; reason: success ratio below threshold (connection struggling) (success_ratio = 1.000, threshold = 0.500)"},"filename":"D:\\a\\xet-core\\xet-core\\xet_client\\src\\cas_client\\adaptive_concurrency\\controller.rs","line_number":581}
{"timestamp":"2026-07-31T15:11:57.423871Z","level":"INFO","fields":{"message":"Concurrency control for download: Decreased concurrency from 24 to 23; reason: success ratio below threshold (connection struggling) (success_ratio = 1.000, threshold = 0.500)"},"filename":"D:\\a\\xet-core\\xet-core\\xet_client\\src\\cas_client\\adaptive_concurrency\\controller.rs","line_number":581}
{"timestamp":"2026-07-31T15:11:57.937252Z","level":"INFO","fields":{"message":"Concurrency control for download: Decreased concurrency from 23 to 22; reason: success ratio below threshold (connection struggling) (success_ratio = 1.000, threshold = 0.500)"},"filename":"D:\\a\\xet-core\\xet-core\\xet_client\\src\\cas_client\\adaptive_concurrency\\controller.rs","line_number":581}
{"timestamp":"2026-07-31T15:11:58.606386Z","level":"INFO","fields":{"message":"Concurrency control for download: Increased concurrency from 22 to 23; reason: success ratio 1.000 is above threshold 0.800 and predicted RTT for 2MB at new concurrency is 59.82s < target 60.0s"},"filename":"D:\\a\\xet-core\\xet-core\\xet_client\\src\\cas_client\\adaptive_concurrency\\controller.rs","line_number":543}
{"timestamp":"2026-07-31T15:11:59.114749Z","level":"INFO","fields":{"message":"Concurrency control for download: Decreased concurrency from 23 to 22; reason: success ratio below threshold (connection struggling) (success_ratio = 1.000, threshold = 0.500)"},"filename":"D:\\a\\xet-core\\xet-core\\xet_client\\src\\cas_client\\adaptive_concurrency\\controller.rs","line_number":581}
{"timestamp":"2026-07-31T15:11:59.342692Z","level":"INFO","fields":{"message":"Concurrency control for download: Current concurrency = 22; predicted bandwidth = 316222; success_ratio = 1.000; reference_size = 2.6MB; observed bytes sent so far = 188471386; completed transmissions = 148"},"filename":"D:\\a\\xet-core\\xet-core\\xet_client\\src\\cas_client\\adaptive_concurrency\\controller.rs","line_number":597}
{"timestamp":"2026-07-31T15:12:00.178152Z","level":"INFO","fields":{"message":"Concurrency control for download: Decreased concurrency from 22 to 21; reason: success ratio below threshold (connection struggling) (success_ratio = 1.000, threshold = 0.500)"},"filename":"D:\\a\\xet-core\\xet-core\\xet_client\\src\\cas_client\\adaptive_concurrency\\controller.rs","line_number":581}
{"timestamp":"2026-07-31T15:12:00.723130Z","level":"INFO","fields":{"message":"Concurrency control for download: Decreased concurrency from 21 to 20; reason: success ratio below threshold (connection struggling) (success_ratio = 1.000, threshold = 0.500)"},"filename":"D:\\a\\xet-core\\xet-core\\xet_client\\src\\cas_client\\adaptive_concurrency\\controller.rs","line_number":581}
{"timestamp":"2026-07-31T15:12:01.248446Z","level":"INFO","fields":{"message":"Concurrency control for download: Increased concurrency from 20 to 21; reason: success ratio 1.000 is above threshold 0.800 and predicted RTT for 2MB at new concurrency is 58.58s < target 60.0s"},"filename":"D:\\a\\xet-core\\xet-core\\xet_client\\src\\cas_client\\adaptive_concurrency\\controller.rs","line_number":543}
{"timestamp":"2026-07-31T15:12:01.932821Z","level":"INFO","fields":{"message":"Concurrency control for download: Decreased concurrency from 21 to 20; reason: success ratio below threshold (connection struggling) (success_ratio = 1.000, threshold = 0.500)"},"filename":"D:\\a\\xet-core\\xet-core\\xet_client\\src\\cas_client\\adaptive_concurrency\\controller.rs","line_number":581}
{"timestamp":"2026-07-31T15:12:02.439411Z","level":"INFO","fields":{"message":"Concurrency control for download: Increased concurrency from 20 to 21; reason: success ratio 1.000 is above threshold 0.800 and predicted RTT for 2MB at new concurrency is 59.71s < target 60.0s"},"filename":"D:\\a\\xet-core\\xet-core\\xet_client\\src\\cas_client\\adaptive_concurrency\\controller.rs","line_number":543}
{"timestamp":"2026-07-31T15:12:02.976761Z","level":"INFO","fields":{"message":"Concurrency control for download: Decreased concurrency from 21 to 20; reason: success ratio below threshold (connection struggling) (success_ratio = 1.000, threshold = 0.500)"},"filename":"D:\\a\\xet-core\\xet-core\\xet_client\\src\\cas_client\\adaptive_concurrency\\controller.rs","line_number":581}
{"timestamp":"2026-07-31T15:12:03.652014Z","level":"INFO","fields":{"message":"Concurrency control for download: Decreased concurrency from 20 to 19; reason: success ratio below threshold (connection struggling) (success_ratio = 1.000, threshold = 0.500)"},"filename":"D:\\a\\xet-core\\xet-core\\xet_client\\src\\cas_client\\adaptive_concurrency\\controller.rs","line_number":581}
{"timestamp":"2026-07-31T15:12:04.197141Z","level":"INFO","fields":{"message":"Concurrency control for download: Increased concurrency from 19 to 20; reason: success ratio 1.000 is above threshold 0.800 and predicted RTT for 2MB at new concurrency is 59.22s < target 60.0s"},"filename":"D:\\a\\xet-core\\xet-core\\xet_client\\src\\cas_client\\adaptive_concurrency\\controller.rs","line_number":543}
{"timestamp":"2026-07-31T15:12:04.726303Z","level":"INFO","fields":{"message":"Concurrency control for download: Increased concurrency from 20 to 21; reason: success ratio 1.000 is above threshold 0.800 and predicted RTT for 2MB at new concurrency is 59.20s < target 60.0s"},"filename":"D:\\a\\xet-core\\xet-core\\xet_client\\src\\cas_client\\adaptive_concurrency\\controller.rs","line_number":543}
{"timestamp":"2026-07-31T15:12:05.247470Z","level":"INFO","fields":{"message":"Concurrency control for download: Decreased concurrency from 21 to 20; reason: success ratio below threshold (connection struggling) (success_ratio = 1.000, threshold = 0.500)"},"filename":"D:\\a\\xet-core\\xet-core\\xet_client\\src\\cas_client\\adaptive_concurrency\\controller.rs","line_number":581}
{"timestamp":"2026-07-31T15:12:05.786761Z","level":"INFO","fields":{"message":"Concurrency control for download: Decreased concurrency from 20 to 19; reason: success ratio below threshold (connection struggling) (success_ratio = 1.000, threshold = 0.500)"},"filename":"D:\\a\\xet-core\\xet-core\\xet_client\\src\\cas_client\\adaptive_concurrency\\controller.rs","line_number":581}
{"timestamp":"2026-07-31T15:12:06.300297Z","level":"INFO","fields":{"message":"Concurrency control for download: Increased concurrency from 19 to 20; reason: success ratio 1.000 is above threshold 0.800 and predicted RTT for 2MB at new concurrency is 59.52s < target 60.0s"},"filename":"D:\\a\\xet-core\\xet-core\\xet_client\\src\\cas_client\\adaptive_concurrency\\controller.rs","line_number":543}
{"timestamp":"2026-07-31T15:12:06.855452Z","level":"INFO","fields":{"message":"Concurrency control for download: Decreased concurrency from 20 to 19; reason: success ratio below threshold (connection struggling) (success_ratio = 1.000, threshold = 0.500)"},"filename":"D:\\a\\xet-core\\xet-core\\xet_client\\src\\cas_client\\adaptive_concurrency\\controller.rs","line_number":581}
{"timestamp":"2026-07-31T15:12:07.367245Z","level":"INFO","fields":{"message":"Concurrency control for download: Increased concurrency from 19 to 20; reason: success ratio 1.000 is above threshold 0.800 and predicted RTT for 2MB at new concurrency is 58.92s < target 60.0s"},"filename":"D:\\a\\xet-core\\xet-core\\xet_client\\src\\cas_client\\adaptive_concurrency\\controller.rs","line_number":543}
{"timestamp":"2026-07-31T15:12:08.018287Z","level":"INFO","fields":{"message":"Concurrency control for download: Decreased concurrency from 20 to 19; reason: success ratio below threshold (connection struggling) (success_ratio = 1.000, threshold = 0.500)"},"filename":"D:\\a\\xet-core\\xet-core\\xet_client\\src\\cas_client\\adaptive_concurrency\\controller.rs","line_number":581}
{"timestamp":"2026-07-31T15:12:08.565365Z","level":"INFO","fields":{"message":"Concurrency control for download: Increased concurrency from 19 to 20; reason: success ratio 1.000 is above threshold 0.800 and predicted RTT for 2MB at new concurrency is 59.93s < target 60.0s"},"filename":"D:\\a\\xet-core\\xet-core\\xet_client\\src\\cas_client\\adaptive_concurrency\\controller.rs","line_number":543}
{"timestamp":"2026-07-31T15:12:09.227920Z","level":"INFO","fields":{"message":"Concurrency control for download: Decreased concurrency from 20 to 19; reason: success ratio below threshold (connection struggling) (success_ratio = 1.000, threshold = 0.500)"},"filename":"D:\\a\\xet-core\\xet-core\\xet_client\\src\\cas_client\\adaptive_concurrency\\controller.rs","line_number":581}
{"timestamp":"2026-07-31T15:12:09.353108Z","level":"INFO","fields":{"message":"Concurrency control for download: Current concurrency = 19; predicted bandwidth = 269376; success_ratio = 1.000; reference_size = 2.6MB; observed bytes sent so far = 197187674; completed transmissions = 148"},"filename":"D:\\a\\xet-core\\xet-core\\xet_client\\src\\cas_client\\adaptive_concurrency\\controller.rs","line_number":597}
{"timestamp":"2026-07-31T15:12:09.777145Z","level":"INFO","fields":{"message":"Concurrency control for download: Decreased concurrency from 19 to 18; reason: success ratio below threshold (connection struggling) (success_ratio = 1.000, threshold = 0.500)"},"filename":"D:\\a\\xet-core\\xet-core\\xet_client\\src\\cas_client\\adaptive_concurrency\\controller.rs","line_number":581}
{"timestamp":"2026-07-31T15:12:10.305893Z","level":"INFO","fields":{"message":"Concurrency control for download: Increased concurrency from 18 to 19; reason: success ratio 1.000 is above threshold 0.800 and predicted RTT for 2MB at new concurrency is 59.37s < target 60.0s"},"filename":"D:\\a\\xet-core\\xet-core\\xet_client\\src\\cas_client\\adaptive_concurrency\\controller.rs","line_number":543}
{"timestamp":"2026-07-31T15:12:10.918395Z","level":"INFO","fields":{"message":"Concurrency control for download: Decreased concurrency from 19 to 18; reason: success ratio below threshold (connection struggling) (success_ratio = 1.000, threshold = 0.500)"},"filename":"D:\\a\\xet-core\\xet-core\\xet_client\\src\\cas_client\\adaptive_concurrency\\controller.rs","line_number":581}
{"timestamp":"2026-07-31T15:12:11.429373Z","level":"INFO","fields":{"message":"Concurrency control for download: Decreased concurrency from 18 to 17; reason: success ratio below threshold (connection struggling) (success_ratio = 1.000, threshold = 0.500)"},"filename":"D:\\a\\xet-core\\xet-core\\xet_client\\src\\cas_client\\adaptive_concurrency\\controller.rs","line_number":581}
{"timestamp":"2026-07-31T15:12:12.027106Z","level":"INFO","fields":{"message":"Concurrency control for download: Decreased concurrency from 17 to 16; reason: success ratio below threshold (connection struggling) (success_ratio = 1.000, threshold = 0.500)"},"filename":"D:\\a\\xet-core\\xet-core\\xet_client\\src\\cas_client\\adaptive_concurrency\\controller.rs","line_number":581}
{"timestamp":"2026-07-31T15:12:12.544624Z","level":"INFO","fields":{"message":"Concurrency control for download: Increased concurrency from 16 to 17; reason: success ratio 1.000 is above threshold 0.800 and predicted RTT for 2MB at new concurrency is 59.82s < target 60.0s"},"filename":"D:\\a\\xet-core\\xet-core\\xet_client\\src\\cas_client\\adaptive_concurrency\\controller.rs","line_number":543}
{"timestamp":"2026-07-31T15:12:13.114774Z","level":"INFO","fields":{"message":"Concurrency control for download: Decreased concurrency from 17 to 16; reason: success ratio below threshold (connection struggling) (success_ratio = 1.000, threshold = 0.500)"},"filename":"D:\\a\\xet-core\\xet-core\\xet_client\\src\\cas_client\\adaptive_concurrency\\controller.rs","line_number":581}
{"timestamp":"2026-07-31T15:12:13.644740Z","level":"INFO","fields":{"message":"Concurrency control for download: Increased concurrency from 16 to 17; reason: success ratio 1.000 is above threshold 0.800 and predicted RTT for 2MB at new concurrency is 59.89s < target 60.0s"},"filename":"D:\\a\\xet-core\\xet-core\\xet_client\\src\\cas_client\\adaptive_concurrency\\controller.rs","line_number":543}
{"timestamp":"2026-07-31T15:12:14.148134Z","level":"INFO","fields":{"message":"Concurrency control for download: Decreased concurrency from 17 to 16; reason: success ratio below threshold (connection struggling) (success_ratio = 1.000, threshold = 0.500)"},"filename":"D:\\a\\xet-core\\xet-core\\xet_client\\src\\cas_client\\adaptive_concurrency\\controller.rs","line_number":581}
{"timestamp":"2026-07-31T15:12:14.762595Z","level":"INFO","fields":{"message":"Concurrency control for download: Decreased concurrency from 16 to 15; reason: success ratio below threshold (connection struggling) (success_ratio = 1.000, threshold = 0.500)"},"filename":"D:\\a\\xet-core\\xet-core\\xet_client\\src\\cas_client\\adaptive_concurrency\\controller.rs","line_number":581}
{"timestamp":"2026-07-31T15:12:15.264659Z","level":"INFO","fields":{"message":"Concurrency control for download: Increased concurrency from 15 to 16; reason: success ratio 1.000 is above threshold 0.800 and predicted RTT for 2MB at new concurrency is 59.88s < target 60.0s"},"filename":"D:\\a\\xet-core\\xet-core\\xet_client\\src\\cas_client\\adaptive_concurrency\\controller.rs","line_number":543}
{"timestamp":"2026-07-31T15:12:15.784347Z","level":"INFO","fields":{"message":"Concurrency control for download: Decreased concurrency from 16 to 15; reason: success ratio below threshold (connection struggling) (success_ratio = 1.000, threshold = 0.500)"},"filename":"D:\\a\\xet-core\\xet-core\\xet_client\\src\\cas_client\\adaptive_concurrency\\controller.rs","line_number":581}
{"timestamp":"2026-07-31T15:12:16.340695Z","level":"INFO","fields":{"message":"Concurrency control for download: Decreased concurrency from 15 to 14; reason: success ratio below threshold (connection struggling) (success_ratio = 1.000, threshold = 0.500)"},"filename":"D:\\a\\xet-core\\xet-core\\xet_client\\src\\cas_client\\adaptive_concurrency\\controller.rs","line_number":581}
{"timestamp":"2026-07-31T15:12:16.878368Z","level":"INFO","fields":{"message":"Concurrency control for download: Increased concurrency from 14 to 15; reason: success ratio 1.000 is above threshold 0.800 and predicted RTT for 2MB at new concurrency is 59.88s < target 60.0s"},"filename":"D:\\a\\xet-core\\xet-core\\xet_client\\src\\cas_client\\adaptive_concurrency\\controller.rs","line_number":543}
{"timestamp":"2026-07-31T15:12:17.380659Z","level":"INFO","fields":{"message":"Concurrency control for download: Decreased concurrency from 15 to 14; reason: success ratio below threshold (connection struggling) (success_ratio = 1.000, threshold = 0.500)"},"filename":"D:\\a\\xet-core\\xet-core\\xet_client\\src\\cas_client\\adaptive_concurrency\\controller.rs","line_number":581}
{"timestamp":"2026-07-31T15:12:17.895980Z","level":"INFO","fields":{"message":"Concurrency control for download: Decreased concurrency from 14 to 13; reason: success ratio below threshold (connection struggling) (success_ratio = 1.000, threshold = 0.500)"},"filename":"D:\\a\\xet-core\\xet-core\\xet_client\\src\\cas_client\\adaptive_concurrency\\controller.rs","line_number":581}
{"timestamp":"2026-07-31T15:12:18.417940Z","level":"INFO","fields":{"message":"Concurrency control for download: Decreased concurrency from 13 to 12; reason: success ratio below threshold (connection struggling) (success_ratio = 1.000, threshold = 0.500)"},"filename":"D:\\a\\xet-core\\xet-core\\xet_client\\src\\cas_client\\adaptive_concurrency\\controller.rs","line_number":581}
{"timestamp":"2026-07-31T15:12:19.006469Z","level":"INFO","fields":{"message":"Concurrency control for download: Increased concurrency from 12 to 13; reason: success ratio 1.000 is above threshold 0.800 and predicted RTT for 2MB at new concurrency is 59.02s < target 60.0s"},"filename":"D:\\a\\xet-core\\xet-core\\xet_client\\src\\cas_client\\adaptive_concurrency\\controller.rs","line_number":543}
{"timestamp":"2026-07-31T15:12:19.356555Z","level":"INFO","fields":{"message":"Concurrency control for download: Current concurrency = 13; predicted bandwidth = 221039; success_ratio = 1.000; reference_size = 2.6MB; observed bytes sent so far = 205264986; completed transmissions = 148"},"filename":"D:\\a\\xet-core\\xet-core\\xet_client\\src\\cas_client\\adaptive_concurrency\\controller.rs","line_number":597}
{"timestamp":"2026-07-31T15:12:19.638152Z","level":"INFO","fields":{"message":"Concurrency control for download: Decreased concurrency from 13 to 12; reason: success ratio below threshold (connection struggling) (success_ratio = 1.000, threshold = 0.500)"},"filename":"D:\\a\\xet-core\\xet-core\\xet_client\\src\\cas_client\\adaptive_concurrency\\controller.rs","line_number":581}
{"timestamp":"2026-07-31T15:12:20.159008Z","level":"INFO","fields":{"message":"Concurrency control for download: Increased concurrency from 12 to 13; reason: success ratio 1.000 is above threshold 0.800 and predicted RTT for 2MB at new concurrency is 59.83s < target 60.0s"},"filename":"D:\\a\\xet-core\\xet-core\\xet_client\\src\\cas_client\\adaptive_concurrency\\controller.rs","line_number":543}
{"timestamp":"2026-07-31T15:12:20.668568Z","level":"INFO","fields":{"message":"Concurrency control for download: Decreased concurrency from 13 to 12; reason: success ratio below threshold (connection struggling) (success_ratio = 1.000, threshold = 0.500)"},"filename":"D:\\a\\xet-core\\xet-core\\xet_client\\src\\cas_client\\adaptive_concurrency\\controller.rs","line_number":581}
{"timestamp":"2026-07-31T15:12:21.205232Z","level":"INFO","fields":{"message":"Concurrency control for download: Decreased concurrency from 12 to 11; reason: success ratio below threshold (connection struggling) (success_ratio = 1.000, threshold = 0.500)"},"filename":"D:\\a\\xet-core\\xet-core\\xet_client\\src\\cas_client\\adaptive_concurrency\\controller.rs","line_number":581}
{"timestamp":"2026-07-31T15:12:21.719904Z","level":"INFO","fields":{"message":"Concurrency control for download: Increased concurrency from 11 to 12; reason: success ratio 1.000 is above threshold 0.800 and predicted RTT for 2MB at new concurrency is 59.89s < target 60.0s"},"filename":"D:\\a\\xet-core\\xet-core\\xet_client\\src\\cas_client\\adaptive_concurrency\\controller.rs","line_number":543}
{"timestamp":"2026-07-31T15:12:22.365217Z","level":"INFO","fields":{"message":"Concurrency control for download: Decreased concurrency from 12 to 11; reason: success ratio below threshold (connection struggling) (success_ratio = 1.000, threshold = 0.500)"},"filename":"D:\\a\\xet-core\\xet-core\\xet_client\\src\\cas_client\\adaptive_concurrency\\controller.rs","line_number":581}
{"timestamp":"2026-07-31T15:12:22.916286Z","level":"INFO","fields":{"message":"Concurrency control for download: Decreased concurrency from 11 to 10; reason: success ratio below threshold (connection struggling) (success_ratio = 1.000, threshold = 0.500)"},"filename":"D:\\a\\xet-core\\xet-core\\xet_client\\src\\cas_client\\adaptive_concurrency\\controller.rs","line_number":581}
{"timestamp":"2026-07-31T15:12:23.418781Z","level":"INFO","fields":{"message":"Concurrency control for download: Increased concurrency from 10 to 11; reason: success ratio 1.000 is above threshold 0.800 and predicted RTT for 2MB at new concurrency is 59.92s < target 60.0s"},"filename":"D:\\a\\xet-core\\xet-core\\xet_client\\src\\cas_client\\adaptive_concurrency\\controller.rs","line_number":543}
{"timestamp":"2026-07-31T15:12:24.029427Z","level":"INFO","fields":{"message":"Concurrency control for download: Decreased concurrency from 11 to 10; reason: success ratio below threshold (connection struggling) (success_ratio = 1.000, threshold = 0.500)"},"filename":"D:\\a\\xet-core\\xet-core\\xet_client\\src\\cas_client\\adaptive_concurrency\\controller.rs","line_number":581}
{"timestamp":"2026-07-31T15:12:24.588061Z","level":"INFO","fields":{"message":"Concurrency control for download: Decreased concurrency from 10 to 9; reason: success ratio below threshold (connection struggling) (success_ratio = 1.000, threshold = 0.500)"},"filename":"D:\\a\\xet-core\\xet-core\\xet_client\\src\\cas_client\\adaptive_concurrency\\controller.rs","line_number":581}
{"timestamp":"2026-07-31T15:12:25.096848Z","level":"INFO","fields":{"message":"Concurrency control for download: Increased concurrency from 9 to 10; reason: success ratio 1.000 is above threshold 0.800 and predicted RTT for 2MB at new concurrency is 59.84s < target 60.0s"},"filename":"D:\\a\\xet-core\\xet-core\\xet_client\\src\\cas_client\\adaptive_concurrency\\controller.rs","line_number":543}
{"timestamp":"2026-07-31T15:12:25.755112Z","level":"INFO","fields":{"message":"Concurrency control for download: Decreased concurrency from 10 to 9; reason: success ratio below threshold (connection struggling) (success_ratio = 1.000, threshold = 0.500)"},"filename":"D:\\a\\xet-core\\xet-core\\xet_client\\src\\cas_client\\adaptive_concurrency\\controller.rs","line_number":581}
{"timestamp":"2026-07-31T15:12:26.361323Z","level":"INFO","fields":{"message":"Concurrency control for download: Decreased concurrency from 9 to 8; reason: success ratio below threshold (connection struggling) (success_ratio = 1.000, threshold = 0.500)"},"filename":"D:\\a\\xet-core\\xet-core\\xet_client\\src\\cas_client\\adaptive_concurrency\\controller.rs","line_number":581}
{"timestamp":"2026-07-31T15:12:26.865578Z","level":"INFO","fields":{"message":"Concurrency control for download: Decreased concurrency from 8 to 7; reason: success ratio below threshold (connection struggling) (success_ratio = 1.000, threshold = 0.500)"},"filename":"D:\\a\\xet-core\\xet-core\\xet_client\\src\\cas_client\\adaptive_concurrency\\controller.rs","line_number":581}
{"timestamp":"2026-07-31T15:12:27.428825Z","level":"INFO","fields":{"message":"Concurrency control for download: Increased concurrency from 7 to 8; reason: success ratio 1.000 is above threshold 0.800 and predicted RTT for 2MB at new concurrency is 58.55s < target 60.0s"},"filename":"D:\\a\\xet-core\\xet-core\\xet_client\\src\\cas_client\\adaptive_concurrency\\controller.rs","line_number":543}
{"timestamp":"2026-07-31T15:12:27.992869Z","level":"INFO","fields":{"message":"Concurrency control for download: Decreased concurrency from 8 to 7; reason: success ratio below threshold (connection struggling) (success_ratio = 1.000, threshold = 0.500)"},"filename":"D:\\a\\xet-core\\xet-core\\xet_client\\src\\cas_client\\adaptive_concurrency\\controller.rs","line_number":581}
{"timestamp":"2026-07-31T15:12:28.537894Z","level":"INFO","fields":{"message":"Concurrency control for download: Decreased concurrency from 7 to 6; reason: success ratio below threshold (connection struggling) (success_ratio = 1.000, threshold = 0.500)"},"filename":"D:\\a\\xet-core\\xet-core\\xet_client\\src\\cas_client\\adaptive_concurrency\\controller.rs","line_number":581}
{"timestamp":"2026-07-31T15:12:29.041871Z","level":"INFO","fields":{"message":"Concurrency control for download: Increased concurrency from 6 to 7; reason: success ratio 1.000 is above threshold 0.800 and predicted RTT for 2MB at new concurrency is 58.37s < target 60.0s"},"filename":"D:\\a\\xet-core\\xet-core\\xet_client\\src\\cas_client\\adaptive_concurrency\\controller.rs","line_number":543}
{"timestamp":"2026-07-31T15:12:29.489642Z","level":"INFO","fields":{"message":"Concurrency control for download: Current concurrency = 7; predicted bandwidth = 198295; success_ratio = 1.000; reference_size = 2.9MB; observed bytes sent so far = 214030006; completed transmissions = 149"},"filename":"D:\\a\\xet-core\\xet-core\\xet_client\\src\\cas_client\\adaptive_concurrency\\controller.rs","line_number":597}
{"timestamp":"2026-07-31T15:12:29.594072Z","level":"INFO","fields":{"message":"Concurrency control for download: Increased concurrency from 7 to 8; reason: success ratio 1.000 is above threshold 0.800 and predicted RTT for 2MB at new concurrency is 59.69s < target 60.0s"},"filename":"D:\\a\\xet-core\\xet-core\\xet_client\\src\\cas_client\\adaptive_concurrency\\controller.rs","line_number":543}
{"timestamp":"2026-07-31T15:12:30.135142Z","level":"INFO","fields":{"message":"Concurrency control for download: Decreased concurrency from 8 to 7; reason: success ratio below threshold (connection struggling) (success_ratio = 1.000, threshold = 0.500)"},"filename":"D:\\a\\xet-core\\xet-core\\xet_client\\src\\cas_client\\adaptive_concurrency\\controller.rs","line_number":581}
{"timestamp":"2026-07-31T15:12:30.695626Z","level":"INFO","fields":{"message":"Concurrency control for download: Decreased concurrency from 7 to 6; reason: success ratio below threshold (connection struggling) (success_ratio = 1.000, threshold = 0.500)"},"filename":"D:\\a\\xet-core\\xet-core\\xet_client\\src\\cas_client\\adaptive_concurrency\\controller.rs","line_number":581}
{"timestamp":"2026-07-31T15:12:31.195668Z","level":"INFO","fields":{"message":"Concurrency control for download: Increased concurrency from 6 to 7; reason: success ratio 1.000 is above threshold 0.800 and predicted RTT for 2MB at new concurrency is 59.26s < target 60.0s"},"filename":"D:\\a\\xet-core\\xet-core\\xet_client\\src\\cas_client\\adaptive_concurrency\\controller.rs","line_number":543}
{"timestamp":"2026-07-31T15:12:31.797938Z","level":"INFO","fields":{"message":"Concurrency control for download: Decreased concurrency from 7 to 6; reason: success ratio below threshold (connection struggling) (success_ratio = 1.000, threshold = 0.500)"},"filename":"D:\\a\\xet-core\\xet-core\\xet_client\\src\\cas_client\\adaptive_concurrency\\controller.rs","line_number":581}
{"timestamp":"2026-07-31T15:12:32.398668Z","level":"INFO","fields":{"message":"Concurrency control for download: Decreased concurrency from 6 to 5; reason: success ratio below threshold (connection struggling) (success_ratio = 1.000, threshold = 0.500)"},"filename":"D:\\a\\xet-core\\xet-core\\xet_client\\src\\cas_client\\adaptive_concurrency\\controller.rs","line_number":581}
{"timestamp":"2026-07-31T15:12:32.962406Z","level":"INFO","fields":{"message":"Concurrency control for download: Decreased concurrency from 5 to 4; reason: success ratio below threshold (connection struggling) (success_ratio = 1.000, threshold = 0.500)"},"filename":"D:\\a\\xet-core\\xet-core\\xet_client\\src\\cas_client\\adaptive_concurrency\\controller.rs","line_number":581}
{"timestamp":"2026-07-31T15:12:33.493241Z","level":"INFO","fields":{"message":"Concurrency control for download: Decreased concurrency from 4 to 3; reason: success ratio below threshold (connection struggling) (success_ratio = 1.000, threshold = 0.500)"},"filename":"D:\\a\\xet-core\\xet-core\\xet_client\\src\\cas_client\\adaptive_concurrency\\controller.rs","line_number":581}
{"timestamp":"2026-07-31T15:12:34.007159Z","level":"INFO","fields":{"message":"Concurrency control for download: Decreased concurrency from 3 to 2; reason: success ratio below threshold (connection struggling) (success_ratio = 1.000, threshold = 0.500)"},"filename":"D:\\a\\xet-core\\xet-core\\xet_client\\src\\cas_client\\adaptive_concurrency\\controller.rs","line_number":581}
{"timestamp":"2026-07-31T15:12:34.538206Z","level":"INFO","fields":{"message":"Concurrency control for download: Decreased concurrency from 2 to 1; reason: success ratio below threshold (connection struggling) (success_ratio = 1.000, threshold = 0.500)"},"filename":"D:\\a\\xet-core\\xet-core\\xet_client\\src\\cas_client\\adaptive_concurrency\\controller.rs","line_number":581}
{"timestamp":"2026-07-31T15:12:35.064770Z","level":"INFO","fields":{"message":"Concurrency control for download: Increased concurrency from 1 to 2; reason: success ratio 1.000 is above threshold 0.800 and predicted RTT for 2MB at new concurrency is 59.91s < target 60.0s"},"filename":"D:\\a\\xet-core\\xet-core\\xet_client\\src\\cas_client\\adaptive_concurrency\\controller.rs","line_number":543}
{"timestamp":"2026-07-31T15:12:35.597120Z","level":"INFO","fields":{"message":"Concurrency control for download: Decreased concurrency from 2 to 1; reason: success ratio below threshold (connection struggling) (success_ratio = 1.000, threshold = 0.500)"},"filename":"D:\\a\\xet-core\\xet-core\\xet_client\\src\\cas_client\\adaptive_concurrency\\controller.rs","line_number":581}
{"timestamp":"2026-07-31T15:12:36.109353Z","level":"INFO","fields":{"message":"Concurrency control for download: Decreased concurrency from 1 to 1; reason: success ratio below threshold (connection struggling) (success_ratio = 1.000, threshold = 0.500)"},"filename":"D:\\a\\xet-core\\xet-core\\xet_client\\src\\cas_client\\adaptive_concurrency\\controller.rs","line_number":581}
{"timestamp":"2026-07-31T15:12:36.867498Z","level":"INFO","fields":{"message":"Concurrency control for download: Decreased concurrency from 1 to 1; reason: success ratio below threshold (connection struggling) (success_ratio = 1.000, threshold = 0.500)"},"filename":"D:\\a\\xet-core\\xet-core\\xet_client\\src\\cas_client\\adaptive_concurrency\\controller.rs","line_number":581}
{"timestamp":"2026-07-31T15:12:37.682274Z","level":"INFO","fields":{"message":"Concurrency control for download: Decreased concurrency from 1 to 1; reason: success ratio below threshold (connection struggling) (success_ratio = 1.000, threshold = 0.500)"},"filename":"D:\\a\\xet-core\\xet-core\\xet_client\\src\\cas_client\\adaptive_concurrency\\controller.rs","line_number":581}
{"timestamp":"2026-07-31T15:12:38.332974Z","level":"INFO","fields":{"message":"Concurrency control for download: Decreased concurrency from 1 to 1; reason: success ratio below threshold (connection struggling) (success_ratio = 1.000, threshold = 0.500)"},"filename":"D:\\a\\xet-core\\xet-core\\xet_client\\src\\cas_client\\adaptive_concurrency\\controller.rs","line_number":581}
{"timestamp":"2026-07-31T15:12:38.865189Z","level":"INFO","fields":{"message":"Concurrency control for download: Decreased concurrency from 1 to 1; reason: success ratio below threshold (connection struggling) (success_ratio = 1.000, threshold = 0.500)"},"filename":"D:\\a\\xet-core\\xet-core\\xet_client\\src\\cas_client\\adaptive_concurrency\\controller.rs","line_number":581}
{"timestamp":"2026-07-31T15:12:39.735685Z","level":"INFO","fields":{"message":"Concurrency control for download: Current concurrency = 1; predicted bandwidth = 163398; success_ratio = 1.000; reference_size = 2.9MB; observed bytes sent so far = 225171126; completed transmissions = 149"},"filename":"D:\\a\\xet-core\\xet-core\\xet_client\\src\\cas_client\\adaptive_concurrency\\controller.rs","line_number":597}
{"timestamp":"2026-07-31T15:12:39.745845Z","level":"INFO","fields":{"message":"Concurrency control for download: Decreased concurrency from 1 to 1; reason: success ratio below threshold (connection struggling) (success_ratio = 1.000, threshold = 0.500)"},"filename":"D:\\a\\xet-core\\xet-core\\xet_client\\src\\cas_client\\adaptive_concurrency\\controller.rs","line_number":581}
{"timestamp":"2026-07-31T15:12:41.679477Z","level":"INFO","fields":{"message":"Concurrency control for download: Decreased concurrency from 1 to 1; reason: success ratio below threshold (connection struggling) (success_ratio = 1.000, threshold = 0.500)"},"filename":"D:\\a\\xet-core\\xet-core\\xet_client\\src\\cas_client\\adaptive_concurrency\\controller.rs","line_number":581}
{"timestamp":"2026-07-31T15:12:42.470555Z","level":"INFO","fields":{"message":"Concurrency control for download: Decreased concurrency from 1 to 1; reason: success ratio below threshold (connection struggling) (success_ratio = 1.000, threshold = 0.500)"},"filename":"D:\\a\\xet-core\\xet-core\\xet_client\\src\\cas_client\\adaptive_concurrency\\controller.rs","line_number":581}
{"timestamp":"2026-07-31T15:12:43.761054Z","level":"INFO","fields":{"message":"Concurrency control for download: Decreased concurrency from 1 to 1; reason: success ratio below threshold (connection struggling) (success_ratio = 1.000, threshold = 0.500)"},"filename":"D:\\a\\xet-core\\xet-core\\xet_client\\src\\cas_client\\adaptive_concurrency\\controller.rs","line_number":581}
{"timestamp":"2026-07-31T15:12:44.262475Z","level":"INFO","fields":{"message":"Concurrency control for download: Decreased concurrency from 1 to 1; reason: success ratio below threshold (connection struggling) (success_ratio = 1.000, threshold = 0.500)"},"filename":"D:\\a\\xet-core\\xet-core\\xet_client\\src\\cas_client\\adaptive_concurrency\\controller.rs","line_number":581}
{"timestamp":"2026-07-31T15:12:44.769198Z","level":"INFO","fields":{"message":"Concurrency control for download: Decreased concurrency from 1 to 1; reason: success ratio below threshold (connection struggling) (success_ratio = 1.000, threshold = 0.500)"},"filename":"D:\\a\\xet-core\\xet-core\\xet_client\\src\\cas_client\\adaptive_concurrency\\controller.rs","line_number":581}
{"timestamp":"2026-07-31T15:12:45.996007Z","level":"INFO","fields":{"message":"Concurrency control for download: Decreased concurrency from 1 to 1; reason: success ratio below threshold (connection struggling) (success_ratio = 1.000, threshold = 0.500)"},"filename":"D:\\a\\xet-core\\xet-core\\xet_client\\src\\cas_client\\adaptive_concurrency\\controller.rs","line_number":581}
{"timestamp":"2026-07-31T15:12:46.767041Z","level":"INFO","fields":{"message":"Concurrency control for download: Decreased concurrency from 1 to 1; reason: success ratio below threshold (connection struggling) (success_ratio = 1.000, threshold = 0.500)"},"filename":"D:\\a\\xet-core\\xet-core\\xet_client\\src\\cas_client\\adaptive_concurrency\\controller.rs","line_number":581}
{"timestamp":"2026-07-31T15:12:47.755152Z","level":"INFO","fields":{"message":"Concurrency control for download: Decreased concurrency from 1 to 1; reason: success ratio below threshold (connection struggling) (success_ratio = 1.000, threshold = 0.500)"},"filename":"D:\\a\\xet-core\\xet-core\\xet_client\\src\\cas_client\\adaptive_concurrency\\controller.rs","line_number":581}
{"timestamp":"2026-07-31T15:12:48.256762Z","level":"INFO","fields":{"message":"Concurrency control for download: Decreased concurrency from 1 to 1; reason: success ratio below threshold (connection struggling) (success_ratio = 1.000, threshold = 0.500)"},"filename":"D:\\a\\xet-core\\xet-core\\xet_client\\src\\cas_client\\adaptive_concurrency\\controller.rs","line_number":581}
{"timestamp":"2026-07-31T15:12:48.777002Z","level":"INFO","fields":{"message":"Concurrency control for download: Decreased concurrency from 1 to 1; reason: success ratio below threshold (connection struggling) (success_ratio = 1.000, threshold = 0.500)"},"filename":"D:\\a\\xet-core\\xet-core\\xet_client\\src\\cas_client\\adaptive_concurrency\\controller.rs","line_number":581}
{"timestamp":"2026-07-31T15:12:49.287797Z","level":"INFO","fields":{"message":"Concurrency control for download: Decreased concurrency from 1 to 1; reason: success ratio below threshold (connection struggling) (success_ratio = 1.000, threshold = 0.500)"},"filename":"D:\\a\\xet-core\\xet-core\\xet_client\\src\\cas_client\\adaptive_concurrency\\controller.rs","line_number":581}
{"timestamp":"2026-07-31T15:12:49.765133Z","level":"INFO","fields":{"message":"Concurrency control for download: Current concurrency = 1; predicted bandwidth = 149319; success_ratio = 1.000; reference_size = 2.9MB; observed bytes sent so far = 226989750; completed transmissions = 149"},"filename":"D:\\a\\xet-core\\xet-core\\xet_client\\src\\cas_client\\adaptive_concurrency\\controller.rs","line_number":597}
{"timestamp":"2026-07-31T15:12:50.385461Z","level":"INFO","fields":{"message":"Concurrency control for download: Decreased concurrency from 1 to 1; reason: success ratio below threshold (connection struggling) (success_ratio = 1.000, threshold = 0.500)"},"filename":"D:\\a\\xet-core\\xet-core\\xet_client\\src\\cas_client\\adaptive_concurrency\\controller.rs","line_number":581}
{"timestamp":"2026-07-31T15:12:50.953101Z","level":"INFO","fields":{"message":"Concurrency control for download: Decreased concurrency from 1 to 1; reason: success ratio below threshold (connection struggling) (success_ratio = 1.000, threshold = 0.500)"},"filename":"D:\\a\\xet-core\\xet-core\\xet_client\\src\\cas_client\\adaptive_concurrency\\controller.rs","line_number":581}
{"timestamp":"2026-07-31T15:12:51.475527Z","level":"INFO","fields":{"message":"Concurrency control for download: Decreased concurrency from 1 to 1; reason: success ratio below threshold (connection struggling) (success_ratio = 1.000, threshold = 0.500)"},"filename":"D:\\a\\xet-core\\xet-core\\xet_client\\src\\cas_client\\adaptive_concurrency\\controller.rs","line_number":581}
{"timestamp":"2026-07-31T15:12:51.983640Z","level":"INFO","fields":{"message":"Concurrency control for download: Decreased concurrency from 1 to 1; reason: success ratio below threshold (connection struggling) (success_ratio = 1.000, threshold = 0.500)"},"filename":"D:\\a\\xet-core\\xet-core\\xet_client\\src\\cas_client\\adaptive_concurrency\\controller.rs","line_number":581}
{"timestamp":"2026-07-31T15:12:52.495755Z","level":"INFO","fields":{"message":"Concurrency control for download: Decreased concurrency from 1 to 1; reason: success ratio below threshold (connection struggling) (success_ratio = 1.000, threshold = 0.500)"},"filename":"D:\\a\\xet-core\\xet-core\\xet_client\\src\\cas_client\\adaptive_concurrency\\controller.rs","line_number":581}
{"timestamp":"2026-07-31T15:12:53.316217Z","level":"INFO","fields":{"message":"Concurrency control for download: Decreased concurrency from 1 to 1; reason: success ratio below threshold (connection struggling) (success_ratio = 1.000, threshold = 0.500)"},"filename":"D:\\a\\xet-core\\xet-core\\xet_client\\src\\cas_client\\adaptive_concurrency\\controller.rs","line_number":581}
{"timestamp":"2026-07-31T15:12:53.819519Z","level":"INFO","fields":{"message":"Concurrency control for download: Decreased concurrency from 1 to 1; reason: success ratio below threshold (connection struggling) (success_ratio = 1.000, threshold = 0.500)"},"filename":"D:\\a\\xet-core\\xet-core\\xet_client\\src\\cas_client\\adaptive_concurrency\\controller.rs","line_number":581}
{"timestamp":"2026-07-31T15:12:54.322787Z","level":"INFO","fields":{"message":"Concurrency control for download: Decreased concurrency from 1 to 1; reason: success ratio below threshold (connection struggling) (success_ratio = 1.000, threshold = 0.500)"},"filename":"D:\\a\\xet-core\\xet-core\\xet_client\\src\\cas_client\\adaptive_concurrency\\controller.rs","line_number":581}
{"timestamp":"2026-07-31T15:12:55.023722Z","level":"INFO","fields":{"message":"Concurrency control for download: Decreased concurrency from 1 to 1; reason: success ratio below threshold (connection struggling) (success_ratio = 1.000, threshold = 0.500)"},"filename":"D:\\a\\xet-core\\xet-core\\xet_client\\src\\cas_client\\adaptive_concurrency\\controller.rs","line_number":581}
{"timestamp":"2026-07-31T15:12:55.558761Z","level":"INFO","fields":{"message":"Concurrency control for download: Decreased concurrency from 1 to 1; reason: success ratio below threshold (connection struggling) (success_ratio = 1.000, threshold = 0.500)"},"filename":"D:\\a\\xet-core\\xet-core\\xet_client\\src\\cas_client\\adaptive_concurrency\\controller.rs","line_number":581}
{"timestamp":"2026-07-31T15:12:56.697310Z","level":"INFO","fields":{"message":"Concurrency control for download: Decreased concurrency from 1 to 1; reason: success ratio below threshold (connection struggling) (success_ratio = 1.000, threshold = 0.500)"},"filename":"D:\\a\\xet-core\\xet-core\\xet_client\\src\\cas_client\\adaptive_concurrency\\controller.rs","line_number":581}
{"timestamp":"2026-07-31T15:12:57.200416Z","level":"INFO","fields":{"message":"Concurrency control for download: Decreased concurrency from 1 to 1; reason: success ratio below threshold (connection struggling) (success_ratio = 1.000, threshold = 0.500)"},"filename":"D:\\a\\xet-core\\xet-core\\xet_client\\src\\cas_client\\adaptive_concurrency\\controller.rs","line_number":581}
{"timestamp":"2026-07-31T15:12:57.715957Z","level":"INFO","fields":{"message":"Concurrency control for download: Decreased concurrency from 1 to 1; reason: success ratio below threshold (connection struggling) (success_ratio = 1.000, threshold = 0.500)"},"filename":"D:\\a\\xet-core\\xet-core\\xet_client\\src\\cas_client\\adaptive_concurrency\\controller.rs","line_number":581}
{"timestamp":"2026-07-31T15:12:58.253641Z","level":"INFO","fields":{"message":"Concurrency control for download: Decreased concurrency from 1 to 1; reason: success ratio below threshold (connection struggling) (success_ratio = 1.000, threshold = 0.500)"},"filename":"D:\\a\\xet-core\\xet-core\\xet_client\\src\\cas_client\\adaptive_concurrency\\controller.rs","line_number":581}
{"timestamp":"2026-07-31T15:12:58.762776Z","level":"INFO","fields":{"message":"Concurrency control for download: Decreased concurrency from 1 to 1; reason: success ratio below threshold (connection struggling) (success_ratio = 1.000, threshold = 0.500)"},"filename":"D:\\a\\xet-core\\xet-core\\xet_client\\src\\cas_client\\adaptive_concurrency\\controller.rs","line_number":581}
{"timestamp":"2026-07-31T15:12:59.490948Z","level":"INFO","fields":{"message":"Concurrency control for download: Decreased concurrency from 1 to 1; reason: success ratio below threshold (connection struggling) (success_ratio = 1.000, threshold = 0.500)"},"filename":"D:\\a\\xet-core\\xet-core\\xet_client\\src\\cas_client\\adaptive_concurrency\\controller.rs","line_number":581}
{"timestamp":"2026-07-31T15:12:59.882312Z","level":"INFO","fields":{"message":"Concurrency control for download: Current concurrency = 1; predicted bandwidth = 129022; success_ratio = 1.000; reference_size = 2.9MB; observed bytes sent so far = 232101558; completed transmissions = 149"},"filename":"D:\\a\\xet-core\\xet-core\\xet_client\\src\\cas_client\\adaptive_concurrency\\controller.rs","line_number":597}
{"timestamp":"2026-07-31T15:13:00.004426Z","level":"INFO","fields":{"message":"Concurrency control for download: Decreased concurrency from 1 to 1; reason: success ratio below threshold (connection struggling) (success_ratio = 1.000, threshold = 0.500)"},"filename":"D:\\a\\xet-core\\xet-core\\xet_client\\src\\cas_client\\adaptive_concurrency\\controller.rs","line_number":581}
{"timestamp":"2026-07-31T15:13:00.544963Z","level":"INFO","fields":{"message":"Concurrency control for download: Decreased concurrency from 1 to 1; reason: success ratio below threshold (connection struggling) (success_ratio = 1.000, threshold = 0.500)"},"filename":"D:\\a\\xet-core\\xet-core\\xet_client\\src\\cas_client\\adaptive_concurrency\\controller.rs","line_number":581}
{"timestamp":"2026-07-31T15:13:03.608435Z","level":"INFO","fields":{"message":"Concurrency control for download: Decreased concurrency from 1 to 1; reason: success ratio below threshold (connection struggling) (success_ratio = 1.000, threshold = 0.500)"},"filename":"D:\\a\\xet-core\\xet-core\\xet_client\\src\\cas_client\\adaptive_concurrency\\controller.rs","line_number":581}
{"timestamp":"2026-07-31T15:13:07.100224Z","level":"INFO","fields":{"message":"Concurrency control for download: Decreased concurrency from 1 to 1; reason: success ratio below threshold (connection struggling) (success_ratio = 1.000, threshold = 0.500)"},"filename":"D:\\a\\xet-core\\xet-core\\xet_client\\src\\cas_client\\adaptive_concurrency\\controller.rs","line_number":581}
{"timestamp":"2026-07-31T15:13:07.620514Z","level":"INFO","fields":{"message":"Concurrency control for download: Decreased concurrency from 1 to 1; reason: success ratio below threshold (connection struggling) (success_ratio = 1.000, threshold = 0.500)"},"filename":"D:\\a\\xet-core\\xet-core\\xet_client\\src\\cas_client\\adaptive_concurrency\\controller.rs","line_number":581}
{"timestamp":"2026-07-31T15:13:08.600644Z","level":"INFO","fields":{"message":"Concurrency control for download: Decreased concurrency from 1 to 1; reason: success ratio below threshold (connection struggling) (success_ratio = 1.000, threshold = 0.500)"},"filename":"D:\\a\\xet-core\\xet-core\\xet_client\\src\\cas_client\\adaptive_concurrency\\controller.rs","line_number":581}
{"timestamp":"2026-07-31T15:13:09.109424Z","level":"INFO","fields":{"message":"Concurrency control for download: Decreased concurrency from 1 to 1; reason: success ratio below threshold (connection struggling) (success_ratio = 1.000, threshold = 0.500)"},"filename":"D:\\a\\xet-core\\xet-core\\xet_client\\src\\cas_client\\adaptive_concurrency\\controller.rs","line_number":581}
{"timestamp":"2026-07-31T15:13:09.755537Z","level":"INFO","fields":{"message":"Concurrency control for download: Decreased concurrency from 1 to 1; reason: success ratio below threshold (connection struggling) (success_ratio = 1.000, threshold = 0.500)"},"filename":"D:\\a\\xet-core\\xet-core\\xet_client\\src\\cas_client\\adaptive_concurrency\\controller.rs","line_number":581}
{"timestamp":"2026-07-31T15:13:10.244035Z","level":"INFO","fields":{"message":"Concurrency control for download: Current concurrency = 1; predicted bandwidth = 127318; success_ratio = 1.000; reference_size = 2.9MB; observed bytes sent so far = 232642230; completed transmissions = 149"},"filename":"D:\\a\\xet-core\\xet-core\\xet_client\\src\\cas_client\\adaptive_concurrency\\controller.rs","line_number":597}
{"timestamp":"2026-07-31T15:13:10.282780Z","level":"INFO","fields":{"message":"Concurrency control for download: Decreased concurrency from 1 to 1; reason: success ratio below threshold (connection struggling) (success_ratio = 1.000, threshold = 0.500)"},"filename":"D:\\a\\xet-core\\xet-core\\xet_client\\src\\cas_client\\adaptive_concurrency\\controller.rs","line_number":581}
{"timestamp":"2026-07-31T15:13:10.883434Z","level":"INFO","fields":{"message":"Concurrency control for download: Decreased concurrency from 1 to 1; reason: success ratio below threshold (connection struggling) (success_ratio = 1.000, threshold = 0.500)"},"filename":"D:\\a\\xet-core\\xet-core\\xet_client\\src\\cas_client\\adaptive_concurrency\\controller.rs","line_number":581}
{"timestamp":"2026-07-31T15:13:11.555762Z","level":"INFO","fields":{"message":"Concurrency control for download: Decreased concurrency from 1 to 1; reason: success ratio below threshold (connection struggling) (success_ratio = 1.000, threshold = 0.500)"},"filename":"D:\\a\\xet-core\\xet-core\\xet_client\\src\\cas_client\\adaptive_concurrency\\controller.rs","line_number":581}
{"timestamp":"2026-07-31T15:13:12.076095Z","level":"INFO","fields":{"message":"Concurrency control for download: Decreased concurrency from 1 to 1; reason: success ratio below threshold (connection struggling) (success_ratio = 1.000, threshold = 0.500)"},"filename":"D:\\a\\xet-core\\xet-core\\xet_client\\src\\cas_client\\adaptive_concurrency\\controller.rs","line_number":581}
{"timestamp":"2026-07-31T15:13:12.630984Z","level":"INFO","fields":{"message":"Concurrency control for download: Decreased concurrency from 1 to 1; reason: success ratio below threshold (connection struggling) (success_ratio = 1.000, threshold = 0.500)"},"filename":"D:\\a\\xet-core\\xet-core\\xet_client\\src\\cas_client\\adaptive_concurrency\\controller.rs","line_number":581}
{"timestamp":"2026-07-31T15:13:13.172675Z","level":"INFO","fields":{"message":"Concurrency control for download: Decreased concurrency from 1 to 1; reason: success ratio below threshold (connection struggling) (success_ratio = 1.000, threshold = 0.500)"},"filename":"D:\\a\\xet-core\\xet-core\\xet_client\\src\\cas_client\\adaptive_concurrency\\controller.rs","line_number":581}
{"timestamp":"2026-07-31T15:13:13.684521Z","level":"INFO","fields":{"message":"Concurrency control for download: Decreased concurrency from 1 to 1; reason: success ratio below threshold (connection struggling) (success_ratio = 1.000, threshold = 0.500)"},"filename":"D:\\a\\xet-core\\xet-core\\xet_client\\src\\cas_client\\adaptive_concurrency\\controller.rs","line_number":581}
{"timestamp":"2026-07-31T15:13:14.294058Z","level":"INFO","fields":{"message":"Concurrency control for download: Decreased concurrency from 1 to 1; reason: success ratio below threshold (connection struggling) (success_ratio = 1.000, threshold = 0.500)"},"filename":"D:\\a\\xet-core\\xet-core\\xet_client\\src\\cas_client\\adaptive_concurrency\\controller.rs","line_number":581}
{"timestamp":"2026-07-31T15:13:14.935274Z","level":"INFO","fields":{"message":"Concurrency control for download: Decreased concurrency from 1 to 1; reason: success ratio below threshold (connection struggling) (success_ratio = 1.000, threshold = 0.500)"},"filename":"D:\\a\\xet-core\\xet-core\\xet_client\\src\\cas_client\\adaptive_concurrency\\controller.rs","line_number":581}
{"timestamp":"2026-07-31T15:13:15.449622Z","level":"INFO","fields":{"message":"Concurrency control for download: Decreased concurrency from 1 to 1; reason: success ratio below threshold (connection struggling) (success_ratio = 1.000, threshold = 0.500)"},"filename":"D:\\a\\xet-core\\xet-core\\xet_client\\src\\cas_client\\adaptive_concurrency\\controller.rs","line_number":581}
{"timestamp":"2026-07-31T15:13:15.949911Z","level":"INFO","fields":{"message":"Concurrency control for download: Decreased concurrency from 1 to 1; reason: success ratio below threshold (connection struggling) (success_ratio = 1.000, threshold = 0.500)"},"filename":"D:\\a\\xet-core\\xet-core\\xet_client\\src\\cas_client\\adaptive_concurrency\\controller.rs","line_number":581}
{"timestamp":"2026-07-31T15:13:16.460646Z","level":"INFO","fields":{"message":"Concurrency control for download: Decreased concurrency from 1 to 1; reason: success ratio below threshold (connection struggling) (success_ratio = 1.000, threshold = 0.500)"},"filename":"D:\\a\\xet-core\\xet-core\\xet_client\\src\\cas_client\\adaptive_concurrency\\controller.rs","line_number":581}
{"timestamp":"2026-07-31T15:13:16.963074Z","level":"INFO","fields":{"message":"Concurrency control for download: Decreased concurrency from 1 to 1; reason: success ratio below threshold (connection struggling) (success_ratio = 1.000, threshold = 0.500)"},"filename":"D:\\a\\xet-core\\xet-core\\xet_client\\src\\cas_client\\adaptive_concurrency\\controller.rs","line_number":581}
{"timestamp":"2026-07-31T15:13:17.502530Z","level":"INFO","fields":{"message":"Concurrency control for download: Decreased concurrency from 1 to 1; reason: success ratio below threshold (connection struggling) (success_ratio = 1.000, threshold = 0.500)"},"filename":"D:\\a\\xet-core\\xet-core\\xet_client\\src\\cas_client\\adaptive_concurrency\\controller.rs","line_number":581}
{"timestamp":"2026-07-31T15:13:18.007098Z","level":"INFO","fields":{"message":"Concurrency control for download: Decreased concurrency from 1 to 1; reason: success ratio below threshold (connection struggling) (success_ratio = 1.000, threshold = 0.500)"},"filename":"D:\\a\\xet-core\\xet-core\\xet_client\\src\\cas_client\\adaptive_concurrency\\controller.rs","line_number":581}
{"timestamp":"2026-07-31T15:13:18.508075Z","level":"INFO","fields":{"message":"Concurrency control for download: Decreased concurrency from 1 to 1; reason: success ratio below threshold (connection struggling) (success_ratio = 1.000, threshold = 0.500)"},"filename":"D:\\a\\xet-core\\xet-core\\xet_client\\src\\cas_client\\adaptive_concurrency\\controller.rs","line_number":581}
{"timestamp":"2026-07-31T15:13:19.095616Z","level":"INFO","fields":{"message":"Concurrency control for download: Decreased concurrency from 1 to 1; reason: success ratio below threshold (connection struggling) (success_ratio = 1.000, threshold = 0.500)"},"filename":"D:\\a\\xet-core\\xet-core\\xet_client\\src\\cas_client\\adaptive_concurrency\\controller.rs","line_number":581}
{"timestamp":"2026-07-31T15:13:19.623993Z","level":"INFO","fields":{"message":"Concurrency control for download: Decreased concurrency from 1 to 1; reason: success ratio below threshold (connection struggling) (success_ratio = 1.000, threshold = 0.500)"},"filename":"D:\\a\\xet-core\\xet-core\\xet_client\\src\\cas_client\\adaptive_concurrency\\controller.rs","line_number":581}
{"timestamp":"2026-07-31T15:13:20.143778Z","level":"INFO","fields":{"message":"Concurrency control for download: Decreased concurrency from 1 to 1; reason: success ratio below threshold (connection struggling) (success_ratio = 1.000, threshold = 0.500)"},"filename":"D:\\a\\xet-core\\xet-core\\xet_client\\src\\cas_client\\adaptive_concurrency\\controller.rs","line_number":581}
{"timestamp":"2026-07-31T15:13:20.484026Z","level":"INFO","fields":{"message":"Concurrency control for download: Current concurrency = 1; predicted bandwidth = 97231; success_ratio = 1.000; reference_size = 3.0MB; observed bytes sent so far = 238586606; completed transmissions = 150"},"filename":"D:\\a\\xet-core\\xet-core\\xet_client\\src\\cas_client\\adaptive_concurrency\\controller.rs","line_number":597}
{"timestamp":"2026-07-31T15:13:20.719786Z","level":"INFO","fields":{"message":"Concurrency control for download: Decreased concurrency from 1 to 1; reason: success ratio below threshold (connection struggling) (success_ratio = 1.000, threshold = 0.500)"},"filename":"D:\\a\\xet-core\\xet-core\\xet_client\\src\\cas_client\\adaptive_concurrency\\controller.rs","line_number":581}
{"timestamp":"2026-07-31T15:13:21.230089Z","level":"INFO","fields":{"message":"Concurrency control for download: Decreased concurrency from 1 to 1; reason: success ratio below threshold (connection struggling) (success_ratio = 1.000, threshold = 0.500)"},"filename":"D:\\a\\xet-core\\xet-core\\xet_client\\src\\cas_client\\adaptive_concurrency\\controller.rs","line_number":581}
{"timestamp":"2026-07-31T15:13:21.841976Z","level":"INFO","fields":{"message":"Concurrency control for download: Decreased concurrency from 1 to 1; reason: success ratio below threshold (connection struggling) (success_ratio = 1.000, threshold = 0.500)"},"filename":"D:\\a\\xet-core\\xet-core\\xet_client\\src\\cas_client\\adaptive_concurrency\\controller.rs","line_number":581}
{"timestamp":"2026-07-31T15:13:22.353090Z","level":"INFO","fields":{"message":"Concurrency control for download: Decreased concurrency from 1 to 1; reason: success ratio below threshold (connection struggling) (success_ratio = 1.000, threshold = 0.500)"},"filename":"D:\\a\\xet-core\\xet-core\\xet_client\\src\\cas_client\\adaptive_concurrency\\controller.rs","line_number":581}
{"timestamp":"2026-07-31T15:13:23.224360Z","level":"INFO","fields":{"message":"Concurrency control for download: Decreased concurrency from 1 to 1; reason: success ratio below threshold (connection struggling) (success_ratio = 1.000, threshold = 0.500)"},"filename":"D:\\a\\xet-core\\xet-core\\xet_client\\src\\cas_client\\adaptive_concurrency\\controller.rs","line_number":581}
{"timestamp":"2026-07-31T15:13:24.457327Z","level":"INFO","fields":{"message":"Concurrency control for download: Decreased concurrency from 1 to 1; reason: success ratio below threshold (connection struggling) (success_ratio = 1.000, threshold = 0.500)"},"filename":"D:\\a\\xet-core\\xet-core\\xet_client\\src\\cas_client\\adaptive_concurrency\\controller.rs","line_number":581}
{"timestamp":"2026-07-31T15:13:25.018319Z","level":"INFO","fields":{"message":"Concurrency control for download: Decreased concurrency from 1 to 1; reason: success ratio below threshold (connection struggling) (success_ratio = 1.000, threshold = 0.500)"},"filename":"D:\\a\\xet-core\\xet-core\\xet_client\\src\\cas_client\\adaptive_concurrency\\controller.rs","line_number":581}
{"timestamp":"2026-07-31T15:13:25.519522Z","level":"INFO","fields":{"message":"Concurrency control for download: Decreased concurrency from 1 to 1; reason: success ratio below threshold (connection struggling) (success_ratio = 1.000, threshold = 0.500)"},"filename":"D:\\a\\xet-core\\xet-core\\xet_client\\src\\cas_client\\adaptive_concurrency\\controller.rs","line_number":581}
{"timestamp":"2026-07-31T15:13:26.125671Z","level":"INFO","fields":{"message":"Concurrency control for download: Decreased concurrency from 1 to 1; reason: success ratio below threshold (connection struggling) (success_ratio = 1.000, threshold = 0.500)"},"filename":"D:\\a\\xet-core\\xet-core\\xet_client\\src\\cas_client\\adaptive_concurrency\\controller.rs","line_number":581}
{"timestamp":"2026-07-31T15:13:26.635614Z","level":"INFO","fields":{"message":"Concurrency control for download: Decreased concurrency from 1 to 1; reason: success ratio below threshold (connection struggling) (success_ratio = 1.000, threshold = 0.500)"},"filename":"D:\\a\\xet-core\\xet-core\\xet_client\\src\\cas_client\\adaptive_concurrency\\controller.rs","line_number":581}
{"timestamp":"2026-07-31T15:13:27.176953Z","level":"INFO","fields":{"message":"Concurrency control for download: Decreased concurrency from 1 to 1; reason: success ratio below threshold (connection struggling) (success_ratio = 1.000, threshold = 0.500)"},"filename":"D:\\a\\xet-core\\xet-core\\xet_client\\src\\cas_client\\adaptive_concurrency\\controller.rs","line_number":581}
{"timestamp":"2026-07-31T15:13:27.716801Z","level":"INFO","fields":{"message":"Concurrency control for download: Decreased concurrency from 1 to 1; reason: success ratio below threshold (connection struggling) (success_ratio = 1.000, threshold = 0.500)"},"filename":"D:\\a\\xet-core\\xet-core\\xet_client\\src\\cas_client\\adaptive_concurrency\\controller.rs","line_number":581}
{"timestamp":"2026-07-31T15:13:28.227580Z","level":"INFO","fields":{"message":"Concurrency control for download: Decreased concurrency from 1 to 1; reason: success ratio below threshold (connection struggling) (success_ratio = 1.000, threshold = 0.500)"},"filename":"D:\\a\\xet-core\\xet-core\\xet_client\\src\\cas_client\\adaptive_concurrency\\controller.rs","line_number":581}
{"timestamp":"2026-07-31T15:13:28.770982Z","level":"INFO","fields":{"message":"Concurrency control for download: Decreased concurrency from 1 to 1; reason: success ratio below threshold (connection struggling) (success_ratio = 1.000, threshold = 0.500)"},"filename":"D:\\a\\xet-core\\xet-core\\xet_client\\src\\cas_client\\adaptive_concurrency\\controller.rs","line_number":581}
{"timestamp":"2026-07-31T15:13:29.294256Z","level":"INFO","fields":{"message":"Concurrency control for download: Decreased concurrency from 1 to 1; reason: success ratio below threshold (connection struggling) (success_ratio = 1.000, threshold = 0.500)"},"filename":"D:\\a\\xet-core\\xet-core\\xet_client\\src\\cas_client\\adaptive_concurrency\\controller.rs","line_number":581}
{"timestamp":"2026-07-31T15:13:29.803083Z","level":"INFO","fields":{"message":"Concurrency control for download: Decreased concurrency from 1 to 1; reason: success ratio below threshold (connection struggling) (success_ratio = 1.000, threshold = 0.500)"},"filename":"D:\\a\\xet-core\\xet-core\\xet_client\\src\\cas_client\\adaptive_concurrency\\controller.rs","line_number":581}
{"timestamp":"2026-07-31T15:13:30.318405Z","level":"INFO","fields":{"message":"Concurrency control for download: Decreased concurrency from 1 to 1; reason: success ratio below threshold (connection struggling) (success_ratio = 1.000, threshold = 0.500)"},"filename":"D:\\a\\xet-core\\xet-core\\xet_client\\src\\cas_client\\adaptive_concurrency\\controller.rs","line_number":581}
{"timestamp":"2026-07-31T15:13:30.500819Z","level":"INFO","fields":{"message":"Concurrency control for download: Current concurrency = 1; predicted bandwidth = 94250; success_ratio = 1.000; reference_size = 3.0MB; observed bytes sent so far = 243862254; completed transmissions = 150"},"filename":"D:\\a\\xet-core\\xet-core\\xet_client\\src\\cas_client\\adaptive_concurrency\\controller.rs","line_number":597}
{"timestamp":"2026-07-31T15:13:30.868506Z","level":"INFO","fields":{"message":"Concurrency control for download: Decreased concurrency from 1 to 1; reason: success ratio below threshold (connection struggling) (success_ratio = 1.000, threshold = 0.500)"},"filename":"D:\\a\\xet-core\\xet-core\\xet_client\\src\\cas_client\\adaptive_concurrency\\controller.rs","line_number":581}
{"timestamp":"2026-07-31T15:13:31.418696Z","level":"INFO","fields":{"message":"Concurrency control for download: Decreased concurrency from 1 to 1; reason: success ratio below threshold (connection struggling) (success_ratio = 1.000, threshold = 0.500)"},"filename":"D:\\a\\xet-core\\xet-core\\xet_client\\src\\cas_client\\adaptive_concurrency\\controller.rs","line_number":581}
{"timestamp":"2026-07-31T15:13:31.929623Z","level":"INFO","fields":{"message":"Concurrency control for download: Decreased concurrency from 1 to 1; reason: success ratio below threshold (connection struggling) (success_ratio = 1.000, threshold = 0.500)"},"filename":"D:\\a\\xet-core\\xet-core\\xet_client\\src\\cas_client\\adaptive_concurrency\\controller.rs","line_number":581}
{"timestamp":"2026-07-31T15:13:32.436089Z","level":"INFO","fields":{"message":"Concurrency control for download: Decreased concurrency from 1 to 1; reason: success ratio below threshold (connection struggling) (success_ratio = 1.000, threshold = 0.500)"},"filename":"D:\\a\\xet-core\\xet-core\\xet_client\\src\\cas_client\\adaptive_concurrency\\controller.rs","line_number":581}
{"timestamp":"2026-07-31T15:13:32.940738Z","level":"INFO","fields":{"message":"Concurrency control for download: Decreased concurrency from 1 to 1; reason: success ratio below threshold (connection struggling) (success_ratio = 1.000, threshold = 0.500)"},"filename":"D:\\a\\xet-core\\xet-core\\xet_client\\src\\cas_client\\adaptive_concurrency\\controller.rs","line_number":581}
{"timestamp":"2026-07-31T15:13:33.459531Z","level":"INFO","fields":{"message":"Concurrency control for download: Decreased concurrency from 1 to 1; reason: success ratio below threshold (connection struggling) (success_ratio = 1.000, threshold = 0.500)"},"filename":"D:\\a\\xet-core\\xet-core\\xet_client\\src\\cas_client\\adaptive_concurrency\\controller.rs","line_number":581}
{"timestamp":"2026-07-31T15:13:33.964352Z","level":"INFO","fields":{"message":"Concurrency control for download: Decreased concurrency from 1 to 1; reason: success ratio below threshold (connection struggling) (success_ratio = 1.000, threshold = 0.500)"},"filename":"D:\\a\\xet-core\\xet-core\\xet_client\\src\\cas_client\\adaptive_concurrency\\controller.rs","line_number":581}
{"timestamp":"2026-07-31T15:13:34.481006Z","level":"INFO","fields":{"message":"Concurrency control for download: Decreased concurrency from 1 to 1; reason: success ratio below threshold (connection struggling) (success_ratio = 1.000, threshold = 0.500)"},"filename":"D:\\a\\xet-core\\xet-core\\xet_client\\src\\cas_client\\adaptive_concurrency\\controller.rs","line_number":581}
{"timestamp":"2026-07-31T15:13:35.006128Z","level":"INFO","fields":{"message":"Concurrency control for download: Decreased concurrency from 1 to 1; reason: success ratio below threshold (connection struggling) (success_ratio = 1.000, threshold = 0.500)"},"filename":"D:\\a\\xet-core\\xet-core\\xet_client\\src\\cas_client\\adaptive_concurrency\\controller.rs","line_number":581}
{"timestamp":"2026-07-31T15:13:35.534953Z","level":"INFO","fields":{"message":"Concurrency control for download: Decreased concurrency from 1 to 1; reason: success ratio below threshold (connection struggling) (success_ratio = 1.000, threshold = 0.500)"},"filename":"D:\\a\\xet-core\\xet-core\\xet_client\\src\\cas_client\\adaptive_concurrency\\controller.rs","line_number":581}
{"timestamp":"2026-07-31T15:13:36.116541Z","level":"INFO","fields":{"message":"Concurrency control for download: Decreased concurrency from 1 to 1; reason: success ratio below threshold (connection struggling) (success_ratio = 1.000, threshold = 0.500)"},"filename":"D:\\a\\xet-core\\xet-core\\xet_client\\src\\cas_client\\adaptive_concurrency\\controller.rs","line_number":581}
{"timestamp":"2026-07-31T15:13:36.743845Z","level":"INFO","fields":{"message":"Concurrency control for download: Decreased concurrency from 1 to 1; reason: success ratio below threshold (connection struggling) (success_ratio = 1.000, threshold = 0.500)"},"filename":"D:\\a\\xet-core\\xet-core\\xet_client\\src\\cas_client\\adaptive_concurrency\\controller.rs","line_number":581}
{"timestamp":"2026-07-31T15:13:37.256935Z","level":"INFO","fields":{"message":"Concurrency control for download: Decreased concurrency from 1 to 1; reason: success ratio below threshold (connection struggling) (success_ratio = 1.000, threshold = 0.500)"},"filename":"D:\\a\\xet-core\\xet-core\\xet_client\\src\\cas_client\\adaptive_concurrency\\controller.rs","line_number":581}
{"timestamp":"2026-07-31T15:13:37.782316Z","level":"INFO","fields":{"message":"Concurrency control for download: Decreased concurrency from 1 to 1; reason: success ratio below threshold (connection struggling) (success_ratio = 1.000, threshold = 0.500)"},"filename":"D:\\a\\xet-core\\xet-core\\xet_client\\src\\cas_client\\adaptive_concurrency\\controller.rs","line_number":581}
{"timestamp":"2026-07-31T15:13:38.287336Z","level":"INFO","fields":{"message":"Concurrency control for download: Decreased concurrency from 1 to 1; reason: success ratio below threshold (connection struggling) (success_ratio = 1.000, threshold = 0.500)"},"filename":"D:\\a\\xet-core\\xet-core\\xet_client\\src\\cas_client\\adaptive_concurrency\\controller.rs","line_number":581}
{"timestamp":"2026-07-31T15:13:38.790461Z","level":"INFO","fields":{"message":"Concurrency control for download: Decreased concurrency from 1 to 1; reason: success ratio below threshold (connection struggling) (success_ratio = 1.000, threshold = 0.500)"},"filename":"D:\\a\\xet-core\\xet-core\\xet_client\\src\\cas_client\\adaptive_concurrency\\controller.rs","line_number":581}
{"timestamp":"2026-07-31T15:13:39.324151Z","level":"INFO","fields":{"message":"Concurrency control for download: Decreased concurrency from 1 to 1; reason: success ratio below threshold (connection struggling) (success_ratio = 1.000, threshold = 0.500)"},"filename":"D:\\a\\xet-core\\xet-core\\xet_client\\src\\cas_client\\adaptive_concurrency\\controller.rs","line_number":581}
{"timestamp":"2026-07-31T15:13:39.842967Z","level":"INFO","fields":{"message":"Concurrency control for download: Decreased concurrency from 1 to 1; reason: success ratio below threshold (connection struggling) (success_ratio = 1.000, threshold = 0.500)"},"filename":"D:\\a\\xet-core\\xet-core\\xet_client\\src\\cas_client\\adaptive_concurrency\\controller.rs","line_number":581}
{"timestamp":"2026-07-31T15:13:40.649227Z","level":"INFO","fields":{"message":"Concurrency control for download: Decreased concurrency from 1 to 1; reason: success ratio below threshold (connection struggling) (success_ratio = 1.000, threshold = 0.500)"},"filename":"D:\\a\\xet-core\\xet-core\\xet_client\\src\\cas_client\\adaptive_concurrency\\controller.rs","line_number":581}
{"timestamp":"2026-07-31T15:13:40.649257Z","level":"INFO","fields":{"message":"Concurrency control for download: Current concurrency = 1; predicted bandwidth = 88219; success_ratio = 1.000; reference_size = 3.0MB; observed bytes sent so far = 253430510; completed transmissions = 150"},"filename":"D:\\a\\xet-core\\xet-core\\xet_client\\src\\cas_client\\adaptive_concurrency\\controller.rs","line_number":597}
{"timestamp":"2026-07-31T15:13:41.264446Z","level":"INFO","fields":{"message":"Concurrency control for download: Decreased concurrency from 1 to 1; reason: success ratio below threshold (connection struggling) (success_ratio = 1.000, threshold = 0.500)"},"filename":"D:\\a\\xet-core\\xet-core\\xet_client\\src\\cas_client\\adaptive_concurrency\\controller.rs","line_number":581}
{"timestamp":"2026-07-31T15:13:41.794290Z","level":"INFO","fields":{"message":"Concurrency control for download: Decreased concurrency from 1 to 1; reason: success ratio below threshold (connection struggling) (success_ratio = 1.000, threshold = 0.500)"},"filename":"D:\\a\\xet-core\\xet-core\\xet_client\\src\\cas_client\\adaptive_concurrency\\controller.rs","line_number":581}
{"timestamp":"2026-07-31T15:13:42.631620Z","level":"INFO","fields":{"message":"Concurrency control for download: Decreased concurrency from 1 to 1; reason: success ratio below threshold (connection struggling) (success_ratio = 1.000, threshold = 0.500)"},"filename":"D:\\a\\xet-core\\xet-core\\xet_client\\src\\cas_client\\adaptive_concurrency\\controller.rs","line_number":581}
{"timestamp":"2026-07-31T15:13:43.132587Z","level":"INFO","fields":{"message":"Concurrency control for download: Decreased concurrency from 1 to 1; reason: success ratio below threshold (connection struggling) (success_ratio = 1.000, threshold = 0.500)"},"filename":"D:\\a\\xet-core\\xet-core\\xet_client\\src\\cas_client\\adaptive_concurrency\\controller.rs","line_number":581}
{"timestamp":"2026-07-31T15:13:43.637423Z","level":"INFO","fields":{"message":"Concurrency control for download: Decreased concurrency from 1 to 1; reason: success ratio below threshold (connection struggling) (success_ratio = 1.000, threshold = 0.500)"},"filename":"D:\\a\\xet-core\\xet-core\\xet_client\\src\\cas_client\\adaptive_concurrency\\controller.rs","line_number":581}
{"timestamp":"2026-07-31T15:13:44.244301Z","level":"INFO","fields":{"message":"Concurrency control for download: Decreased concurrency from 1 to 1; reason: success ratio below threshold (connection struggling) (success_ratio = 1.000, threshold = 0.500)"},"filename":"D:\\a\\xet-core\\xet-core\\xet_client\\src\\cas_client\\adaptive_concurrency\\controller.rs","line_number":581}
{"timestamp":"2026-07-31T15:13:44.756001Z","level":"INFO","fields":{"message":"Concurrency control for download: Decreased concurrency from 1 to 1; reason: success ratio below threshold (connection struggling) (success_ratio = 1.000, threshold = 0.500)"},"filename":"D:\\a\\xet-core\\xet-core\\xet_client\\src\\cas_client\\adaptive_concurrency\\controller.rs","line_number":581}
{"timestamp":"2026-07-31T15:13:45.264849Z","level":"INFO","fields":{"message":"Concurrency control for download: Decreased concurrency from 1 to 1; reason: success ratio below threshold (connection struggling) (success_ratio = 1.000, threshold = 0.500)"},"filename":"D:\\a\\xet-core\\xet-core\\xet_client\\src\\cas_client\\adaptive_concurrency\\controller.rs","line_number":581}
{"timestamp":"2026-07-31T15:13:45.812201Z","level":"INFO","fields":{"message":"Concurrency control for download: Decreased concurrency from 1 to 1; reason: success ratio below threshold (connection struggling) (success_ratio = 1.000, threshold = 0.500)"},"filename":"D:\\a\\xet-core\\xet-core\\xet_client\\src\\cas_client\\adaptive_concurrency\\controller.rs","line_number":581}
{"timestamp":"2026-07-31T15:13:46.621093Z","level":"INFO","fields":{"message":"Concurrency control for download: Decreased concurrency from 1 to 1; reason: success ratio below threshold (connection struggling) (success_ratio = 1.000, threshold = 0.500)"},"filename":"D:\\a\\xet-core\\xet-core\\xet_client\\src\\cas_client\\adaptive_concurrency\\controller.rs","line_number":581}
{"timestamp":"2026-07-31T15:13:47.143131Z","level":"INFO","fields":{"message":"Concurrency control for download: Decreased concurrency from 1 to 1; reason: success ratio below threshold (connection struggling) (success_ratio = 1.000, threshold = 0.500)"},"filename":"D:\\a\\xet-core\\xet-core\\xet_client\\src\\cas_client\\adaptive_concurrency\\controller.rs","line_number":581}
{"timestamp":"2026-07-31T15:13:47.667305Z","level":"INFO","fields":{"message":"Concurrency control for download: Decreased concurrency from 1 to 1; reason: success ratio below threshold (connection struggling) (success_ratio = 1.000, threshold = 0.500)"},"filename":"D:\\a\\xet-core\\xet-core\\xet_client\\src\\cas_client\\adaptive_concurrency\\controller.rs","line_number":581}
{"timestamp":"2026-07-31T15:13:48.172978Z","level":"INFO","fields":{"message":"Concurrency control for download: Decreased concurrency from 1 to 1; reason: success ratio below threshold (connection struggling) (success_ratio = 1.000, threshold = 0.500)"},"filename":"D:\\a\\xet-core\\xet-core\\xet_client\\src\\cas_client\\adaptive_concurrency\\controller.rs","line_number":581}
{"timestamp":"2026-07-31T15:13:48.688954Z","level":"INFO","fields":{"message":"Concurrency control for download: Decreased concurrency from 1 to 1; reason: success ratio below threshold (connection struggling) (success_ratio = 1.000, threshold = 0.500)"},"filename":"D:\\a\\xet-core\\xet-core\\xet_client\\src\\cas_client\\adaptive_concurrency\\controller.rs","line_number":581}
{"timestamp":"2026-07-31T15:13:49.205885Z","level":"INFO","fields":{"message":"Concurrency control for download: Decreased concurrency from 1 to 1; reason: success ratio below threshold (connection struggling) (success_ratio = 1.000, threshold = 0.500)"},"filename":"D:\\a\\xet-core\\xet-core\\xet_client\\src\\cas_client\\adaptive_concurrency\\controller.rs","line_number":581}
{"timestamp":"2026-07-31T15:13:49.706174Z","level":"INFO","fields":{"message":"Concurrency control for download: Decreased concurrency from 1 to 1; reason: success ratio below threshold (connection struggling) (success_ratio = 1.000, threshold = 0.500)"},"filename":"D:\\a\\xet-core\\xet-core\\xet_client\\src\\cas_client\\adaptive_concurrency\\controller.rs","line_number":581}
{"timestamp":"2026-07-31T15:13:50.207195Z","level":"INFO","fields":{"message":"Concurrency control for download: Decreased concurrency from 1 to 1; reason: success ratio below threshold (connection struggling) (success_ratio = 1.000, threshold = 0.500)"},"filename":"D:\\a\\xet-core\\xet-core\\xet_client\\src\\cas_client\\adaptive_concurrency\\controller.rs","line_number":581}
{"timestamp":"2026-07-31T15:13:50.650537Z","level":"INFO","fields":{"message":"Concurrency control for download: Current concurrency = 1; predicted bandwidth = 80990; success_ratio = 1.000; reference_size = 3.0MB; observed bytes sent so far = 258116334; completed transmissions = 150"},"filename":"D:\\a\\xet-core\\xet-core\\xet_client\\src\\cas_client\\adaptive_concurrency\\controller.rs","line_number":597}
{"timestamp":"2026-07-31T15:13:50.934747Z","level":"INFO","fields":{"message":"Concurrency control for download: Decreased concurrency from 1 to 1; reason: success ratio below threshold (connection struggling) (success_ratio = 1.000, threshold = 0.500)"},"filename":"D:\\a\\xet-core\\xet-core\\xet_client\\src\\cas_client\\adaptive_concurrency\\controller.rs","line_number":581}
{"timestamp":"2026-07-31T15:13:51.616667Z","level":"INFO","fields":{"message":"Concurrency control for download: Decreased concurrency from 1 to 1; reason: success ratio below threshold (connection struggling) (success_ratio = 1.000, threshold = 0.500)"},"filename":"D:\\a\\xet-core\\xet-core\\xet_client\\src\\cas_client\\adaptive_concurrency\\controller.rs","line_number":581}
{"timestamp":"2026-07-31T15:13:52.396020Z","level":"INFO","fields":{"message":"Concurrency control for download: Decreased concurrency from 1 to 1; reason: success ratio below threshold (connection struggling) (success_ratio = 1.000, threshold = 0.500)"},"filename":"D:\\a\\xet-core\\xet-core\\xet_client\\src\\cas_client\\adaptive_concurrency\\controller.rs","line_number":581}
{"timestamp":"2026-07-31T15:13:52.913544Z","level":"INFO","fields":{"message":"Concurrency control for download: Decreased concurrency from 1 to 1; reason: success ratio below threshold (connection struggling) (success_ratio = 1.000, threshold = 0.500)"},"filename":"D:\\a\\xet-core\\xet-core\\xet_client\\src\\cas_client\\adaptive_concurrency\\controller.rs","line_number":581}
{"timestamp":"2026-07-31T15:13:53.558953Z","level":"INFO","fields":{"message":"Concurrency control for download: Decreased concurrency from 1 to 1; reason: success ratio below threshold (connection struggling) (success_ratio = 1.000, threshold = 0.500)"},"filename":"D:\\a\\xet-core\\xet-core\\xet_client\\src\\cas_client\\adaptive_concurrency\\controller.rs","line_number":581}
{"timestamp":"2026-07-31T15:13:54.071443Z","level":"INFO","fields":{"message":"Concurrency control for download: Decreased concurrency from 1 to 1; reason: success ratio below threshold (connection struggling) (success_ratio = 1.000, threshold = 0.500)"},"filename":"D:\\a\\xet-core\\xet-core\\xet_client\\src\\cas_client\\adaptive_concurrency\\controller.rs","line_number":581}
{"timestamp":"2026-07-31T15:13:54.638178Z","level":"INFO","fields":{"message":"Concurrency control for download: Decreased concurrency from 1 to 1; reason: success ratio below threshold (connection struggling) (success_ratio = 1.000, threshold = 0.500)"},"filename":"D:\\a\\xet-core\\xet-core\\xet_client\\src\\cas_client\\adaptive_concurrency\\controller.rs","line_number":581}
{"timestamp":"2026-07-31T15:13:55.152628Z","level":"INFO","fields":{"message":"Concurrency control for download: Decreased concurrency from 1 to 1; reason: success ratio below threshold (connection struggling) (success_ratio = 1.000, threshold = 0.500)"},"filename":"D:\\a\\xet-core\\xet-core\\xet_client\\src\\cas_client\\adaptive_concurrency\\controller.rs","line_number":581}
{"timestamp":"2026-07-31T15:13:55.662634Z","level":"INFO","fields":{"message":"Concurrency control for download: Decreased concurrency from 1 to 1; reason: success ratio below threshold (connection struggling) (success_ratio = 1.000, threshold = 0.500)"},"filename":"D:\\a\\xet-core\\xet-core\\xet_client\\src\\cas_client\\adaptive_concurrency\\controller.rs","line_number":581}
{"timestamp":"2026-07-31T15:13:56.212988Z","level":"INFO","fields":{"message":"Concurrency control for download: Decreased concurrency from 1 to 1; reason: success ratio below threshold (connection struggling) (success_ratio = 1.000, threshold = 0.500)"},"filename":"D:\\a\\xet-core\\xet-core\\xet_client\\src\\cas_client\\adaptive_concurrency\\controller.rs","line_number":581}
{"timestamp":"2026-07-31T15:13:56.759556Z","level":"INFO","fields":{"message":"Concurrency control for download: Decreased concurrency from 1 to 1; reason: success ratio below threshold (connection struggling) (success_ratio = 1.000, threshold = 0.500)"},"filename":"D:\\a\\xet-core\\xet-core\\xet_client\\src\\cas_client\\adaptive_concurrency\\controller.rs","line_number":581}
{"timestamp":"2026-07-31T15:13:57.312829Z","level":"INFO","fields":{"message":"Concurrency control for download: Decreased concurrency from 1 to 1; reason: success ratio below threshold (connection struggling) (success_ratio = 1.000, threshold = 0.500)"},"filename":"D:\\a\\xet-core\\xet-core\\xet_client\\src\\cas_client\\adaptive_concurrency\\controller.rs","line_number":581}
{"timestamp":"2026-07-31T15:13:57.911312Z","level":"INFO","fields":{"message":"Concurrency control for download: Decreased concurrency from 1 to 1; reason: success ratio below threshold (connection struggling) (success_ratio = 1.000, threshold = 0.500)"},"filename":"D:\\a\\xet-core\\xet-core\\xet_client\\src\\cas_client\\adaptive_concurrency\\controller.rs","line_number":581}
{"timestamp":"2026-07-31T15:13:58.428074Z","level":"INFO","fields":{"message":"Concurrency control for download: Decreased concurrency from 1 to 1; reason: success ratio below threshold (connection struggling) (success_ratio = 1.000, threshold = 0.500)"},"filename":"D:\\a\\xet-core\\xet-core\\xet_client\\src\\cas_client\\adaptive_concurrency\\controller.rs","line_number":581}
{"timestamp":"2026-07-31T15:13:58.929917Z","level":"INFO","fields":{"message":"Concurrency control for download: Decreased concurrency from 1 to 1; reason: success ratio below threshold (connection struggling) (success_ratio = 1.000, threshold = 0.500)"},"filename":"D:\\a\\xet-core\\xet-core\\xet_client\\src\\cas_client\\adaptive_concurrency\\controller.rs","line_number":581}
{"timestamp":"2026-07-31T15:13:59.446804Z","level":"INFO","fields":{"message":"Concurrency control for download: Decreased concurrency from 1 to 1; reason: success ratio below threshold (connection struggling) (success_ratio = 1.000, threshold = 0.500)"},"filename":"D:\\a\\xet-core\\xet-core\\xet_client\\src\\cas_client\\adaptive_concurrency\\controller.rs","line_number":581}
{"timestamp":"2026-07-31T15:13:59.948796Z","level":"INFO","fields":{"message":"Concurrency control for download: Decreased concurrency from 1 to 1; reason: success ratio below threshold (connection struggling) (success_ratio = 1.000, threshold = 0.500)"},"filename":"D:\\a\\xet-core\\xet-core\\xet_client\\src\\cas_client\\adaptive_concurrency\\controller.rs","line_number":581}
{"timestamp":"2026-07-31T15:14:00.464204Z","level":"INFO","fields":{"message":"Concurrency control for download: Decreased concurrency from 1 to 1; reason: success ratio below threshold (connection struggling) (success_ratio = 1.000, threshold = 0.500)"},"filename":"D:\\a\\xet-core\\xet-core\\xet_client\\src\\cas_client\\adaptive_concurrency\\controller.rs","line_number":581}
{"timestamp":"2026-07-31T15:14:00.669830Z","level":"INFO","fields":{"message":"Concurrency control for download: Current concurrency = 1; predicted bandwidth = 76115; success_ratio = 1.000; reference_size = 3.0MB; observed bytes sent so far = 262194560; completed transmissions = 150"},"filename":"D:\\a\\xet-core\\xet-core\\xet_client\\src\\cas_client\\adaptive_concurrency\\controller.rs","line_number":597}
{"timestamp":"2026-07-31T15:14:00.966613Z","level":"INFO","fields":{"message":"Concurrency control for download: Decreased concurrency from 1 to 1; reason: success ratio below threshold (connection struggling) (success_ratio = 1.000, threshold = 0.500)"},"filename":"D:\\a\\xet-core\\xet-core\\xet_client\\src\\cas_client\\adaptive_concurrency\\controller.rs","line_number":581}
{"timestamp":"2026-07-31T15:14:01.469042Z","level":"INFO","fields":{"message":"Concurrency control for download: Decreased concurrency from 1 to 1; reason: success ratio below threshold (connection struggling) (success_ratio = 1.000, threshold = 0.500)"},"filename":"D:\\a\\xet-core\\xet-core\\xet_client\\src\\cas_client\\adaptive_concurrency\\controller.rs","line_number":581}
{"timestamp":"2026-07-31T15:14:01.989312Z","level":"INFO","fields":{"message":"Concurrency control for download: Decreased concurrency from 1 to 1; reason: success ratio below threshold (connection struggling) (success_ratio = 1.000, threshold = 0.500)"},"filename":"D:\\a\\xet-core\\xet-core\\xet_client\\src\\cas_client\\adaptive_concurrency\\controller.rs","line_number":581}
{"timestamp":"2026-07-31T15:14:02.506252Z","level":"INFO","fields":{"message":"Concurrency control for download: Decreased concurrency from 1 to 1; reason: success ratio below threshold (connection struggling) (success_ratio = 1.000, threshold = 0.500)"},"filename":"D:\\a\\xet-core\\xet-core\\xet_client\\src\\cas_client\\adaptive_concurrency\\controller.rs","line_number":581}
{"timestamp":"2026-07-31T15:14:03.015372Z","level":"INFO","fields":{"message":"Concurrency control for download: Decreased concurrency from 1 to 1; reason: success ratio below threshold (connection struggling) (success_ratio = 1.000, threshold = 0.500)"},"filename":"D:\\a\\xet-core\\xet-core\\xet_client\\src\\cas_client\\adaptive_concurrency\\controller.rs","line_number":581}
{"timestamp":"2026-07-31T15:14:03.529030Z","level":"INFO","fields":{"message":"Concurrency control for download: Decreased concurrency from 1 to 1; reason: success ratio below threshold (connection struggling) (success_ratio = 1.000, threshold = 0.500)"},"filename":"D:\\a\\xet-core\\xet-core\\xet_client\\src\\cas_client\\adaptive_concurrency\\controller.rs","line_number":581}
{"timestamp":"2026-07-31T15:14:04.038651Z","level":"INFO","fields":{"message":"Concurrency control for download: Decreased concurrency from 1 to 1; reason: success ratio below threshold (connection struggling) (success_ratio = 1.000, threshold = 0.500)"},"filename":"D:\\a\\xet-core\\xet-core\\xet_client\\src\\cas_client\\adaptive_concurrency\\controller.rs","line_number":581}
{"timestamp":"2026-07-31T15:14:04.552332Z","level":"INFO","fields":{"message":"Concurrency control for download: Decreased concurrency from 1 to 1; reason: success ratio below threshold (connection struggling) (success_ratio = 1.000, threshold = 0.500)"},"filename":"D:\\a\\xet-core\\xet-core\\xet_client\\src\\cas_client\\adaptive_concurrency\\controller.rs","line_number":581}
{"timestamp":"2026-07-31T15:14:05.053414Z","level":"INFO","fields":{"message":"Concurrency control for download: Decreased concurrency from 1 to 1; reason: success ratio below threshold (connection struggling) (success_ratio = 1.000, threshold = 0.500)"},"filename":"D:\\a\\xet-core\\xet-core\\xet_client\\src\\cas_client\\adaptive_concurrency\\controller.rs","line_number":581}
{"timestamp":"2026-07-31T15:14:05.583831Z","level":"INFO","fields":{"message":"Concurrency control for download: Decreased concurrency from 1 to 1; reason: success ratio below threshold (connection struggling) (success_ratio = 1.000, threshold = 0.500)"},"filename":"D:\\a\\xet-core\\xet-core\\xet_client\\src\\cas_client\\adaptive_concurrency\\controller.rs","line_number":581}
{"timestamp":"2026-07-31T15:14:06.098787Z","level":"INFO","fields":{"message":"Concurrency control for download: Decreased concurrency from 1 to 1; reason: success ratio below threshold (connection struggling) (success_ratio = 1.000, threshold = 0.500)"},"filename":"D:\\a\\xet-core\\xet-core\\xet_client\\src\\cas_client\\adaptive_concurrency\\controller.rs","line_number":581}
{"timestamp":"2026-07-31T15:14:06.612858Z","level":"INFO","fields":{"message":"Concurrency control for download: Decreased concurrency from 1 to 1; reason: success ratio below threshold (connection struggling) (success_ratio = 1.000, threshold = 0.500)"},"filename":"D:\\a\\xet-core\\xet-core\\xet_client\\src\\cas_client\\adaptive_concurrency\\controller.rs","line_number":581}
{"timestamp":"2026-07-31T15:14:07.131632Z","level":"INFO","fields":{"message":"Concurrency control for download: Decreased concurrency from 1 to 1; reason: success ratio below threshold (connection struggling) (success_ratio = 1.000, threshold = 0.500)"},"filename":"D:\\a\\xet-core\\xet-core\\xet_client\\src\\cas_client\\adaptive_concurrency\\controller.rs","line_number":581}
{"timestamp":"2026-07-31T15:14:07.640307Z","level":"INFO","fields":{"message":"Concurrency control for download: Decreased concurrency from 1 to 1; reason: success ratio below threshold (connection struggling) (success_ratio = 1.000, threshold = 0.500)"},"filename":"D:\\a\\xet-core\\xet-core\\xet_client\\src\\cas_client\\adaptive_concurrency\\controller.rs","line_number":581}
{"timestamp":"2026-07-31T15:14:08.140719Z","level":"INFO","fields":{"message":"Concurrency control for download: Decreased concurrency from 1 to 1; reason: success ratio below threshold (connection struggling) (success_ratio = 1.000, threshold = 0.500)"},"filename":"D:\\a\\xet-core\\xet-core\\xet_client\\src\\cas_client\\adaptive_concurrency\\controller.rs","line_number":581}
{"timestamp":"2026-07-31T15:14:08.700639Z","level":"INFO","fields":{"message":"Concurrency control for download: Decreased concurrency from 1 to 1; reason: success ratio below threshold (connection struggling) (success_ratio = 1.000, threshold = 0.500)"},"filename":"D:\\a\\xet-core\\xet-core\\xet_client\\src\\cas_client\\adaptive_concurrency\\controller.rs","line_number":581}
{"timestamp":"2026-07-31T15:14:09.205745Z","level":"INFO","fields":{"message":"Concurrency control for download: Decreased concurrency from 1 to 1; reason: success ratio below threshold (connection struggling) (success_ratio = 1.000, threshold = 0.500)"},"filename":"D:\\a\\xet-core\\xet-core\\xet_client\\src\\cas_client\\adaptive_concurrency\\controller.rs","line_number":581}
{"timestamp":"2026-07-31T15:14:09.743078Z","level":"INFO","fields":{"message":"Concurrency control for download: Decreased concurrency from 1 to 1; reason: success ratio below threshold (connection struggling) (success_ratio = 1.000, threshold = 0.500)"},"filename":"D:\\a\\xet-core\\xet-core\\xet_client\\src\\cas_client\\adaptive_concurrency\\controller.rs","line_number":581}
{"timestamp":"2026-07-31T15:14:10.265923Z","level":"INFO","fields":{"message":"Concurrency control for download: Decreased concurrency from 1 to 1; reason: success ratio below threshold (connection struggling) (success_ratio = 1.000, threshold = 0.500)"},"filename":"D:\\a\\xet-core\\xet-core\\xet_client\\src\\cas_client\\adaptive_concurrency\\controller.rs","line_number":581}
{"timestamp":"2026-07-31T15:14:10.687264Z","level":"INFO","fields":{"message":"Concurrency control for download: Current concurrency = 1; predicted bandwidth = 77467; success_ratio = 1.000; reference_size = 3.3MB; observed bytes sent so far = 277853177; completed transmissions = 151"},"filename":"D:\\a\\xet-core\\xet-core\\xet_client\\src\\cas_client\\adaptive_concurrency\\controller.rs","line_number":597}
{"timestamp":"2026-07-31T15:14:10.775877Z","level":"INFO","fields":{"message":"Concurrency control for download: Decreased concurrency from 1 to 1; reason: success ratio below threshold (connection struggling) (success_ratio = 1.000, threshold = 0.500)"},"filename":"D:\\a\\xet-core\\xet-core\\xet_client\\src\\cas_client\\adaptive_concurrency\\controller.rs","line_number":581}
{"timestamp":"2026-07-31T15:14:11.331783Z","level":"INFO","fields":{"message":"Concurrency control for download: Decreased concurrency from 1 to 1; reason: success ratio below threshold (connection struggling) (success_ratio = 1.000, threshold = 0.500)"},"filename":"D:\\a\\xet-core\\xet-core\\xet_client\\src\\cas_client\\adaptive_concurrency\\controller.rs","line_number":581}
{"timestamp":"2026-07-31T15:14:11.893656Z","level":"INFO","fields":{"message":"Concurrency control for download: Decreased concurrency from 1 to 1; reason: success ratio below threshold (connection struggling) (success_ratio = 1.000, threshold = 0.500)"},"filename":"D:\\a\\xet-core\\xet-core\\xet_client\\src\\cas_client\\adaptive_concurrency\\controller.rs","line_number":581}
{"timestamp":"2026-07-31T15:14:12.444750Z","level":"INFO","fields":{"message":"Concurrency control for download: Decreased concurrency from 1 to 1; reason: success ratio below threshold (connection struggling) (success_ratio = 1.000, threshold = 0.500)"},"filename":"D:\\a\\xet-core\\xet-core\\xet_client\\src\\cas_client\\adaptive_concurrency\\controller.rs","line_number":581}
{"timestamp":"2026-07-31T15:14:12.960472Z","level":"INFO","fields":{"message":"Concurrency control for download: Decreased concurrency from 1 to 1; reason: success ratio below threshold (connection struggling) (success_ratio = 1.000, threshold = 0.500)"},"filename":"D:\\a\\xet-core\\xet-core\\xet_client\\src\\cas_client\\adaptive_concurrency\\controller.rs","line_number":581}
{"timestamp":"2026-07-31T15:14:13.487071Z","level":"INFO","fields":{"message":"Concurrency control for download: Decreased concurrency from 1 to 1; reason: success ratio below threshold (connection struggling) (success_ratio = 1.000, threshold = 0.500)"},"filename":"D:\\a\\xet-core\\xet-core\\xet_client\\src\\cas_client\\adaptive_concurrency\\controller.rs","line_number":581}
{"timestamp":"2026-07-31T15:14:13.987691Z","level":"INFO","fields":{"message":"Concurrency control for download: Decreased concurrency from 1 to 1; reason: success ratio below threshold (connection struggling) (success_ratio = 1.000, threshold = 0.500)"},"filename":"D:\\a\\xet-core\\xet-core\\xet_client\\src\\cas_client\\adaptive_concurrency\\controller.rs","line_number":581}
{"timestamp":"2026-07-31T15:14:14.511175Z","level":"INFO","fields":{"message":"Concurrency control for download: Decreased concurrency from 1 to 1; reason: success ratio below threshold (connection struggling) (success_ratio = 1.000, threshold = 0.500)"},"filename":"D:\\a\\xet-core\\xet-core\\xet_client\\src\\cas_client\\adaptive_concurrency\\controller.rs","line_number":581}
{"timestamp":"2026-07-31T15:14:15.047702Z","level":"INFO","fields":{"message":"Concurrency control for download: Decreased concurrency from 1 to 1; reason: success ratio below threshold (connection struggling) (success_ratio = 1.000, threshold = 0.500)"},"filename":"D:\\a\\xet-core\\xet-core\\xet_client\\src\\cas_client\\adaptive_concurrency\\controller.rs","line_number":581}
{"timestamp":"2026-07-31T15:14:15.551685Z","level":"INFO","fields":{"message":"Concurrency control for download: Decreased concurrency from 1 to 1; reason: success ratio below threshold (connection struggling) (success_ratio = 1.000, threshold = 0.500)"},"filename":"D:\\a\\xet-core\\xet-core\\xet_client\\src\\cas_client\\adaptive_concurrency\\controller.rs","line_number":581}
{"timestamp":"2026-07-31T15:14:16.053644Z","level":"INFO","fields":{"message":"Concurrency control for download: Decreased concurrency from 1 to 1; reason: success ratio below threshold (connection struggling) (success_ratio = 1.000, threshold = 0.500)"},"filename":"D:\\a\\xet-core\\xet-core\\xet_client\\src\\cas_client\\adaptive_concurrency\\controller.rs","line_number":581}
{"timestamp":"2026-07-31T15:14:16.591086Z","level":"INFO","fields":{"message":"Concurrency control for download: Decreased concurrency from 1 to 1; reason: success ratio below threshold (connection struggling) (success_ratio = 1.000, threshold = 0.500)"},"filename":"D:\\a\\xet-core\\xet-core\\xet_client\\src\\cas_client\\adaptive_concurrency\\controller.rs","line_number":581}
{"timestamp":"2026-07-31T15:14:17.095984Z","level":"INFO","fields":{"message":"Concurrency control for download: Decreased concurrency from 1 to 1; reason: success ratio below threshold (connection struggling) (success_ratio = 1.000, threshold = 0.500)"},"filename":"D:\\a\\xet-core\\xet-core\\xet_client\\src\\cas_client\\adaptive_concurrency\\controller.rs","line_number":581}
{"timestamp":"2026-07-31T15:14:17.652572Z","level":"INFO","fields":{"message":"Concurrency control for download: Decreased concurrency from 1 to 1; reason: success ratio below threshold (connection struggling) (success_ratio = 1.000, threshold = 0.500)"},"filename":"D:\\a\\xet-core\\xet-core\\xet_client\\src\\cas_client\\adaptive_concurrency\\controller.rs","line_number":581}
{"timestamp":"2026-07-31T15:14:18.163031Z","level":"INFO","fields":{"message":"Concurrency control for download: Decreased concurrency from 1 to 1; reason: success ratio below threshold (connection struggling) (success_ratio = 1.000, threshold = 0.500)"},"filename":"D:\\a\\xet-core\\xet-core\\xet_client\\src\\cas_client\\adaptive_concurrency\\controller.rs","line_number":581}
{"timestamp":"2026-07-31T15:14:18.663403Z","level":"INFO","fields":{"message":"Concurrency control for download: Decreased concurrency from 1 to 1; reason: success ratio below threshold (connection struggling) (success_ratio = 1.000, threshold = 0.500)"},"filename":"D:\\a\\xet-core\\xet-core\\xet_client\\src\\cas_client\\adaptive_concurrency\\controller.rs","line_number":581}
{"timestamp":"2026-07-31T15:14:19.179735Z","level":"INFO","fields":{"message":"Concurrency control for download: Decreased concurrency from 1 to 1; reason: success ratio below threshold (connection struggling) (success_ratio = 1.000, threshold = 0.500)"},"filename":"D:\\a\\xet-core\\xet-core\\xet_client\\src\\cas_client\\adaptive_concurrency\\controller.rs","line_number":581}
{"timestamp":"2026-07-31T15:14:19.695117Z","level":"INFO","fields":{"message":"Concurrency control for download: Decreased concurrency from 1 to 1; reason: success ratio below threshold (connection struggling) (success_ratio = 1.000, threshold = 0.500)"},"filename":"D:\\a\\xet-core\\xet-core\\xet_client\\src\\cas_client\\adaptive_concurrency\\controller.rs","line_number":581}
{"timestamp":"2026-07-31T15:14:20.211040Z","level":"INFO","fields":{"message":"Concurrency control for download: Decreased concurrency from 1 to 1; reason: success ratio below threshold (connection struggling) (success_ratio = 1.000, threshold = 0.500)"},"filename":"D:\\a\\xet-core\\xet-core\\xet_client\\src\\cas_client\\adaptive_concurrency\\controller.rs","line_number":581}
{"timestamp":"2026-07-31T15:14:20.692744Z","level":"INFO","fields":{"message":"Concurrency control for download: Current concurrency = 1; predicted bandwidth = 65211; success_ratio = 1.000; reference_size = 3.5MB; observed bytes sent so far = 291406010; completed transmissions = 152"},"filename":"D:\\a\\xet-core\\xet-core\\xet_client\\src\\cas_client\\adaptive_concurrency\\controller.rs","line_number":597}
{"timestamp":"2026-07-31T15:14:20.723372Z","level":"INFO","fields":{"message":"Concurrency control for download: Decreased concurrency from 1 to 1; reason: success ratio below threshold (connection struggling) (success_ratio = 1.000, threshold = 0.500)"},"filename":"D:\\a\\xet-core\\xet-core\\xet_client\\src\\cas_client\\adaptive_concurrency\\controller.rs","line_number":581}
{"timestamp":"2026-07-31T15:14:21.234005Z","level":"INFO","fields":{"message":"Concurrency control for download: Decreased concurrency from 1 to 1; reason: success ratio below threshold (connection struggling) (success_ratio = 1.000, threshold = 0.500)"},"filename":"D:\\a\\xet-core\\xet-core\\xet_client\\src\\cas_client\\adaptive_concurrency\\controller.rs","line_number":581}
{"timestamp":"2026-07-31T15:14:21.743901Z","level":"INFO","fields":{"message":"Concurrency control for download: Decreased concurrency from 1 to 1; reason: success ratio below threshold (connection struggling) (success_ratio = 1.000, threshold = 0.500)"},"filename":"D:\\a\\xet-core\\xet-core\\xet_client\\src\\cas_client\\adaptive_concurrency\\controller.rs","line_number":581}
{"timestamp":"2026-07-31T15:14:22.246221Z","level":"INFO","fields":{"message":"Concurrency control for download: Decreased concurrency from 1 to 1; reason: success ratio below threshold (connection struggling) (success_ratio = 1.000, threshold = 0.500)"},"filename":"D:\\a\\xet-core\\xet-core\\xet_client\\src\\cas_client\\adaptive_concurrency\\controller.rs","line_number":581}
{"timestamp":"2026-07-31T15:14:22.781623Z","level":"INFO","fields":{"message":"Concurrency control for download: Decreased concurrency from 1 to 1; reason: success ratio below threshold (connection struggling) (success_ratio = 1.000, threshold = 0.500)"},"filename":"D:\\a\\xet-core\\xet-core\\xet_client\\src\\cas_client\\adaptive_concurrency\\controller.rs","line_number":581}
{"timestamp":"2026-07-31T15:14:23.290124Z","level":"INFO","fields":{"message":"Concurrency control for download: Decreased concurrency from 1 to 1; reason: success ratio below threshold (connection struggling) (success_ratio = 1.000, threshold = 0.500)"},"filename":"D:\\a\\xet-core\\xet-core\\xet_client\\src\\cas_client\\adaptive_concurrency\\controller.rs","line_number":581}
{"timestamp":"2026-07-31T15:14:23.843494Z","level":"INFO","fields":{"message":"Concurrency control for download: Decreased concurrency from 1 to 1; reason: success ratio below threshold (connection struggling) (success_ratio = 1.000, threshold = 0.500)"},"filename":"D:\\a\\xet-core\\xet-core\\xet_client\\src\\cas_client\\adaptive_concurrency\\controller.rs","line_number":581}
{"timestamp":"2026-07-31T15:14:24.376638Z","level":"INFO","fields":{"message":"Concurrency control for download: Decreased concurrency from 1 to 1; reason: success ratio below threshold (connection struggling) (success_ratio = 1.000, threshold = 0.500)"},"filename":"D:\\a\\xet-core\\xet-core\\xet_client\\src\\cas_client\\adaptive_concurrency\\controller.rs","line_number":581}
{"timestamp":"2026-07-31T15:14:24.905552Z","level":"INFO","fields":{"message":"Concurrency control for download: Decreased concurrency from 1 to 1; reason: success ratio below threshold (connection struggling) (success_ratio = 1.000, threshold = 0.500)"},"filename":"D:\\a\\xet-core\\xet-core\\xet_client\\src\\cas_client\\adaptive_concurrency\\controller.rs","line_number":581}
{"timestamp":"2026-07-31T15:14:25.444075Z","level":"INFO","fields":{"message":"Concurrency control for download: Decreased concurrency from 1 to 1; reason: success ratio below threshold (connection struggling) (success_ratio = 1.000, threshold = 0.500)"},"filename":"D:\\a\\xet-core\\xet-core\\xet_client\\src\\cas_client\\adaptive_concurrency\\controller.rs","line_number":581}
{"timestamp":"2026-07-31T15:14:25.981729Z","level":"INFO","fields":{"message":"Concurrency control for download: Decreased concurrency from 1 to 1; reason: success ratio below threshold (connection struggling) (success_ratio = 1.000, threshold = 0.500)"},"filename":"D:\\a\\xet-core\\xet-core\\xet_client\\src\\cas_client\\adaptive_concurrency\\controller.rs","line_number":581}
{"timestamp":"2026-07-31T15:14:26.529352Z","level":"INFO","fields":{"message":"Concurrency control for download: Decreased concurrency from 1 to 1; reason: success ratio below threshold (connection struggling) (success_ratio = 1.000, threshold = 0.500)"},"filename":"D:\\a\\xet-core\\xet-core\\xet_client\\src\\cas_client\\adaptive_concurrency\\controller.rs","line_number":581}
{"timestamp":"2026-07-31T15:14:27.029418Z","level":"INFO","fields":{"message":"Concurrency control for download: Decreased concurrency from 1 to 1; reason: success ratio below threshold (connection struggling) (success_ratio = 1.000, threshold = 0.500)"},"filename":"D:\\a\\xet-core\\xet-core\\xet_client\\src\\cas_client\\adaptive_concurrency\\controller.rs","line_number":581}
{"timestamp":"2026-07-31T15:14:27.539365Z","level":"INFO","fields":{"message":"Concurrency control for download: Decreased concurrency from 1 to 1; reason: success ratio below threshold (connection struggling) (success_ratio = 1.000, threshold = 0.500)"},"filename":"D:\\a\\xet-core\\xet-core\\xet_client\\src\\cas_client\\adaptive_concurrency\\controller.rs","line_number":581}
{"timestamp":"2026-07-31T15:14:28.053387Z","level":"INFO","fields":{"message":"Concurrency control for download: Decreased concurrency from 1 to 1; reason: success ratio below threshold (connection struggling) (success_ratio = 1.000, threshold = 0.500)"},"filename":"D:\\a\\xet-core\\xet-core\\xet_client\\src\\cas_client\\adaptive_concurrency\\controller.rs","line_number":581}
{"timestamp":"2026-07-31T15:14:28.555664Z","level":"INFO","fields":{"message":"Concurrency control for download: Decreased concurrency from 1 to 1; reason: success ratio below threshold (connection struggling) (success_ratio = 1.000, threshold = 0.500)"},"filename":"D:\\a\\xet-core\\xet-core\\xet_client\\src\\cas_client\\adaptive_concurrency\\controller.rs","line_number":581}
{"timestamp":"2026-07-31T15:14:29.063819Z","level":"INFO","fields":{"message":"Concurrency control for download: Decreased concurrency from 1 to 1; reason: success ratio below threshold (connection struggling) (success_ratio = 1.000, threshold = 0.500)"},"filename":"D:\\a\\xet-core\\xet-core\\xet_client\\src\\cas_client\\adaptive_concurrency\\controller.rs","line_number":581}
{"timestamp":"2026-07-31T15:14:29.575354Z","level":"INFO","fields":{"message":"Concurrency control for download: Decreased concurrency from 1 to 1; reason: success ratio below threshold (connection struggling) (success_ratio = 1.000, threshold = 0.500)"},"filename":"D:\\a\\xet-core\\xet-core\\xet_client\\src\\cas_client\\adaptive_concurrency\\controller.rs","line_number":581}
{"timestamp":"2026-07-31T15:14:30.078295Z","level":"INFO","fields":{"message":"Concurrency control for download: Decreased concurrency from 1 to 1; reason: success ratio below threshold (connection struggling) (success_ratio = 1.000, threshold = 0.500)"},"filename":"D:\\a\\xet-core\\xet-core\\xet_client\\src\\cas_client\\adaptive_concurrency\\controller.rs","line_number":581}
{"timestamp":"2026-07-31T15:14:30.629227Z","level":"INFO","fields":{"message":"Concurrency control for download: Decreased concurrency from 1 to 1; reason: success ratio below threshold (connection struggling) (success_ratio = 1.000, threshold = 0.500)"},"filename":"D:\\a\\xet-core\\xet-core\\xet_client\\src\\cas_client\\adaptive_concurrency\\controller.rs","line_number":581}
{"timestamp":"2026-07-31T15:14:30.714550Z","level":"INFO","fields":{"message":"Concurrency control for download: Current concurrency = 1; predicted bandwidth = 79748; success_ratio = 1.000; reference_size = 3.9MB; observed bytes sent so far = 307838072; completed transmissions = 153"},"filename":"D:\\a\\xet-core\\xet-core\\xet_client\\src\\cas_client\\adaptive_concurrency\\controller.rs","line_number":597}
{"timestamp":"2026-07-31T15:14:31.139874Z","level":"INFO","fields":{"message":"Concurrency control for download: Decreased concurrency from 1 to 1; reason: success ratio below threshold (connection struggling) (success_ratio = 1.000, threshold = 0.500)"},"filename":"D:\\a\\xet-core\\xet-core\\xet_client\\src\\cas_client\\adaptive_concurrency\\controller.rs","line_number":581}
{"timestamp":"2026-07-31T15:14:31.720702Z","level":"INFO","fields":{"message":"Concurrency control for download: Decreased concurrency from 1 to 1; reason: success ratio below threshold (connection struggling) (success_ratio = 1.000, threshold = 0.500)"},"filename":"D:\\a\\xet-core\\xet-core\\xet_client\\src\\cas_client\\adaptive_concurrency\\controller.rs","line_number":581}
{"timestamp":"2026-07-31T15:14:32.221605Z","level":"INFO","fields":{"message":"Concurrency control for download: Decreased concurrency from 1 to 1; reason: success ratio below threshold (connection struggling) (success_ratio = 1.000, threshold = 0.500)"},"filename":"D:\\a\\xet-core\\xet-core\\xet_client\\src\\cas_client\\adaptive_concurrency\\controller.rs","line_number":581}
{"timestamp":"2026-07-31T15:14:32.735943Z","level":"INFO","fields":{"message":"Concurrency control for download: Decreased concurrency from 1 to 1; reason: success ratio below threshold (connection struggling) (success_ratio = 1.000, threshold = 0.500)"},"filename":"D:\\a\\xet-core\\xet-core\\xet_client\\src\\cas_client\\adaptive_concurrency\\controller.rs","line_number":581}
{"timestamp":"2026-07-31T15:14:33.240093Z","level":"INFO","fields":{"message":"Concurrency control for download: Decreased concurrency from 1 to 1; reason: success ratio below threshold (connection struggling) (success_ratio = 1.000, threshold = 0.500)"},"filename":"D:\\a\\xet-core\\xet-core\\xet_client\\src\\cas_client\\adaptive_concurrency\\controller.rs","line_number":581}
{"timestamp":"2026-07-31T15:14:33.742759Z","level":"INFO","fields":{"message":"Concurrency control for download: Decreased concurrency from 1 to 1; reason: success ratio below threshold (connection struggling) (success_ratio = 1.000, threshold = 0.500)"},"filename":"D:\\a\\xet-core\\xet-core\\xet_client\\src\\cas_client\\adaptive_concurrency\\controller.rs","line_number":581}
{"timestamp":"2026-07-31T15:14:34.259807Z","level":"INFO","fields":{"message":"Concurrency control for download: Decreased concurrency from 1 to 1; reason: success ratio below threshold (connection struggling) (success_ratio = 1.000, threshold = 0.500)"},"filename":"D:\\a\\xet-core\\xet-core\\xet_client\\src\\cas_client\\adaptive_concurrency\\controller.rs","line_number":581}
{"timestamp":"2026-07-31T15:14:34.771617Z","level":"INFO","fields":{"message":"Concurrency control for download: Decreased concurrency from 1 to 1; reason: success ratio below threshold (connection struggling) (success_ratio = 1.000, threshold = 0.500)"},"filename":"D:\\a\\xet-core\\xet-core\\xet_client\\src\\cas_client\\adaptive_concurrency\\controller.rs","line_number":581}
{"timestamp":"2026-07-31T15:14:35.300936Z","level":"INFO","fields":{"message":"Concurrency control for download: Decreased concurrency from 1 to 1; reason: success ratio below threshold (connection struggling) (success_ratio = 1.000, threshold = 0.500)"},"filename":"D:\\a\\xet-core\\xet-core\\xet_client\\src\\cas_client\\adaptive_concurrency\\controller.rs","line_number":581}
{"timestamp":"2026-07-31T15:14:35.806475Z","level":"INFO","fields":{"message":"Concurrency control for download: Decreased concurrency from 1 to 1; reason: success ratio below threshold (connection struggling) (success_ratio = 1.000, threshold = 0.500)"},"filename":"D:\\a\\xet-core\\xet-core\\xet_client\\src\\cas_client\\adaptive_concurrency\\controller.rs","line_number":581}
{"timestamp":"2026-07-31T15:14:36.331043Z","level":"INFO","fields":{"message":"Concurrency control for download: Decreased concurrency from 1 to 1; reason: success ratio below threshold (connection struggling) (success_ratio = 1.000, threshold = 0.500)"},"filename":"D:\\a\\xet-core\\xet-core\\xet_client\\src\\cas_client\\adaptive_concurrency\\controller.rs","line_number":581}
{"timestamp":"2026-07-31T15:14:36.846743Z","level":"INFO","fields":{"message":"Concurrency control for download: Decreased concurrency from 1 to 1; reason: success ratio below threshold (connection struggling) (success_ratio = 1.000, threshold = 0.500)"},"filename":"D:\\a\\xet-core\\xet-core\\xet_client\\src\\cas_client\\adaptive_concurrency\\controller.rs","line_number":581}
{"timestamp":"2026-07-31T15:14:37.725949Z","level":"INFO","fields":{"message":"Concurrency control for download: Decreased concurrency from 1 to 1; reason: success ratio below threshold (connection struggling) (success_ratio = 1.000, threshold = 0.500)"},"filename":"D:\\a\\xet-core\\xet-core\\xet_client\\src\\cas_client\\adaptive_concurrency\\controller.rs","line_number":581}
{"timestamp":"2026-07-31T15:14:38.246230Z","level":"INFO","fields":{"message":"Concurrency control for download: Decreased concurrency from 1 to 1; reason: success ratio below threshold (connection struggling) (success_ratio = 1.000, threshold = 0.500)"},"filename":"D:\\a\\xet-core\\xet-core\\xet_client\\src\\cas_client\\adaptive_concurrency\\controller.rs","line_number":581}
{"timestamp":"2026-07-31T15:14:38.758858Z","level":"INFO","fields":{"message":"Concurrency control for download: Decreased concurrency from 1 to 1; reason: success ratio below threshold (connection struggling) (success_ratio = 1.000, threshold = 0.500)"},"filename":"D:\\a\\xet-core\\xet-core\\xet_client\\src\\cas_client\\adaptive_concurrency\\controller.rs","line_number":581}
{"timestamp":"2026-07-31T15:14:39.269214Z","level":"INFO","fields":{"message":"Concurrency control for download: Decreased concurrency from 1 to 1; reason: success ratio below threshold (connection struggling) (success_ratio = 1.000, threshold = 0.500)"},"filename":"D:\\a\\xet-core\\xet-core\\xet_client\\src\\cas_client\\adaptive_concurrency\\controller.rs","line_number":581}
{"timestamp":"2026-07-31T15:14:39.769668Z","level":"INFO","fields":{"message":"Concurrency control for download: Decreased concurrency from 1 to 1; reason: success ratio below threshold (connection struggling) (success_ratio = 1.000, threshold = 0.500)"},"filename":"D:\\a\\xet-core\\xet-core\\xet_client\\src\\cas_client\\adaptive_concurrency\\controller.rs","line_number":581}
{"timestamp":"2026-07-31T15:14:40.319655Z","level":"INFO","fields":{"message":"Concurrency control for download: Decreased concurrency from 1 to 1; reason: success ratio below threshold (connection struggling) (success_ratio = 1.000, threshold = 0.500)"},"filename":"D:\\a\\xet-core\\xet-core\\xet_client\\src\\cas_client\\adaptive_concurrency\\controller.rs","line_number":581}
{"timestamp":"2026-07-31T15:14:41.211008Z","level":"INFO","fields":{"message":"Concurrency control for download: Decreased concurrency from 1 to 1; reason: success ratio below threshold (connection struggling) (success_ratio = 1.000, threshold = 0.500)"},"filename":"D:\\a\\xet-core\\xet-core\\xet_client\\src\\cas_client\\adaptive_concurrency\\controller.rs","line_number":581}
{"timestamp":"2026-07-31T15:14:41.211034Z","level":"INFO","fields":{"message":"Concurrency control for download: Current concurrency = 1; predicted bandwidth = 61615; success_ratio = 1.000; reference_size = 3.9MB; observed bytes sent so far = 313359480; completed transmissions = 153"},"filename":"D:\\a\\xet-core\\xet-core\\xet_client\\src\\cas_client\\adaptive_concurrency\\controller.rs","line_number":597}
{"timestamp":"2026-07-31T15:14:41.756828Z","level":"INFO","fields":{"message":"Concurrency control for download: Decreased concurrency from 1 to 1; reason: success ratio below threshold (connection struggling) (success_ratio = 1.000, threshold = 0.500)"},"filename":"D:\\a\\xet-core\\xet-core\\xet_client\\src\\cas_client\\adaptive_concurrency\\controller.rs","line_number":581}
{"timestamp":"2026-07-31T15:14:42.644594Z","level":"INFO","fields":{"message":"Concurrency control for download: Decreased concurrency from 1 to 1; reason: success ratio below threshold (connection struggling) (success_ratio = 1.000, threshold = 0.500)"},"filename":"D:\\a\\xet-core\\xet-core\\xet_client\\src\\cas_client\\adaptive_concurrency\\controller.rs","line_number":581}
{"timestamp":"2026-07-31T15:14:43.519733Z","level":"INFO","fields":{"message":"Concurrency control for download: Decreased concurrency from 1 to 1; reason: success ratio below threshold (connection struggling) (success_ratio = 1.000, threshold = 0.500)"},"filename":"D:\\a\\xet-core\\xet-core\\xet_client\\src\\cas_client\\adaptive_concurrency\\controller.rs","line_number":581}
{"timestamp":"2026-07-31T15:14:44.052370Z","level":"INFO","fields":{"message":"Concurrency control for download: Decreased concurrency from 1 to 1; reason: success ratio below threshold (connection struggling) (success_ratio = 1.000, threshold = 0.500)"},"filename":"D:\\a\\xet-core\\xet-core\\xet_client\\src\\cas_client\\adaptive_concurrency\\controller.rs","line_number":581}
{"timestamp":"2026-07-31T15:14:44.593834Z","level":"INFO","fields":{"message":"Concurrency control for download: Decreased concurrency from 1 to 1; reason: success ratio below threshold (connection struggling) (success_ratio = 1.000, threshold = 0.500)"},"filename":"D:\\a\\xet-core\\xet-core\\xet_client\\src\\cas_client\\adaptive_concurrency\\controller.rs","line_number":581}
{"timestamp":"2026-07-31T15:14:45.104803Z","level":"INFO","fields":{"message":"Concurrency control for download: Decreased concurrency from 1 to 1; reason: success ratio below threshold (connection struggling) (success_ratio = 1.000, threshold = 0.500)"},"filename":"D:\\a\\xet-core\\xet-core\\xet_client\\src\\cas_client\\adaptive_concurrency\\controller.rs","line_number":581}
{"timestamp":"2026-07-31T15:14:45.607464Z","level":"INFO","fields":{"message":"Concurrency control for download: Decreased concurrency from 1 to 1; reason: success ratio below threshold (connection struggling) (success_ratio = 1.000, threshold = 0.500)"},"filename":"D:\\a\\xet-core\\xet-core\\xet_client\\src\\cas_client\\adaptive_concurrency\\controller.rs","line_number":581}
{"timestamp":"2026-07-31T15:14:46.268867Z","level":"INFO","fields":{"message":"Concurrency control for download: Decreased concurrency from 1 to 1; reason: success ratio below threshold (connection struggling) (success_ratio = 1.000, threshold = 0.500)"},"filename":"D:\\a\\xet-core\\xet-core\\xet_client\\src\\cas_client\\adaptive_concurrency\\controller.rs","line_number":581}
{"timestamp":"2026-07-31T15:14:46.779944Z","level":"INFO","fields":{"message":"Concurrency control for download: Decreased concurrency from 1 to 1; reason: success ratio below threshold (connection struggling) (success_ratio = 1.000, threshold = 0.500)"},"filename":"D:\\a\\xet-core\\xet-core\\xet_client\\src\\cas_client\\adaptive_concurrency\\controller.rs","line_number":581}
{"timestamp":"2026-07-31T15:14:47.320254Z","level":"INFO","fields":{"message":"Concurrency control for download: Decreased concurrency from 1 to 1; reason: success ratio below threshold (connection struggling) (success_ratio = 1.000, threshold = 0.500)"},"filename":"D:\\a\\xet-core\\xet-core\\xet_client\\src\\cas_client\\adaptive_concurrency\\controller.rs","line_number":581}
{"timestamp":"2026-07-31T15:14:47.912415Z","level":"INFO","fields":{"message":"Concurrency control for download: Decreased concurrency from 1 to 1; reason: success ratio below threshold (connection struggling) (success_ratio = 1.000, threshold = 0.500)"},"filename":"D:\\a\\xet-core\\xet-core\\xet_client\\src\\cas_client\\adaptive_concurrency\\controller.rs","line_number":581}
{"timestamp":"2026-07-31T15:14:48.609250Z","level":"INFO","fields":{"message":"Concurrency control for download: Decreased concurrency from 1 to 1; reason: success ratio below threshold (connection struggling) (success_ratio = 1.000, threshold = 0.500)"},"filename":"D:\\a\\xet-core\\xet-core\\xet_client\\src\\cas_client\\adaptive_concurrency\\controller.rs","line_number":581}
{"timestamp":"2026-07-31T15:14:49.139971Z","level":"INFO","fields":{"message":"Concurrency control for download: Decreased concurrency from 1 to 1; reason: success ratio below threshold (connection struggling) (success_ratio = 1.000, threshold = 0.500)"},"filename":"D:\\a\\xet-core\\xet-core\\xet_client\\src\\cas_client\\adaptive_concurrency\\controller.rs","line_number":581}
{"timestamp":"2026-07-31T15:14:49.663907Z","level":"INFO","fields":{"message":"Concurrency control for download: Decreased concurrency from 1 to 1; reason: success ratio below threshold (connection struggling) (success_ratio = 1.000, threshold = 0.500)"},"filename":"D:\\a\\xet-core\\xet-core\\xet_client\\src\\cas_client\\adaptive_concurrency\\controller.rs","line_number":581}
{"timestamp":"2026-07-31T15:14:50.223395Z","level":"INFO","fields":{"message":"Concurrency control for download: Decreased concurrency from 1 to 1; reason: success ratio below threshold (connection struggling) (success_ratio = 1.000, threshold = 0.500)"},"filename":"D:\\a\\xet-core\\xet-core\\xet_client\\src\\cas_client\\adaptive_concurrency\\controller.rs","line_number":581}
{"timestamp":"2026-07-31T15:14:50.749611Z","level":"INFO","fields":{"message":"Concurrency control for download: Decreased concurrency from 1 to 1; reason: success ratio below threshold (connection struggling) (success_ratio = 1.000, threshold = 0.500)"},"filename":"D:\\a\\xet-core\\xet-core\\xet_client\\src\\cas_client\\adaptive_concurrency\\controller.rs","line_number":581}
{"timestamp":"2026-07-31T15:14:51.285984Z","level":"INFO","fields":{"message":"Concurrency control for download: Decreased concurrency from 1 to 1; reason: success ratio below threshold (connection struggling) (success_ratio = 1.000, threshold = 0.500)"},"filename":"D:\\a\\xet-core\\xet-core\\xet_client\\src\\cas_client\\adaptive_concurrency\\controller.rs","line_number":581}
{"timestamp":"2026-07-31T15:14:51.286006Z","level":"INFO","fields":{"message":"Concurrency control for download: Current concurrency = 1; predicted bandwidth = 54982; success_ratio = 1.000; reference_size = 3.9MB; observed bytes sent so far = 317488248; completed transmissions = 153"},"filename":"D:\\a\\xet-core\\xet-core\\xet_client\\src\\cas_client\\adaptive_concurrency\\controller.rs","line_number":597}
{"timestamp":"2026-07-31T15:14:51.895708Z","level":"INFO","fields":{"message":"Concurrency control for download: Decreased concurrency from 1 to 1; reason: success ratio below threshold (connection struggling) (success_ratio = 1.000, threshold = 0.500)"},"filename":"D:\\a\\xet-core\\xet-core\\xet_client\\src\\cas_client\\adaptive_concurrency\\controller.rs","line_number":581}
{"timestamp":"2026-07-31T15:14:52.455321Z","level":"INFO","fields":{"message":"Concurrency control for download: Decreased concurrency from 1 to 1; reason: success ratio below threshold (connection struggling) (success_ratio = 1.000, threshold = 0.500)"},"filename":"D:\\a\\xet-core\\xet-core\\xet_client\\src\\cas_client\\adaptive_concurrency\\controller.rs","line_number":581}
{"timestamp":"2026-07-31T15:14:53.768533Z","level":"INFO","fields":{"message":"Concurrency control for download: Decreased concurrency from 1 to 1; reason: success ratio below threshold (connection struggling) (success_ratio = 1.000, threshold = 0.500)"},"filename":"D:\\a\\xet-core\\xet-core\\xet_client\\src\\cas_client\\adaptive_concurrency\\controller.rs","line_number":581}
{"timestamp":"2026-07-31T15:14:54.532170Z","level":"INFO","fields":{"message":"Concurrency control for download: Decreased concurrency from 1 to 1; reason: success ratio below threshold (connection struggling) (success_ratio = 1.000, threshold = 0.500)"},"filename":"D:\\a\\xet-core\\xet-core\\xet_client\\src\\cas_client\\adaptive_concurrency\\controller.rs","line_number":581}
{"timestamp":"2026-07-31T15:14:55.091087Z","level":"INFO","fields":{"message":"Concurrency control for download: Decreased concurrency from 1 to 1; reason: success ratio below threshold (connection struggling) (success_ratio = 1.000, threshold = 0.500)"},"filename":"D:\\a\\xet-core\\xet-core\\xet_client\\src\\cas_client\\adaptive_concurrency\\controller.rs","line_number":581}
{"timestamp":"2026-07-31T15:14:55.632441Z","level":"INFO","fields":{"message":"Concurrency control for download: Decreased concurrency from 1 to 1; reason: success ratio below threshold (connection struggling) (success_ratio = 1.000, threshold = 0.500)"},"filename":"D:\\a\\xet-core\\xet-core\\xet_client\\src\\cas_client\\adaptive_concurrency\\controller.rs","line_number":581}
{"timestamp":"2026-07-31T15:14:56.144524Z","level":"INFO","fields":{"message":"Concurrency control for download: Decreased concurrency from 1 to 1; reason: success ratio below threshold (connection struggling) (success_ratio = 1.000, threshold = 0.500)"},"filename":"D:\\a\\xet-core\\xet-core\\xet_client\\src\\cas_client\\adaptive_concurrency\\controller.rs","line_number":581}
{"timestamp":"2026-07-31T15:14:56.738444Z","level":"INFO","fields":{"message":"Concurrency control for download: Decreased concurrency from 1 to 1; reason: success ratio below threshold (connection struggling) (success_ratio = 1.000, threshold = 0.500)"},"filename":"D:\\a\\xet-core\\xet-core\\xet_client\\src\\cas_client\\adaptive_concurrency\\controller.rs","line_number":581}
{"timestamp":"2026-07-31T15:14:57.243363Z","level":"INFO","fields":{"message":"Concurrency control for download: Decreased concurrency from 1 to 1; reason: success ratio below threshold (connection struggling) (success_ratio = 1.000, threshold = 0.500)"},"filename":"D:\\a\\xet-core\\xet-core\\xet_client\\src\\cas_client\\adaptive_concurrency\\controller.rs","line_number":581}
{"timestamp":"2026-07-31T15:14:58.256077Z","level":"INFO","fields":{"message":"Concurrency control for download: Decreased concurrency from 1 to 1; reason: success ratio below threshold (connection struggling) (success_ratio = 1.000, threshold = 0.500)"},"filename":"D:\\a\\xet-core\\xet-core\\xet_client\\src\\cas_client\\adaptive_concurrency\\controller.rs","line_number":581}
{"timestamp":"2026-07-31T15:14:58.871654Z","level":"INFO","fields":{"message":"Concurrency control for download: Decreased concurrency from 1 to 1; reason: success ratio below threshold (connection struggling) (success_ratio = 1.000, threshold = 0.500)"},"filename":"D:\\a\\xet-core\\xet-core\\xet_client\\src\\cas_client\\adaptive_concurrency\\controller.rs","line_number":581}
{"timestamp":"2026-07-31T15:14:59.394712Z","level":"INFO","fields":{"message":"Concurrency control for download: Decreased concurrency from 1 to 1; reason: success ratio below threshold (connection struggling) (success_ratio = 1.000, threshold = 0.500)"},"filename":"D:\\a\\xet-core\\xet-core\\xet_client\\src\\cas_client\\adaptive_concurrency\\controller.rs","line_number":581}
{"timestamp":"2026-07-31T15:14:59.926411Z","level":"INFO","fields":{"message":"Concurrency control for download: Decreased concurrency from 1 to 1; reason: success ratio below threshold (connection struggling) (success_ratio = 1.000, threshold = 0.500)"},"filename":"D:\\a\\xet-core\\xet-core\\xet_client\\src\\cas_client\\adaptive_concurrency\\controller.rs","line_number":581}
{"timestamp":"2026-07-31T15:15:00.453016Z","level":"INFO","fields":{"message":"Concurrency control for download: Decreased concurrency from 1 to 1; reason: success ratio below threshold (connection struggling) (success_ratio = 1.000, threshold = 0.500)"},"filename":"D:\\a\\xet-core\\xet-core\\xet_client\\src\\cas_client\\adaptive_concurrency\\controller.rs","line_number":581}
{"timestamp":"2026-07-31T15:15:00.971365Z","level":"INFO","fields":{"message":"Concurrency control for download: Decreased concurrency from 1 to 1; reason: success ratio below threshold (connection struggling) (success_ratio = 1.000, threshold = 0.500)"},"filename":"D:\\a\\xet-core\\xet-core\\xet_client\\src\\cas_client\\adaptive_concurrency\\controller.rs","line_number":581}
{"timestamp":"2026-07-31T15:15:01.294398Z","level":"INFO","fields":{"message":"Concurrency control for download: Current concurrency = 1; predicted bandwidth = 51197; success_ratio = 1.000; reference_size = 3.9MB; observed bytes sent so far = 323058808; completed transmissions = 153"},"filename":"D:\\a\\xet-core\\xet-core\\xet_client\\src\\cas_client\\adaptive_concurrency\\controller.rs","line_number":597}
{"timestamp":"2026-07-31T15:15:01.602049Z","level":"INFO","fields":{"message":"Concurrency control for download: Decreased concurrency from 1 to 1; reason: success ratio below threshold (connection struggling) (success_ratio = 1.000, threshold = 0.500)"},"filename":"D:\\a\\xet-core\\xet-core\\xet_client\\src\\cas_client\\adaptive_concurrency\\controller.rs","line_number":581}
{"timestamp":"2026-07-31T15:15:02.790782Z","level":"INFO","fields":{"message":"Concurrency control for download: Decreased concurrency from 1 to 1; reason: success ratio below threshold (connection struggling) (success_ratio = 1.000, threshold = 0.500)"},"filename":"D:\\a\\xet-core\\xet-core\\xet_client\\src\\cas_client\\adaptive_concurrency\\controller.rs","line_number":581}
{"timestamp":"2026-07-31T15:15:03.763936Z","level":"INFO","fields":{"message":"Concurrency control for download: Decreased concurrency from 1 to 1; reason: success ratio below threshold (connection struggling) (success_ratio = 1.000, threshold = 0.500)"},"filename":"D:\\a\\xet-core\\xet-core\\xet_client\\src\\cas_client\\adaptive_concurrency\\controller.rs","line_number":581}
{"timestamp":"2026-07-31T15:15:04.761215Z","level":"INFO","fields":{"message":"Concurrency control for download: Decreased concurrency from 1 to 1; reason: success ratio below threshold (connection struggling) (success_ratio = 1.000, threshold = 0.500)"},"filename":"D:\\a\\xet-core\\xet-core\\xet_client\\src\\cas_client\\adaptive_concurrency\\controller.rs","line_number":581}
{"timestamp":"2026-07-31T15:15:05.756102Z","level":"INFO","fields":{"message":"Concurrency control for download: Decreased concurrency from 1 to 1; reason: success ratio below threshold (connection struggling) (success_ratio = 1.000, threshold = 0.500)"},"filename":"D:\\a\\xet-core\\xet-core\\xet_client\\src\\cas_client\\adaptive_concurrency\\controller.rs","line_number":581}
{"timestamp":"2026-07-31T15:15:06.548214Z","level":"INFO","fields":{"message":"Concurrency control for download: Decreased concurrency from 1 to 1; reason: success ratio below threshold (connection struggling) (success_ratio = 1.000, threshold = 0.500)"},"filename":"D:\\a\\xet-core\\xet-core\\xet_client\\src\\cas_client\\adaptive_concurrency\\controller.rs","line_number":581}
{"timestamp":"2026-07-31T15:15:07.169275Z","level":"INFO","fields":{"message":"Concurrency control for download: Decreased concurrency from 1 to 1; reason: success ratio below threshold (connection struggling) (success_ratio = 1.000, threshold = 0.500)"},"filename":"D:\\a\\xet-core\\xet-core\\xet_client\\src\\cas_client\\adaptive_concurrency\\controller.rs","line_number":581}
{"timestamp":"2026-07-31T15:15:07.752335Z","level":"INFO","fields":{"message":"Concurrency control for download: Decreased concurrency from 1 to 1; reason: success ratio below threshold (connection struggling) (success_ratio = 1.000, threshold = 0.500)"},"filename":"D:\\a\\xet-core\\xet-core\\xet_client\\src\\cas_client\\adaptive_concurrency\\controller.rs","line_number":581}
{"timestamp":"2026-07-31T15:15:08.271852Z","level":"INFO","fields":{"message":"Concurrency control for download: Decreased concurrency from 1 to 1; reason: success ratio below threshold (connection struggling) (success_ratio = 1.000, threshold = 0.500)"},"filename":"D:\\a\\xet-core\\xet-core\\xet_client\\src\\cas_client\\adaptive_concurrency\\controller.rs","line_number":581}
{"timestamp":"2026-07-31T15:15:08.988074Z","level":"INFO","fields":{"message":"Concurrency control for download: Decreased concurrency from 1 to 1; reason: success ratio below threshold (connection struggling) (success_ratio = 1.000, threshold = 0.500)"},"filename":"D:\\a\\xet-core\\xet-core\\xet_client\\src\\cas_client\\adaptive_concurrency\\controller.rs","line_number":581}
{"timestamp":"2026-07-31T15:15:09.578867Z","level":"INFO","fields":{"message":"Concurrency control for download: Decreased concurrency from 1 to 1; reason: success ratio below threshold (connection struggling) (success_ratio = 1.000, threshold = 0.500)"},"filename":"D:\\a\\xet-core\\xet-core\\xet_client\\src\\cas_client\\adaptive_concurrency\\controller.rs","line_number":581}
{"timestamp":"2026-07-31T15:15:10.663044Z","level":"INFO","fields":{"message":"Concurrency control for download: Decreased concurrency from 1 to 1; reason: success ratio below threshold (connection struggling) (success_ratio = 1.000, threshold = 0.500)"},"filename":"D:\\a\\xet-core\\xet-core\\xet_client\\src\\cas_client\\adaptive_concurrency\\controller.rs","line_number":581}
{"timestamp":"2026-07-31T15:15:11.406856Z","level":"INFO","fields":{"message":"Concurrency control for download: Decreased concurrency from 1 to 1; reason: success ratio below threshold (connection struggling) (success_ratio = 1.000, threshold = 0.500)"},"filename":"D:\\a\\xet-core\\xet-core\\xet_client\\src\\cas_client\\adaptive_concurrency\\controller.rs","line_number":581}
{"timestamp":"2026-07-31T15:15:11.406884Z","level":"INFO","fields":{"message":"Concurrency control for download: Current concurrency = 1; predicted bandwidth = 50038; success_ratio = 1.000; reference_size = 3.9MB; observed bytes sent so far = 324385912; completed transmissions = 153"},"filename":"D:\\a\\xet-core\\xet-core\\xet_client\\src\\cas_client\\adaptive_concurrency\\controller.rs","line_number":597}
{"timestamp":"2026-07-31T15:15:11.967444Z","level":"INFO","fields":{"message":"Concurrency control for download: Decreased concurrency from 1 to 1; reason: success ratio below threshold (connection struggling) (success_ratio = 1.000, threshold = 0.500)"},"filename":"D:\\a\\xet-core\\xet-core\\xet_client\\src\\cas_client\\adaptive_concurrency\\controller.rs","line_number":581}
{"timestamp":"2026-07-31T15:15:12.472805Z","level":"INFO","fields":{"message":"Concurrency control for download: Decreased concurrency from 1 to 1; reason: success ratio below threshold (connection struggling) (success_ratio = 1.000, threshold = 0.500)"},"filename":"D:\\a\\xet-core\\xet-core\\xet_client\\src\\cas_client\\adaptive_concurrency\\controller.rs","line_number":581}
{"timestamp":"2026-07-31T15:15:12.977377Z","level":"INFO","fields":{"message":"Concurrency control for download: Decreased concurrency from 1 to 1; reason: success ratio below threshold (connection struggling) (success_ratio = 1.000, threshold = 0.500)"},"filename":"D:\\a\\xet-core\\xet-core\\xet_client\\src\\cas_client\\adaptive_concurrency\\controller.rs","line_number":581}
{"timestamp":"2026-07-31T15:15:13.480663Z","level":"INFO","fields":{"message":"Concurrency control for download: Decreased concurrency from 1 to 1; reason: success ratio below threshold (connection struggling) (success_ratio = 1.000, threshold = 0.500)"},"filename":"D:\\a\\xet-core\\xet-core\\xet_client\\src\\cas_client\\adaptive_concurrency\\controller.rs","line_number":581}
{"timestamp":"2026-07-31T15:15:13.981464Z","level":"INFO","fields":{"message":"Concurrency control for download: Decreased concurrency from 1 to 1; reason: success ratio below threshold (connection struggling) (success_ratio = 1.000, threshold = 0.500)"},"filename":"D:\\a\\xet-core\\xet-core\\xet_client\\src\\cas_client\\adaptive_concurrency\\controller.rs","line_number":581}
{"timestamp":"2026-07-31T15:15:14.487858Z","level":"INFO","fields":{"message":"Concurrency control for download: Decreased concurrency from 1 to 1; reason: success ratio below threshold (connection struggling) (success_ratio = 1.000, threshold = 0.500)"},"filename":"D:\\a\\xet-core\\xet-core\\xet_client\\src\\cas_client\\adaptive_concurrency\\controller.rs","line_number":581}
{"timestamp":"2026-07-31T15:15:14.994146Z","level":"INFO","fields":{"message":"Concurrency control for download: Decreased concurrency from 1 to 1; reason: success ratio below threshold (connection struggling) (success_ratio = 1.000, threshold = 0.500)"},"filename":"D:\\a\\xet-core\\xet-core\\xet_client\\src\\cas_client\\adaptive_concurrency\\controller.rs","line_number":581}
{"timestamp":"2026-07-31T15:15:15.543902Z","level":"INFO","fields":{"message":"Concurrency control for download: Decreased concurrency from 1 to 1; reason: success ratio below threshold (connection struggling) (success_ratio = 1.000, threshold = 0.500)"},"filename":"D:\\a\\xet-core\\xet-core\\xet_client\\src\\cas_client\\adaptive_concurrency\\controller.rs","line_number":581}
{"timestamp":"2026-07-31T15:15:16.060404Z","level":"INFO","fields":{"message":"Concurrency control for download: Decreased concurrency from 1 to 1; reason: success ratio below threshold (connection struggling) (success_ratio = 1.000, threshold = 0.500)"},"filename":"D:\\a\\xet-core\\xet-core\\xet_client\\src\\cas_client\\adaptive_concurrency\\controller.rs","line_number":581}
{"timestamp":"2026-07-31T15:15:16.749476Z","level":"INFO","fields":{"message":"Concurrency control for download: Decreased concurrency from 1 to 1; reason: success ratio below threshold (connection struggling) (success_ratio = 1.000, threshold = 0.500)"},"filename":"D:\\a\\xet-core\\xet-core\\xet_client\\src\\cas_client\\adaptive_concurrency\\controller.rs","line_number":581}
{"timestamp":"2026-07-31T15:15:17.490354Z","level":"INFO","fields":{"message":"Concurrency control for download: Decreased concurrency from 1 to 1; reason: success ratio below threshold (connection struggling) (success_ratio = 1.000, threshold = 0.500)"},"filename":"D:\\a\\xet-core\\xet-core\\xet_client\\src\\cas_client\\adaptive_concurrency\\controller.rs","line_number":581}
{"timestamp":"2026-07-31T15:15:19.214852Z","level":"INFO","fields":{"message":"Concurrency control for download: Decreased concurrency from 1 to 1; reason: success ratio below threshold (connection struggling) (success_ratio = 1.000, threshold = 0.500)"},"filename":"D:\\a\\xet-core\\xet-core\\xet_client\\src\\cas_client\\adaptive_concurrency\\controller.rs","line_number":581}
{"timestamp":"2026-07-31T15:15:19.716616Z","level":"INFO","fields":{"message":"Concurrency control for download: Decreased concurrency from 1 to 1; reason: success ratio below threshold (connection struggling) (success_ratio = 1.000, threshold = 0.500)"},"filename":"D:\\a\\xet-core\\xet-core\\xet_client\\src\\cas_client\\adaptive_concurrency\\controller.rs","line_number":581}
{"timestamp":"2026-07-31T15:15:20.223156Z","level":"INFO","fields":{"message":"Concurrency control for download: Decreased concurrency from 1 to 1; reason: success ratio below threshold (connection struggling) (success_ratio = 1.000, threshold = 0.500)"},"filename":"D:\\a\\xet-core\\xet-core\\xet_client\\src\\cas_client\\adaptive_concurrency\\controller.rs","line_number":581}
{"timestamp":"2026-07-31T15:15:20.727486Z","level":"INFO","fields":{"message":"Concurrency control for download: Decreased concurrency from 1 to 1; reason: success ratio below threshold (connection struggling) (success_ratio = 1.000, threshold = 0.500)"},"filename":"D:\\a\\xet-core\\xet-core\\xet_client\\src\\cas_client\\adaptive_concurrency\\controller.rs","line_number":581}
{"timestamp":"2026-07-31T15:15:21.310595Z","level":"INFO","fields":{"message":"Concurrency control for download: Decreased concurrency from 1 to 1; reason: success ratio below threshold (connection struggling) (success_ratio = 1.000, threshold = 0.500)"},"filename":"D:\\a\\xet-core\\xet-core\\xet_client\\src\\cas_client\\adaptive_concurrency\\controller.rs","line_number":581}
{"timestamp":"2026-07-31T15:15:21.607832Z","level":"INFO","fields":{"message":"Concurrency control for download: Current concurrency = 1; predicted bandwidth = 46475; success_ratio = 1.000; reference_size = 3.9MB; observed bytes sent so far = 329825400; completed transmissions = 153"},"filename":"D:\\a\\xet-core\\xet-core\\xet_client\\src\\cas_client\\adaptive_concurrency\\controller.rs","line_number":597}
{"timestamp":"2026-07-31T15:15:21.858743Z","level":"INFO","fields":{"message":"Concurrency control for download: Decreased concurrency from 1 to 1; reason: success ratio below threshold (connection struggling) (success_ratio = 1.000, threshold = 0.500)"},"filename":"D:\\a\\xet-core\\xet-core\\xet_client\\src\\cas_client\\adaptive_concurrency\\controller.rs","line_number":581}
{"timestamp":"2026-07-31T15:15:22.958056Z","level":"INFO","fields":{"message":"Concurrency control for download: Decreased concurrency from 1 to 1; reason: success ratio below threshold (connection struggling) (success_ratio = 1.000, threshold = 0.500)"},"filename":"D:\\a\\xet-core\\xet-core\\xet_client\\src\\cas_client\\adaptive_concurrency\\controller.rs","line_number":581}
{"timestamp":"2026-07-31T15:15:23.751473Z","level":"INFO","fields":{"message":"Concurrency control for download: Decreased concurrency from 1 to 1; reason: success ratio below threshold (connection struggling) (success_ratio = 1.000, threshold = 0.500)"},"filename":"D:\\a\\xet-core\\xet-core\\xet_client\\src\\cas_client\\adaptive_concurrency\\controller.rs","line_number":581}
{"timestamp":"2026-07-31T15:15:24.282110Z","level":"INFO","fields":{"message":"Concurrency control for download: Decreased concurrency from 1 to 1; reason: success ratio below threshold (connection struggling) (success_ratio = 1.000, threshold = 0.500)"},"filename":"D:\\a\\xet-core\\xet-core\\xet_client\\src\\cas_client\\adaptive_concurrency\\controller.rs","line_number":581}
{"timestamp":"2026-07-31T15:15:24.864341Z","level":"INFO","fields":{"message":"Concurrency control for download: Decreased concurrency from 1 to 1; reason: success ratio below threshold (connection struggling) (success_ratio = 1.000, threshold = 0.500)"},"filename":"D:\\a\\xet-core\\xet-core\\xet_client\\src\\cas_client\\adaptive_concurrency\\controller.rs","line_number":581}
{"timestamp":"2026-07-31T15:15:25.523976Z","level":"INFO","fields":{"message":"Concurrency control for download: Decreased concurrency from 1 to 1; reason: success ratio below threshold (connection struggling) (success_ratio = 1.000, threshold = 0.500)"},"filename":"D:\\a\\xet-core\\xet-core\\xet_client\\src\\cas_client\\adaptive_concurrency\\controller.rs","line_number":581}
{"timestamp":"2026-07-31T15:15:26.757928Z","level":"INFO","fields":{"message":"Concurrency control for download: Decreased concurrency from 1 to 1; reason: success ratio below threshold (connection struggling) (success_ratio = 1.000, threshold = 0.500)"},"filename":"D:\\a\\xet-core\\xet-core\\xet_client\\src\\cas_client\\adaptive_concurrency\\controller.rs","line_number":581}
{"timestamp":"2026-07-31T15:15:27.768287Z","level":"INFO","fields":{"message":"Concurrency control for download: Decreased concurrency from 1 to 1; reason: success ratio below threshold (connection struggling) (success_ratio = 1.000, threshold = 0.500)"},"filename":"D:\\a\\xet-core\\xet-core\\xet_client\\src\\cas_client\\adaptive_concurrency\\controller.rs","line_number":581}
{"timestamp":"2026-07-31T15:15:28.454416Z","level":"INFO","fields":{"message":"Concurrency control for download: Decreased concurrency from 1 to 1; reason: success ratio below threshold (connection struggling) (success_ratio = 1.000, threshold = 0.500)"},"filename":"D:\\a\\xet-core\\xet-core\\xet_client\\src\\cas_client\\adaptive_concurrency\\controller.rs","line_number":581}
{"timestamp":"2026-07-31T15:15:28.978237Z","level":"INFO","fields":{"message":"Concurrency control for download: Decreased concurrency from 1 to 1; reason: success ratio below threshold (connection struggling) (success_ratio = 1.000, threshold = 0.500)"},"filename":"D:\\a\\xet-core\\xet-core\\xet_client\\src\\cas_client\\adaptive_concurrency\\controller.rs","line_number":581}
{"timestamp":"2026-07-31T15:15:29.520044Z","level":"INFO","fields":{"message":"Concurrency control for download: Decreased concurrency from 1 to 1; reason: success ratio below threshold (connection struggling) (success_ratio = 1.000, threshold = 0.500)"},"filename":"D:\\a\\xet-core\\xet-core\\xet_client\\src\\cas_client\\adaptive_concurrency\\controller.rs","line_number":581}
{"timestamp":"2026-07-31T15:15:30.040342Z","level":"INFO","fields":{"message":"Concurrency control for download: Decreased concurrency from 1 to 1; reason: success ratio below threshold (connection struggling) (success_ratio = 1.000, threshold = 0.500)"},"filename":"D:\\a\\xet-core\\xet-core\\xet_client\\src\\cas_client\\adaptive_concurrency\\controller.rs","line_number":581}
{"timestamp":"2026-07-31T15:15:30.576249Z","level":"INFO","fields":{"message":"Concurrency control for download: Decreased concurrency from 1 to 1; reason: success ratio below threshold (connection struggling) (success_ratio = 1.000, threshold = 0.500)"},"filename":"D:\\a\\xet-core\\xet-core\\xet_client\\src\\cas_client\\adaptive_concurrency\\controller.rs","line_number":581}
{"timestamp":"2026-07-31T15:15:31.096224Z","level":"INFO","fields":{"message":"Concurrency control for download: Decreased concurrency from 1 to 1; reason: success ratio below threshold (connection struggling) (success_ratio = 1.000, threshold = 0.500)"},"filename":"D:\\a\\xet-core\\xet-core\\xet_client\\src\\cas_client\\adaptive_concurrency\\controller.rs","line_number":581}
{"timestamp":"2026-07-31T15:15:31.756586Z","level":"INFO","fields":{"message":"Concurrency control for download: Decreased concurrency from 1 to 1; reason: success ratio below threshold (connection struggling) (success_ratio = 1.000, threshold = 0.500)"},"filename":"D:\\a\\xet-core\\xet-core\\xet_client\\src\\cas_client\\adaptive_concurrency\\controller.rs","line_number":581}
{"timestamp":"2026-07-31T15:15:31.756614Z","level":"INFO","fields":{"message":"Concurrency control for download: Current concurrency = 1; predicted bandwidth = 44453; success_ratio = 1.000; reference_size = 3.9MB; observed bytes sent so far = 332037240; completed transmissions = 153"},"filename":"D:\\a\\xet-core\\xet-core\\xet_client\\src\\cas_client\\adaptive_concurrency\\controller.rs","line_number":597}
{"timestamp":"2026-07-31T15:15:32.259386Z","level":"INFO","fields":{"message":"Concurrency control for download: Decreased concurrency from 1 to 1; reason: success ratio below threshold (connection struggling) (success_ratio = 1.000, threshold = 0.500)"},"filename":"D:\\a\\xet-core\\xet-core\\xet_client\\src\\cas_client\\adaptive_concurrency\\controller.rs","line_number":581}
{"timestamp":"2026-07-31T15:15:32.875727Z","level":"INFO","fields":{"message":"Concurrency control for download: Decreased concurrency from 1 to 1; reason: success ratio below threshold (connection struggling) (success_ratio = 1.000, threshold = 0.500)"},"filename":"D:\\a\\xet-core\\xet-core\\xet_client\\src\\cas_client\\adaptive_concurrency\\controller.rs","line_number":581}
{"timestamp":"2026-07-31T15:15:33.403794Z","level":"INFO","fields":{"message":"Concurrency control for download: Decreased concurrency from 1 to 1; reason: success ratio below threshold (connection struggling) (success_ratio = 1.000, threshold = 0.500)"},"filename":"D:\\a\\xet-core\\xet-core\\xet_client\\src\\cas_client\\adaptive_concurrency\\controller.rs","line_number":581}
{"timestamp":"2026-07-31T15:15:33.959716Z","level":"INFO","fields":{"message":"Concurrency control for download: Decreased concurrency from 1 to 1; reason: success ratio below threshold (connection struggling) (success_ratio = 1.000, threshold = 0.500)"},"filename":"D:\\a\\xet-core\\xet-core\\xet_client\\src\\cas_client\\adaptive_concurrency\\controller.rs","line_number":581}
{"timestamp":"2026-07-31T15:15:34.505694Z","level":"INFO","fields":{"message":"Concurrency control for download: Decreased concurrency from 1 to 1; reason: success ratio below threshold (connection struggling) (success_ratio = 1.000, threshold = 0.500)"},"filename":"D:\\a\\xet-core\\xet-core\\xet_client\\src\\cas_client\\adaptive_concurrency\\controller.rs","line_number":581}
{"timestamp":"2026-07-31T15:15:35.489703Z","level":"INFO","fields":{"message":"Concurrency control for download: Decreased concurrency from 1 to 1; reason: success ratio below threshold (connection struggling) (success_ratio = 1.000, threshold = 0.500)"},"filename":"D:\\a\\xet-core\\xet-core\\xet_client\\src\\cas_client\\adaptive_concurrency\\controller.rs","line_number":581}
{"timestamp":"2026-07-31T15:15:36.048870Z","level":"INFO","fields":{"message":"Concurrency control for download: Decreased concurrency from 1 to 1; reason: success ratio below threshold (connection struggling) (success_ratio = 1.000, threshold = 0.500)"},"filename":"D:\\a\\xet-core\\xet-core\\xet_client\\src\\cas_client\\adaptive_concurrency\\controller.rs","line_number":581}
{"timestamp":"2026-07-31T15:15:36.606999Z","level":"INFO","fields":{"message":"Concurrency control for download: Decreased concurrency from 1 to 1; reason: success ratio below threshold (connection struggling) (success_ratio = 1.000, threshold = 0.500)"},"filename":"D:\\a\\xet-core\\xet-core\\xet_client\\src\\cas_client\\adaptive_concurrency\\controller.rs","line_number":581}
{"timestamp":"2026-07-31T15:15:37.344302Z","level":"INFO","fields":{"message":"Concurrency control for download: Decreased concurrency from 1 to 1; reason: success ratio below threshold (connection struggling) (success_ratio = 1.000, threshold = 0.500)"},"filename":"D:\\a\\xet-core\\xet-core\\xet_client\\src\\cas_client\\adaptive_concurrency\\controller.rs","line_number":581}
{"timestamp":"2026-07-31T15:15:37.858063Z","level":"INFO","fields":{"message":"Concurrency control for download: Decreased concurrency from 1 to 1; reason: success ratio below threshold (connection struggling) (success_ratio = 1.000, threshold = 0.500)"},"filename":"D:\\a\\xet-core\\xet-core\\xet_client\\src\\cas_client\\adaptive_concurrency\\controller.rs","line_number":581}
{"timestamp":"2026-07-31T15:15:38.367484Z","level":"INFO","fields":{"message":"Concurrency control for download: Decreased concurrency from 1 to 1; reason: success ratio below threshold (connection struggling) (success_ratio = 1.000, threshold = 0.500)"},"filename":"D:\\a\\xet-core\\xet-core\\xet_client\\src\\cas_client\\adaptive_concurrency\\controller.rs","line_number":581}
{"timestamp":"2026-07-31T15:15:38.876402Z","level":"INFO","fields":{"message":"Concurrency control for download: Decreased concurrency from 1 to 1; reason: success ratio below threshold (connection struggling) (success_ratio = 1.000, threshold = 0.500)"},"filename":"D:\\a\\xet-core\\xet-core\\xet_client\\src\\cas_client\\adaptive_concurrency\\controller.rs","line_number":581}
{"timestamp":"2026-07-31T15:15:39.492306Z","level":"INFO","fields":{"message":"Concurrency control for download: Decreased concurrency from 1 to 1; reason: success ratio below threshold (connection struggling) (success_ratio = 1.000, threshold = 0.500)"},"filename":"D:\\a\\xet-core\\xet-core\\xet_client\\src\\cas_client\\adaptive_concurrency\\controller.rs","line_number":581}
{"timestamp":"2026-07-31T15:15:40.754122Z","level":"INFO","fields":{"message":"Concurrency control for download: Decreased concurrency from 1 to 1; reason: success ratio below threshold (connection struggling) (success_ratio = 1.000, threshold = 0.500)"},"filename":"D:\\a\\xet-core\\xet-core\\xet_client\\src\\cas_client\\adaptive_concurrency\\controller.rs","line_number":581}
{"timestamp":"2026-07-31T15:15:41.318930Z","level":"INFO","fields":{"message":"Concurrency control for download: Decreased concurrency from 1 to 1; reason: success ratio below threshold (connection struggling) (success_ratio = 1.000, threshold = 0.500)"},"filename":"D:\\a\\xet-core\\xet-core\\xet_client\\src\\cas_client\\adaptive_concurrency\\controller.rs","line_number":581}
{"timestamp":"2026-07-31T15:15:42.049141Z","level":"INFO","fields":{"message":"Concurrency control for download: Decreased concurrency from 1 to 1; reason: success ratio below threshold (connection struggling) (success_ratio = 1.000, threshold = 0.500)"},"filename":"D:\\a\\xet-core\\xet-core\\xet_client\\src\\cas_client\\adaptive_concurrency\\controller.rs","line_number":581}
{"timestamp":"2026-07-31T15:15:42.049172Z","level":"INFO","fields":{"message":"Concurrency control for download: Current concurrency = 1; predicted bandwidth = 43361; success_ratio = 1.000; reference_size = 3.9MB; observed bytes sent so far = 336182392; completed transmissions = 153"},"filename":"D:\\a\\xet-core\\xet-core\\xet_client\\src\\cas_client\\adaptive_concurrency\\controller.rs","line_number":597}
{"timestamp":"2026-07-31T15:15:43.011782Z","level":"INFO","fields":{"message":"Concurrency control for download: Decreased concurrency from 1 to 1; reason: success ratio below threshold (connection struggling) (success_ratio = 1.000, threshold = 0.500)"},"filename":"D:\\a\\xet-core\\xet-core\\xet_client\\src\\cas_client\\adaptive_concurrency\\controller.rs","line_number":581}
{"timestamp":"2026-07-31T15:15:43.750836Z","level":"INFO","fields":{"message":"Concurrency control for download: Decreased concurrency from 1 to 1; reason: success ratio below threshold (connection struggling) (success_ratio = 1.000, threshold = 0.500)"},"filename":"D:\\a\\xet-core\\xet-core\\xet_client\\src\\cas_client\\adaptive_concurrency\\controller.rs","line_number":581}
{"timestamp":"2026-07-31T15:15:44.363305Z","level":"INFO","fields":{"message":"Concurrency control for download: Decreased concurrency from 1 to 1; reason: success ratio below threshold (connection struggling) (success_ratio = 1.000, threshold = 0.500)"},"filename":"D:\\a\\xet-core\\xet-core\\xet_client\\src\\cas_client\\adaptive_concurrency\\controller.rs","line_number":581}
{"timestamp":"2026-07-31T15:15:44.890669Z","level":"INFO","fields":{"message":"Concurrency control for download: Decreased concurrency from 1 to 1; reason: success ratio below threshold (connection struggling) (success_ratio = 1.000, threshold = 0.500)"},"filename":"D:\\a\\xet-core\\xet-core\\xet_client\\src\\cas_client\\adaptive_concurrency\\controller.rs","line_number":581}
{"timestamp":"2026-07-31T15:15:45.455979Z","level":"INFO","fields":{"message":"Concurrency control for download: Decreased concurrency from 1 to 1; reason: success ratio below threshold (connection struggling) (success_ratio = 1.000, threshold = 0.500)"},"filename":"D:\\a\\xet-core\\xet-core\\xet_client\\src\\cas_client\\adaptive_concurrency\\controller.rs","line_number":581}
{"timestamp":"2026-07-31T15:15:45.962726Z","level":"INFO","fields":{"message":"Concurrency control for download: Decreased concurrency from 1 to 1; reason: success ratio below threshold (connection struggling) (success_ratio = 1.000, threshold = 0.500)"},"filename":"D:\\a\\xet-core\\xet-core\\xet_client\\src\\cas_client\\adaptive_concurrency\\controller.rs","line_number":581}
{"timestamp":"2026-07-31T15:15:46.473912Z","level":"INFO","fields":{"message":"Concurrency control for download: Decreased concurrency from 1 to 1; reason: success ratio below threshold (connection struggling) (success_ratio = 1.000, threshold = 0.500)"},"filename":"D:\\a\\xet-core\\xet-core\\xet_client\\src\\cas_client\\adaptive_concurrency\\controller.rs","line_number":581}
{"timestamp":"2026-07-31T15:15:47.051355Z","level":"INFO","fields":{"message":"Concurrency control for download: Decreased concurrency from 1 to 1; reason: success ratio below threshold (connection struggling) (success_ratio = 1.000, threshold = 0.500)"},"filename":"D:\\a\\xet-core\\xet-core\\xet_client\\src\\cas_client\\adaptive_concurrency\\controller.rs","line_number":581}
{"timestamp":"2026-07-31T15:15:47.662578Z","level":"INFO","fields":{"message":"Concurrency control for download: Decreased concurrency from 1 to 1; reason: success ratio below threshold (connection struggling) (success_ratio = 1.000, threshold = 0.500)"},"filename":"D:\\a\\xet-core\\xet-core\\xet_client\\src\\cas_client\\adaptive_concurrency\\controller.rs","line_number":581}
{"timestamp":"2026-07-31T15:15:48.207620Z","level":"INFO","fields":{"message":"Concurrency control for download: Decreased concurrency from 1 to 1; reason: success ratio below threshold (connection struggling) (success_ratio = 1.000, threshold = 0.500)"},"filename":"D:\\a\\xet-core\\xet-core\\xet_client\\src\\cas_client\\adaptive_concurrency\\controller.rs","line_number":581}
{"timestamp":"2026-07-31T15:15:48.729330Z","level":"INFO","fields":{"message":"Concurrency control for download: Decreased concurrency from 1 to 1; reason: success ratio below threshold (connection struggling) (success_ratio = 1.000, threshold = 0.500)"},"filename":"D:\\a\\xet-core\\xet-core\\xet_client\\src\\cas_client\\adaptive_concurrency\\controller.rs","line_number":581}
{"timestamp":"2026-07-31T15:15:49.277901Z","level":"INFO","fields":{"message":"Concurrency control for download: Decreased concurrency from 1 to 1; reason: success ratio below threshold (connection struggling) (success_ratio = 1.000, threshold = 0.500)"},"filename":"D:\\a\\xet-core\\xet-core\\xet_client\\src\\cas_client\\adaptive_concurrency\\controller.rs","line_number":581}
{"timestamp":"2026-07-31T15:15:50.060803Z","level":"INFO","fields":{"message":"Concurrency control for download: Decreased concurrency from 1 to 1; reason: success ratio below threshold (connection struggling) (success_ratio = 1.000, threshold = 0.500)"},"filename":"D:\\a\\xet-core\\xet-core\\xet_client\\src\\cas_client\\adaptive_concurrency\\controller.rs","line_number":581}
{"timestamp":"2026-07-31T15:15:50.578355Z","level":"INFO","fields":{"message":"Concurrency control for download: Decreased concurrency from 1 to 1; reason: success ratio below threshold (connection struggling) (success_ratio = 1.000, threshold = 0.500)"},"filename":"D:\\a\\xet-core\\xet-core\\xet_client\\src\\cas_client\\adaptive_concurrency\\controller.rs","line_number":581}
{"timestamp":"2026-07-31T15:15:51.099733Z","level":"INFO","fields":{"message":"Concurrency control for download: Decreased concurrency from 1 to 1; reason: success ratio below threshold (connection struggling) (success_ratio = 1.000, threshold = 0.500)"},"filename":"D:\\a\\xet-core\\xet-core\\xet_client\\src\\cas_client\\adaptive_concurrency\\controller.rs","line_number":581}
{"timestamp":"2026-07-31T15:15:51.687273Z","level":"INFO","fields":{"message":"Concurrency control for download: Decreased concurrency from 1 to 1; reason: success ratio below threshold (connection struggling) (success_ratio = 1.000, threshold = 0.500)"},"filename":"D:\\a\\xet-core\\xet-core\\xet_client\\src\\cas_client\\adaptive_concurrency\\controller.rs","line_number":581}
{"timestamp":"2026-07-31T15:15:52.180585Z","level":"INFO","fields":{"message":"Concurrency control for download: Current concurrency = 1; predicted bandwidth = 43943; success_ratio = 1.000; reference_size = 4.2MB; observed bytes sent so far = 340880552; completed transmissions = 154"},"filename":"D:\\a\\xet-core\\xet-core\\xet_client\\src\\cas_client\\adaptive_concurrency\\controller.rs","line_number":597}
{"timestamp":"2026-07-31T15:15:52.187722Z","level":"INFO","fields":{"message":"Concurrency control for download: Decreased concurrency from 1 to 1; reason: success ratio below threshold (connection struggling) (success_ratio = 1.000, threshold = 0.500)"},"filename":"D:\\a\\xet-core\\xet-core\\xet_client\\src\\cas_client\\adaptive_concurrency\\controller.rs","line_number":581}
{"timestamp":"2026-07-31T15:15:52.748391Z","level":"INFO","fields":{"message":"Concurrency control for download: Decreased concurrency from 1 to 1; reason: success ratio below threshold (connection struggling) (success_ratio = 1.000, threshold = 0.500)"},"filename":"D:\\a\\xet-core\\xet-core\\xet_client\\src\\cas_client\\adaptive_concurrency\\controller.rs","line_number":581}
{"timestamp":"2026-07-31T15:15:53.295325Z","level":"INFO","fields":{"message":"Concurrency control for download: Decreased concurrency from 1 to 1; reason: success ratio below threshold (connection struggling) (success_ratio = 1.000, threshold = 0.500)"},"filename":"D:\\a\\xet-core\\xet-core\\xet_client\\src\\cas_client\\adaptive_concurrency\\controller.rs","line_number":581}
{"timestamp":"2026-07-31T15:15:53.796241Z","level":"INFO","fields":{"message":"Concurrency control for download: Decreased concurrency from 1 to 1; reason: success ratio below threshold (connection struggling) (success_ratio = 1.000, threshold = 0.500)"},"filename":"D:\\a\\xet-core\\xet-core\\xet_client\\src\\cas_client\\adaptive_concurrency\\controller.rs","line_number":581}
{"timestamp":"2026-07-31T15:15:54.299846Z","level":"INFO","fields":{"message":"Concurrency control for download: Decreased concurrency from 1 to 1; reason: success ratio below threshold (connection struggling) (success_ratio = 1.000, threshold = 0.500)"},"filename":"D:\\a\\xet-core\\xet-core\\xet_client\\src\\cas_client\\adaptive_concurrency\\controller.rs","line_number":581}
{"timestamp":"2026-07-31T15:15:54.843168Z","level":"INFO","fields":{"message":"Concurrency control for download: Decreased concurrency from 1 to 1; reason: success ratio below threshold (connection struggling) (success_ratio = 1.000, threshold = 0.500)"},"filename":"D:\\a\\xet-core\\xet-core\\xet_client\\src\\cas_client\\adaptive_concurrency\\controller.rs","line_number":581}
{"timestamp":"2026-07-31T15:15:55.473380Z","level":"INFO","fields":{"message":"Concurrency control for download: Decreased concurrency from 1 to 1; reason: success ratio below threshold (connection struggling) (success_ratio = 1.000, threshold = 0.500)"},"filename":"D:\\a\\xet-core\\xet-core\\xet_client\\src\\cas_client\\adaptive_concurrency\\controller.rs","line_number":581}
{"timestamp":"2026-07-31T15:15:55.982870Z","level":"INFO","fields":{"message":"Concurrency control for download: Decreased concurrency from 1 to 1; reason: success ratio below threshold (connection struggling) (success_ratio = 1.000, threshold = 0.500)"},"filename":"D:\\a\\xet-core\\xet-core\\xet_client\\src\\cas_client\\adaptive_concurrency\\controller.rs","line_number":581}
{"timestamp":"2026-07-31T15:15:56.592505Z","level":"INFO","fields":{"message":"Concurrency control for download: Decreased concurrency from 1 to 1; reason: success ratio below threshold (connection struggling) (success_ratio = 1.000, threshold = 0.500)"},"filename":"D:\\a\\xet-core\\xet-core\\xet_client\\src\\cas_client\\adaptive_concurrency\\controller.rs","line_number":581}
{"timestamp":"2026-07-31T15:15:57.100593Z","level":"INFO","fields":{"message":"Concurrency control for download: Decreased concurrency from 1 to 1; reason: success ratio below threshold (connection struggling) (success_ratio = 1.000, threshold = 0.500)"},"filename":"D:\\a\\xet-core\\xet-core\\xet_client\\src\\cas_client\\adaptive_concurrency\\controller.rs","line_number":581}
{"timestamp":"2026-07-31T15:15:57.614520Z","level":"INFO","fields":{"message":"Concurrency control for download: Decreased concurrency from 1 to 1; reason: success ratio below threshold (connection struggling) (success_ratio = 1.000, threshold = 0.500)"},"filename":"D:\\a\\xet-core\\xet-core\\xet_client\\src\\cas_client\\adaptive_concurrency\\controller.rs","line_number":581}
{"timestamp":"2026-07-31T15:15:58.114894Z","level":"INFO","fields":{"message":"Concurrency control for download: Decreased concurrency from 1 to 1; reason: success ratio below threshold (connection struggling) (success_ratio = 1.000, threshold = 0.500)"},"filename":"D:\\a\\xet-core\\xet-core\\xet_client\\src\\cas_client\\adaptive_concurrency\\controller.rs","line_number":581}
{"timestamp":"2026-07-31T15:15:58.622728Z","level":"INFO","fields":{"message":"Concurrency control for download: Decreased concurrency from 1 to 1; reason: success ratio below threshold (connection struggling) (success_ratio = 1.000, threshold = 0.500)"},"filename":"D:\\a\\xet-core\\xet-core\\xet_client\\src\\cas_client\\adaptive_concurrency\\controller.rs","line_number":581}
{"timestamp":"2026-07-31T15:15:59.150148Z","level":"INFO","fields":{"message":"Concurrency control for download: Decreased concurrency from 1 to 1; reason: success ratio below threshold (connection struggling) (success_ratio = 1.000, threshold = 0.500)"},"filename":"D:\\a\\xet-core\\xet-core\\xet_client\\src\\cas_client\\adaptive_concurrency\\controller.rs","line_number":581}
{"timestamp":"2026-07-31T15:15:59.695862Z","level":"INFO","fields":{"message":"Concurrency control for download: Decreased concurrency from 1 to 1; reason: success ratio below threshold (connection struggling) (success_ratio = 1.000, threshold = 0.500)"},"filename":"D:\\a\\xet-core\\xet-core\\xet_client\\src\\cas_client\\adaptive_concurrency\\controller.rs","line_number":581}
{"timestamp":"2026-07-31T15:16:00.247376Z","level":"INFO","fields":{"message":"Concurrency control for download: Decreased concurrency from 1 to 1; reason: success ratio below threshold (connection struggling) (success_ratio = 1.000, threshold = 0.500)"},"filename":"D:\\a\\xet-core\\xet-core\\xet_client\\src\\cas_client\\adaptive_concurrency\\controller.rs","line_number":581}
{"timestamp":"2026-07-31T15:16:00.747415Z","level":"INFO","fields":{"message":"Concurrency control for download: Decreased concurrency from 1 to 1; reason: success ratio below threshold (connection struggling) (success_ratio = 1.000, threshold = 0.500)"},"filename":"D:\\a\\xet-core\\xet-core\\xet_client\\src\\cas_client\\adaptive_concurrency\\controller.rs","line_number":581}
{"timestamp":"2026-07-31T15:16:01.332369Z","level":"INFO","fields":{"message":"Concurrency control for download: Decreased concurrency from 1 to 1; reason: success ratio below threshold (connection struggling) (success_ratio = 1.000, threshold = 0.500)"},"filename":"D:\\a\\xet-core\\xet-core\\xet_client\\src\\cas_client\\adaptive_concurrency\\controller.rs","line_number":581}
{"timestamp":"2026-07-31T15:16:01.902699Z","level":"INFO","fields":{"message":"Concurrency control for download: Decreased concurrency from 1 to 1; reason: success ratio below threshold (connection struggling) (success_ratio = 1.000, threshold = 0.500)"},"filename":"D:\\a\\xet-core\\xet-core\\xet_client\\src\\cas_client\\adaptive_concurrency\\controller.rs","line_number":581}
{"timestamp":"2026-07-31T15:16:02.275468Z","level":"INFO","fields":{"message":"Concurrency control for download: Current concurrency = 1; predicted bandwidth = 38638; success_ratio = 1.000; reference_size = 4.2MB; observed bytes sent so far = 349138088; completed transmissions = 154"},"filename":"D:\\a\\xet-core\\xet-core\\xet_client\\src\\cas_client\\adaptive_concurrency\\controller.rs","line_number":597}
{"timestamp":"2026-07-31T15:16:02.433113Z","level":"INFO","fields":{"message":"Concurrency control for download: Decreased concurrency from 1 to 1; reason: success ratio below threshold (connection struggling) (success_ratio = 1.000, threshold = 0.500)"},"filename":"D:\\a\\xet-core\\xet-core\\xet_client\\src\\cas_client\\adaptive_concurrency\\controller.rs","line_number":581}
{"timestamp":"2026-07-31T15:16:02.948289Z","level":"INFO","fields":{"message":"Concurrency control for download: Decreased concurrency from 1 to 1; reason: success ratio below threshold (connection struggling) (success_ratio = 1.000, threshold = 0.500)"},"filename":"D:\\a\\xet-core\\xet-core\\xet_client\\src\\cas_client\\adaptive_concurrency\\controller.rs","line_number":581}
{"timestamp":"2026-07-31T15:16:03.467124Z","level":"INFO","fields":{"message":"Concurrency control for download: Decreased concurrency from 1 to 1; reason: success ratio below threshold (connection struggling) (success_ratio = 1.000, threshold = 0.500)"},"filename":"D:\\a\\xet-core\\xet-core\\xet_client\\src\\cas_client\\adaptive_concurrency\\controller.rs","line_number":581}
{"timestamp":"2026-07-31T15:16:03.995900Z","level":"INFO","fields":{"message":"Concurrency control for download: Decreased concurrency from 1 to 1; reason: success ratio below threshold (connection struggling) (success_ratio = 1.000, threshold = 0.500)"},"filename":"D:\\a\\xet-core\\xet-core\\xet_client\\src\\cas_client\\adaptive_concurrency\\controller.rs","line_number":581}
{"timestamp":"2026-07-31T15:16:04.521902Z","level":"INFO","fields":{"message":"Concurrency control for download: Decreased concurrency from 1 to 1; reason: success ratio below threshold (connection struggling) (success_ratio = 1.000, threshold = 0.500)"},"filename":"D:\\a\\xet-core\\xet-core\\xet_client\\src\\cas_client\\adaptive_concurrency\\controller.rs","line_number":581}
{"timestamp":"2026-07-31T15:16:05.099588Z","level":"INFO","fields":{"message":"Concurrency control for download: Decreased concurrency from 1 to 1; reason: success ratio below threshold (connection struggling) (success_ratio = 1.000, threshold = 0.500)"},"filename":"D:\\a\\xet-core\\xet-core\\xet_client\\src\\cas_client\\adaptive_concurrency\\controller.rs","line_number":581}
{"timestamp":"2026-07-31T15:16:05.618679Z","level":"INFO","fields":{"message":"Concurrency control for download: Decreased concurrency from 1 to 1; reason: success ratio below threshold (connection struggling) (success_ratio = 1.000, threshold = 0.500)"},"filename":"D:\\a\\xet-core\\xet-core\\xet_client\\src\\cas_client\\adaptive_concurrency\\controller.rs","line_number":581}
{"timestamp":"2026-07-31T15:16:06.136045Z","level":"INFO","fields":{"message":"Concurrency control for download: Decreased concurrency from 1 to 1; reason: success ratio below threshold (connection struggling) (success_ratio = 1.000, threshold = 0.500)"},"filename":"D:\\a\\xet-core\\xet-core\\xet_client\\src\\cas_client\\adaptive_concurrency\\controller.rs","line_number":581}
{"timestamp":"2026-07-31T15:16:06.645062Z","level":"INFO","fields":{"message":"Concurrency control for download: Decreased concurrency from 1 to 1; reason: success ratio below threshold (connection struggling) (success_ratio = 1.000, threshold = 0.500)"},"filename":"D:\\a\\xet-core\\xet-core\\xet_client\\src\\cas_client\\adaptive_concurrency\\controller.rs","line_number":581}
{"timestamp":"2026-07-31T15:16:07.221347Z","level":"INFO","fields":{"message":"Concurrency control for download: Decreased concurrency from 1 to 1; reason: success ratio below threshold (connection struggling) (success_ratio = 1.000, threshold = 0.500)"},"filename":"D:\\a\\xet-core\\xet-core\\xet_client\\src\\cas_client\\adaptive_concurrency\\controller.rs","line_number":581}
{"timestamp":"2026-07-31T15:16:07.733418Z","level":"INFO","fields":{"message":"Concurrency control for download: Decreased concurrency from 1 to 1; reason: success ratio below threshold (connection struggling) (success_ratio = 1.000, threshold = 0.500)"},"filename":"D:\\a\\xet-core\\xet-core\\xet_client\\src\\cas_client\\adaptive_concurrency\\controller.rs","line_number":581}
{"timestamp":"2026-07-31T15:16:08.255734Z","level":"INFO","fields":{"message":"Concurrency control for download: Decreased concurrency from 1 to 1; reason: success ratio below threshold (connection struggling) (success_ratio = 1.000, threshold = 0.500)"},"filename":"D:\\a\\xet-core\\xet-core\\xet_client\\src\\cas_client\\adaptive_concurrency\\controller.rs","line_number":581}
{"timestamp":"2026-07-31T15:16:08.758445Z","level":"INFO","fields":{"message":"Concurrency control for download: Decreased concurrency from 1 to 1; reason: success ratio below threshold (connection struggling) (success_ratio = 1.000, threshold = 0.500)"},"filename":"D:\\a\\xet-core\\xet-core\\xet_client\\src\\cas_client\\adaptive_concurrency\\controller.rs","line_number":581}
{"timestamp":"2026-07-31T15:16:09.280256Z","level":"INFO","fields":{"message":"Concurrency control for download: Decreased concurrency from 1 to 1; reason: success ratio below threshold (connection struggling) (success_ratio = 1.000, threshold = 0.500)"},"filename":"D:\\a\\xet-core\\xet-core\\xet_client\\src\\cas_client\\adaptive_concurrency\\controller.rs","line_number":581}
{"timestamp":"2026-07-31T15:16:09.786771Z","level":"INFO","fields":{"message":"Concurrency control for download: Decreased concurrency from 1 to 1; reason: success ratio below threshold (connection struggling) (success_ratio = 1.000, threshold = 0.500)"},"filename":"D:\\a\\xet-core\\xet-core\\xet_client\\src\\cas_client\\adaptive_concurrency\\controller.rs","line_number":581}
{"timestamp":"2026-07-31T15:16:10.395863Z","level":"INFO","fields":{"message":"Concurrency control for download: Decreased concurrency from 1 to 1; reason: success ratio below threshold (connection struggling) (success_ratio = 1.000, threshold = 0.500)"},"filename":"D:\\a\\xet-core\\xet-core\\xet_client\\src\\cas_client\\adaptive_concurrency\\controller.rs","line_number":581}
{"timestamp":"2026-07-31T15:16:11.012643Z","level":"INFO","fields":{"message":"Concurrency control for download: Decreased concurrency from 1 to 1; reason: success ratio below threshold (connection struggling) (success_ratio = 1.000, threshold = 0.500)"},"filename":"D:\\a\\xet-core\\xet-core\\xet_client\\src\\cas_client\\adaptive_concurrency\\controller.rs","line_number":581}
{"timestamp":"2026-07-31T15:16:11.516405Z","level":"INFO","fields":{"message":"Concurrency control for download: Decreased concurrency from 1 to 1; reason: success ratio below threshold (connection struggling) (success_ratio = 1.000, threshold = 0.500)"},"filename":"D:\\a\\xet-core\\xet-core\\xet_client\\src\\cas_client\\adaptive_concurrency\\controller.rs","line_number":581}
{"timestamp":"2026-07-31T15:16:12.024685Z","level":"INFO","fields":{"message":"Concurrency control for download: Decreased concurrency from 1 to 1; reason: success ratio below threshold (connection struggling) (success_ratio = 1.000, threshold = 0.500)"},"filename":"D:\\a\\xet-core\\xet-core\\xet_client\\src\\cas_client\\adaptive_concurrency\\controller.rs","line_number":581}
{"timestamp":"2026-07-31T15:16:12.288500Z","level":"INFO","fields":{"message":"Concurrency control for download: Current concurrency = 1; predicted bandwidth = 36684; success_ratio = 1.000; reference_size = 4.2MB; observed bytes sent so far = 358837416; completed transmissions = 154"},"filename":"D:\\a\\xet-core\\xet-core\\xet_client\\src\\cas_client\\adaptive_concurrency\\controller.rs","line_number":597}
{"timestamp":"2026-07-31T15:16:12.554286Z","level":"INFO","fields":{"message":"Concurrency control for download: Decreased concurrency from 1 to 1; reason: success ratio below threshold (connection struggling) (success_ratio = 1.000, threshold = 0.500)"},"filename":"D:\\a\\xet-core\\xet-core\\xet_client\\src\\cas_client\\adaptive_concurrency\\controller.rs","line_number":581}
{"timestamp":"2026-07-31T15:16:13.134069Z","level":"INFO","fields":{"message":"Concurrency control for download: Decreased concurrency from 1 to 1; reason: success ratio below threshold (connection struggling) (success_ratio = 1.000, threshold = 0.500)"},"filename":"D:\\a\\xet-core\\xet-core\\xet_client\\src\\cas_client\\adaptive_concurrency\\controller.rs","line_number":581}
{"timestamp":"2026-07-31T15:16:13.647443Z","level":"INFO","fields":{"message":"Concurrency control for download: Decreased concurrency from 1 to 1; reason: success ratio below threshold (connection struggling) (success_ratio = 1.000, threshold = 0.500)"},"filename":"D:\\a\\xet-core\\xet-core\\xet_client\\src\\cas_client\\adaptive_concurrency\\controller.rs","line_number":581}
{"timestamp":"2026-07-31T15:16:14.187175Z","level":"INFO","fields":{"message":"Concurrency control for download: Decreased concurrency from 1 to 1; reason: success ratio below threshold (connection struggling) (success_ratio = 1.000, threshold = 0.500)"},"filename":"D:\\a\\xet-core\\xet-core\\xet_client\\src\\cas_client\\adaptive_concurrency\\controller.rs","line_number":581}
{"timestamp":"2026-07-31T15:16:14.749040Z","level":"INFO","fields":{"message":"Concurrency control for download: Decreased concurrency from 1 to 1; reason: success ratio below threshold (connection struggling) (success_ratio = 1.000, threshold = 0.500)"},"filename":"D:\\a\\xet-core\\xet-core\\xet_client\\src\\cas_client\\adaptive_concurrency\\controller.rs","line_number":581}
{"timestamp":"2026-07-31T15:16:15.914654Z","level":"INFO","fields":{"message":"Concurrency control for download: Decreased concurrency from 1 to 1; reason: success ratio below threshold (connection struggling) (success_ratio = 1.000, threshold = 0.500)"},"filename":"D:\\a\\xet-core\\xet-core\\xet_client\\src\\cas_client\\adaptive_concurrency\\controller.rs","line_number":581}
{"timestamp":"2026-07-31T15:16:16.572595Z","level":"INFO","fields":{"message":"Concurrency control for download: Decreased concurrency from 1 to 1; reason: success ratio below threshold (connection struggling) (success_ratio = 1.000, threshold = 0.500)"},"filename":"D:\\a\\xet-core\\xet-core\\xet_client\\src\\cas_client\\adaptive_concurrency\\controller.rs","line_number":581}
{"timestamp":"2026-07-31T15:16:17.074119Z","level":"INFO","fields":{"message":"Concurrency control for download: Decreased concurrency from 1 to 1; reason: success ratio below threshold (connection struggling) (success_ratio = 1.000, threshold = 0.500)"},"filename":"D:\\a\\xet-core\\xet-core\\xet_client\\src\\cas_client\\adaptive_concurrency\\controller.rs","line_number":581}
{"timestamp":"2026-07-31T15:16:17.609974Z","level":"INFO","fields":{"message":"Concurrency control for download: Decreased concurrency from 1 to 1; reason: success ratio below threshold (connection struggling) (success_ratio = 1.000, threshold = 0.500)"},"filename":"D:\\a\\xet-core\\xet-core\\xet_client\\src\\cas_client\\adaptive_concurrency\\controller.rs","line_number":581}
{"timestamp":"2026-07-31T15:16:18.110745Z","level":"INFO","fields":{"message":"Concurrency control for download: Decreased concurrency from 1 to 1; reason: success ratio below threshold (connection struggling) (success_ratio = 1.000, threshold = 0.500)"},"filename":"D:\\a\\xet-core\\xet-core\\xet_client\\src\\cas_client\\adaptive_concurrency\\controller.rs","line_number":581}
{"timestamp":"2026-07-31T15:16:18.613007Z","level":"INFO","fields":{"message":"Concurrency control for download: Decreased concurrency from 1 to 1; reason: success ratio below threshold (connection struggling) (success_ratio = 1.000, threshold = 0.500)"},"filename":"D:\\a\\xet-core\\xet-core\\xet_client\\src\\cas_client\\adaptive_concurrency\\controller.rs","line_number":581}
{"timestamp":"2026-07-31T15:16:19.114189Z","level":"INFO","fields":{"message":"Concurrency control for download: Decreased concurrency from 1 to 1; reason: success ratio below threshold (connection struggling) (success_ratio = 1.000, threshold = 0.500)"},"filename":"D:\\a\\xet-core\\xet-core\\xet_client\\src\\cas_client\\adaptive_concurrency\\controller.rs","line_number":581}
{"timestamp":"2026-07-31T15:16:19.881115Z","level":"INFO","fields":{"message":"Concurrency control for download: Decreased concurrency from 1 to 1; reason: success ratio below threshold (connection struggling) (success_ratio = 1.000, threshold = 0.500)"},"filename":"D:\\a\\xet-core\\xet-core\\xet_client\\src\\cas_client\\adaptive_concurrency\\controller.rs","line_number":581}
{"timestamp":"2026-07-31T15:16:20.410838Z","level":"INFO","fields":{"message":"Concurrency control for download: Decreased concurrency from 1 to 1; reason: success ratio below threshold (connection struggling) (success_ratio = 1.000, threshold = 0.500)"},"filename":"D:\\a\\xet-core\\xet-core\\xet_client\\src\\cas_client\\adaptive_concurrency\\controller.rs","line_number":581}
{"timestamp":"2026-07-31T15:16:20.911290Z","level":"INFO","fields":{"message":"Concurrency control for download: Decreased concurrency from 1 to 1; reason: success ratio below threshold (connection struggling) (success_ratio = 1.000, threshold = 0.500)"},"filename":"D:\\a\\xet-core\\xet-core\\xet_client\\src\\cas_client\\adaptive_concurrency\\controller.rs","line_number":581}
{"timestamp":"2026-07-31T15:16:21.414914Z","level":"INFO","fields":{"message":"Concurrency control for download: Decreased concurrency from 1 to 1; reason: success ratio below threshold (connection struggling) (success_ratio = 1.000, threshold = 0.500)"},"filename":"D:\\a\\xet-core\\xet-core\\xet_client\\src\\cas_client\\adaptive_concurrency\\controller.rs","line_number":581}
{"timestamp":"2026-07-31T15:16:21.954662Z","level":"INFO","fields":{"message":"Concurrency control for download: Decreased concurrency from 1 to 1; reason: success ratio below threshold (connection struggling) (success_ratio = 1.000, threshold = 0.500)"},"filename":"D:\\a\\xet-core\\xet-core\\xet_client\\src\\cas_client\\adaptive_concurrency\\controller.rs","line_number":581}
{"timestamp":"2026-07-31T15:16:22.320230Z","level":"INFO","fields":{"message":"Concurrency control for download: Current concurrency = 1; predicted bandwidth = 35795; success_ratio = 1.000; reference_size = 4.2MB; observed bytes sent so far = 366488744; completed transmissions = 154"},"filename":"D:\\a\\xet-core\\xet-core\\xet_client\\src\\cas_client\\adaptive_concurrency\\controller.rs","line_number":597}
{"timestamp":"2026-07-31T15:16:22.461006Z","level":"INFO","fields":{"message":"Concurrency control for download: Decreased concurrency from 1 to 1; reason: success ratio below threshold (connection struggling) (success_ratio = 1.000, threshold = 0.500)"},"filename":"D:\\a\\xet-core\\xet-core\\xet_client\\src\\cas_client\\adaptive_concurrency\\controller.rs","line_number":581}
{"timestamp":"2026-07-31T15:16:22.971375Z","level":"INFO","fields":{"message":"Concurrency control for download: Decreased concurrency from 1 to 1; reason: success ratio below threshold (connection struggling) (success_ratio = 1.000, threshold = 0.500)"},"filename":"D:\\a\\xet-core\\xet-core\\xet_client\\src\\cas_client\\adaptive_concurrency\\controller.rs","line_number":581}
{"timestamp":"2026-07-31T15:16:23.480153Z","level":"INFO","fields":{"message":"Concurrency control for download: Decreased concurrency from 1 to 1; reason: success ratio below threshold (connection struggling) (success_ratio = 1.000, threshold = 0.500)"},"filename":"D:\\a\\xet-core\\xet-core\\xet_client\\src\\cas_client\\adaptive_concurrency\\controller.rs","line_number":581}
{"timestamp":"2026-07-31T15:16:24.013364Z","level":"INFO","fields":{"message":"Concurrency control for download: Decreased concurrency from 1 to 1; reason: success ratio below threshold (connection struggling) (success_ratio = 1.000, threshold = 0.500)"},"filename":"D:\\a\\xet-core\\xet-core\\xet_client\\src\\cas_client\\adaptive_concurrency\\controller.rs","line_number":581}
{"timestamp":"2026-07-31T15:16:24.541469Z","level":"INFO","fields":{"message":"Concurrency control for download: Decreased concurrency from 1 to 1; reason: success ratio below threshold (connection struggling) (success_ratio = 1.000, threshold = 0.500)"},"filename":"D:\\a\\xet-core\\xet-core\\xet_client\\src\\cas_client\\adaptive_concurrency\\controller.rs","line_number":581}
{"timestamp":"2026-07-31T15:16:25.072390Z","level":"INFO","fields":{"message":"Concurrency control for download: Decreased concurrency from 1 to 1; reason: success ratio below threshold (connection struggling) (success_ratio = 1.000, threshold = 0.500)"},"filename":"D:\\a\\xet-core\\xet-core\\xet_client\\src\\cas_client\\adaptive_concurrency\\controller.rs","line_number":581}
{"timestamp":"2026-07-31T15:16:25.623528Z","level":"INFO","fields":{"message":"Concurrency control for download: Decreased concurrency from 1 to 1; reason: success ratio below threshold (connection struggling) (success_ratio = 1.000, threshold = 0.500)"},"filename":"D:\\a\\xet-core\\xet-core\\xet_client\\src\\cas_client\\adaptive_concurrency\\controller.rs","line_number":581}
{"timestamp":"2026-07-31T15:16:26.128209Z","level":"INFO","fields":{"message":"Concurrency control for download: Decreased concurrency from 1 to 1; reason: success ratio below threshold (connection struggling) (success_ratio = 1.000, threshold = 0.500)"},"filename":"D:\\a\\xet-core\\xet-core\\xet_client\\src\\cas_client\\adaptive_concurrency\\controller.rs","line_number":581}
{"timestamp":"2026-07-31T15:16:26.731446Z","level":"INFO","fields":{"message":"Concurrency control for download: Decreased concurrency from 1 to 1; reason: success ratio below threshold (connection struggling) (success_ratio = 1.000, threshold = 0.500)"},"filename":"D:\\a\\xet-core\\xet-core\\xet_client\\src\\cas_client\\adaptive_concurrency\\controller.rs","line_number":581}
{"timestamp":"2026-07-31T15:16:27.448694Z","level":"INFO","fields":{"message":"Concurrency control for download: Decreased concurrency from 1 to 1; reason: success ratio below threshold (connection struggling) (success_ratio = 1.000, threshold = 0.500)"},"filename":"D:\\a\\xet-core\\xet-core\\xet_client\\src\\cas_client\\adaptive_concurrency\\controller.rs","line_number":581}
{"timestamp":"2026-07-31T15:16:27.974263Z","level":"INFO","fields":{"message":"Concurrency control for download: Decreased concurrency from 1 to 1; reason: success ratio below threshold (connection struggling) (success_ratio = 1.000, threshold = 0.500)"},"filename":"D:\\a\\xet-core\\xet-core\\xet_client\\src\\cas_client\\adaptive_concurrency\\controller.rs","line_number":581}
{"timestamp":"2026-07-31T15:16:28.475336Z","level":"INFO","fields":{"message":"Concurrency control for download: Decreased concurrency from 1 to 1; reason: success ratio below threshold (connection struggling) (success_ratio = 1.000, threshold = 0.500)"},"filename":"D:\\a\\xet-core\\xet-core\\xet_client\\src\\cas_client\\adaptive_concurrency\\controller.rs","line_number":581}
{"timestamp":"2026-07-31T15:16:29.001867Z","level":"INFO","fields":{"message":"Concurrency control for download: Decreased concurrency from 1 to 1; reason: success ratio below threshold (connection struggling) (success_ratio = 1.000, threshold = 0.500)"},"filename":"D:\\a\\xet-core\\xet-core\\xet_client\\src\\cas_client\\adaptive_concurrency\\controller.rs","line_number":581}
{"timestamp":"2026-07-31T15:16:29.638819Z","level":"INFO","fields":{"message":"Concurrency control for download: Decreased concurrency from 1 to 1; reason: success ratio below threshold (connection struggling) (success_ratio = 1.000, threshold = 0.500)"},"filename":"D:\\a\\xet-core\\xet-core\\xet_client\\src\\cas_client\\adaptive_concurrency\\controller.rs","line_number":581}
{"timestamp":"2026-07-31T15:16:30.311547Z","level":"INFO","fields":{"message":"Concurrency control for download: Decreased concurrency from 1 to 1; reason: success ratio below threshold (connection struggling) (success_ratio = 1.000, threshold = 0.500)"},"filename":"D:\\a\\xet-core\\xet-core\\xet_client\\src\\cas_client\\adaptive_concurrency\\controller.rs","line_number":581}
{"timestamp":"2026-07-31T15:16:30.910476Z","level":"INFO","fields":{"message":"Concurrency control for download: Decreased concurrency from 1 to 1; reason: success ratio below threshold (connection struggling) (success_ratio = 1.000, threshold = 0.500)"},"filename":"D:\\a\\xet-core\\xet-core\\xet_client\\src\\cas_client\\adaptive_concurrency\\controller.rs","line_number":581}
{"timestamp":"2026-07-31T15:16:31.423095Z","level":"INFO","fields":{"message":"Concurrency control for download: Decreased concurrency from 1 to 1; reason: success ratio below threshold (connection struggling) (success_ratio = 1.000, threshold = 0.500)"},"filename":"D:\\a\\xet-core\\xet-core\\xet_client\\src\\cas_client\\adaptive_concurrency\\controller.rs","line_number":581}
{"timestamp":"2026-07-31T15:16:31.956297Z","level":"INFO","fields":{"message":"Concurrency control for download: Decreased concurrency from 1 to 1; reason: success ratio below threshold (connection struggling) (success_ratio = 1.000, threshold = 0.500)"},"filename":"D:\\a\\xet-core\\xet-core\\xet_client\\src\\cas_client\\adaptive_concurrency\\controller.rs","line_number":581}
{"timestamp":"2026-07-31T15:16:32.349461Z","level":"INFO","fields":{"message":"Concurrency control for download: Current concurrency = 1; predicted bandwidth = 34176; success_ratio = 1.000; reference_size = 4.2MB; observed bytes sent so far = 375219724; completed transmissions = 154"},"filename":"D:\\a\\xet-core\\xet-core\\xet_client\\src\\cas_client\\adaptive_concurrency\\controller.rs","line_number":597}
{"timestamp":"2026-07-31T15:16:32.462436Z","level":"INFO","fields":{"message":"Concurrency control for download: Decreased concurrency from 1 to 1; reason: success ratio below threshold (connection struggling) (success_ratio = 1.000, threshold = 0.500)"},"filename":"D:\\a\\xet-core\\xet-core\\xet_client\\src\\cas_client\\adaptive_concurrency\\controller.rs","line_number":581}
{"timestamp":"2026-07-31T15:16:32.973482Z","level":"INFO","fields":{"message":"Concurrency control for download: Decreased concurrency from 1 to 1; reason: success ratio below threshold (connection struggling) (success_ratio = 1.000, threshold = 0.500)"},"filename":"D:\\a\\xet-core\\xet-core\\xet_client\\src\\cas_client\\adaptive_concurrency\\controller.rs","line_number":581}
{"timestamp":"2026-07-31T15:16:33.522955Z","level":"INFO","fields":{"message":"Concurrency control for download: Decreased concurrency from 1 to 1; reason: success ratio below threshold (connection struggling) (success_ratio = 1.000, threshold = 0.500)"},"filename":"D:\\a\\xet-core\\xet-core\\xet_client\\src\\cas_client\\adaptive_concurrency\\controller.rs","line_number":581}
{"timestamp":"2026-07-31T15:16:34.024962Z","level":"INFO","fields":{"message":"Concurrency control for download: Decreased concurrency from 1 to 1; reason: success ratio below threshold (connection struggling) (success_ratio = 1.000, threshold = 0.500)"},"filename":"D:\\a\\xet-core\\xet-core\\xet_client\\src\\cas_client\\adaptive_concurrency\\controller.rs","line_number":581}
{"timestamp":"2026-07-31T15:16:34.615117Z","level":"INFO","fields":{"message":"Concurrency control for download: Decreased concurrency from 1 to 1; reason: success ratio below threshold (connection struggling) (success_ratio = 1.000, threshold = 0.500)"},"filename":"D:\\a\\xet-core\\xet-core\\xet_client\\src\\cas_client\\adaptive_concurrency\\controller.rs","line_number":581}
{"timestamp":"2026-07-31T15:16:35.130508Z","level":"INFO","fields":{"message":"Concurrency control for download: Decreased concurrency from 1 to 1; reason: success ratio below threshold (connection struggling) (success_ratio = 1.000, threshold = 0.500)"},"filename":"D:\\a\\xet-core\\xet-core\\xet_client\\src\\cas_client\\adaptive_concurrency\\controller.rs","line_number":581}
{"timestamp":"2026-07-31T15:16:35.633297Z","level":"INFO","fields":{"message":"Concurrency control for download: Decreased concurrency from 1 to 1; reason: success ratio below threshold (connection struggling) (success_ratio = 1.000, threshold = 0.500)"},"filename":"D:\\a\\xet-core\\xet-core\\xet_client\\src\\cas_client\\adaptive_concurrency\\controller.rs","line_number":581}
{"timestamp":"2026-07-31T15:16:36.143249Z","level":"INFO","fields":{"message":"Concurrency control for download: Decreased concurrency from 1 to 1; reason: success ratio below threshold (connection struggling) (success_ratio = 1.000, threshold = 0.500)"},"filename":"D:\\a\\xet-core\\xet-core\\xet_client\\src\\cas_client\\adaptive_concurrency\\controller.rs","line_number":581}
{"timestamp":"2026-07-31T15:16:36.747405Z","level":"INFO","fields":{"message":"Concurrency control for download: Decreased concurrency from 1 to 1; reason: success ratio below threshold (connection struggling) (success_ratio = 1.000, threshold = 0.500)"},"filename":"D:\\a\\xet-core\\xet-core\\xet_client\\src\\cas_client\\adaptive_concurrency\\controller.rs","line_number":581}
{"timestamp":"2026-07-31T15:16:37.449375Z","level":"INFO","fields":{"message":"Concurrency control for download: Decreased concurrency from 1 to 1; reason: success ratio below threshold (connection struggling) (success_ratio = 1.000, threshold = 0.500)"},"filename":"D:\\a\\xet-core\\xet-core\\xet_client\\src\\cas_client\\adaptive_concurrency\\controller.rs","line_number":581}
{"timestamp":"2026-07-31T15:16:37.992436Z","level":"INFO","fields":{"message":"Concurrency control for download: Decreased concurrency from 1 to 1; reason: success ratio below threshold (connection struggling) (success_ratio = 1.000, threshold = 0.500)"},"filename":"D:\\a\\xet-core\\xet-core\\xet_client\\src\\cas_client\\adaptive_concurrency\\controller.rs","line_number":581}
{"timestamp":"2026-07-31T15:16:38.747760Z","level":"INFO","fields":{"message":"Concurrency control for download: Decreased concurrency from 1 to 1; reason: success ratio below threshold (connection struggling) (success_ratio = 1.000, threshold = 0.500)"},"filename":"D:\\a\\xet-core\\xet-core\\xet_client\\src\\cas_client\\adaptive_concurrency\\controller.rs","line_number":581}
{"timestamp":"2026-07-31T15:16:39.251894Z","level":"INFO","fields":{"message":"Concurrency control for download: Decreased concurrency from 1 to 1; reason: success ratio below threshold (connection struggling) (success_ratio = 1.000, threshold = 0.500)"},"filename":"D:\\a\\xet-core\\xet-core\\xet_client\\src\\cas_client\\adaptive_concurrency\\controller.rs","line_number":581}
{"timestamp":"2026-07-31T15:16:39.817169Z","level":"INFO","fields":{"message":"Concurrency control for download: Decreased concurrency from 1 to 1; reason: success ratio below threshold (connection struggling) (success_ratio = 1.000, threshold = 0.500)"},"filename":"D:\\a\\xet-core\\xet-core\\xet_client\\src\\cas_client\\adaptive_concurrency\\controller.rs","line_number":581}
{"timestamp":"2026-07-31T15:16:40.567163Z","level":"INFO","fields":{"message":"Concurrency control for download: Decreased concurrency from 1 to 1; reason: success ratio below threshold (connection struggling) (success_ratio = 1.000, threshold = 0.500)"},"filename":"D:\\a\\xet-core\\xet-core\\xet_client\\src\\cas_client\\adaptive_concurrency\\controller.rs","line_number":581}
{"timestamp":"2026-07-31T15:16:41.750446Z","level":"INFO","fields":{"message":"Concurrency control for download: Decreased concurrency from 1 to 1; reason: success ratio below threshold (connection struggling) (success_ratio = 1.000, threshold = 0.500)"},"filename":"D:\\a\\xet-core\\xet-core\\xet_client\\src\\cas_client\\adaptive_concurrency\\controller.rs","line_number":581}
{"timestamp":"2026-07-31T15:16:42.382262Z","level":"INFO","fields":{"message":"Concurrency control for download: Decreased concurrency from 1 to 1; reason: success ratio below threshold (connection struggling) (success_ratio = 1.000, threshold = 0.500)"},"filename":"D:\\a\\xet-core\\xet-core\\xet_client\\src\\cas_client\\adaptive_concurrency\\controller.rs","line_number":581}
{"timestamp":"2026-07-31T15:16:42.382288Z","level":"INFO","fields":{"message":"Concurrency control for download: Current concurrency = 1; predicted bandwidth = 33428; success_ratio = 1.000; reference_size = 4.2MB; observed bytes sent so far = 381249036; completed transmissions = 154"},"filename":"D:\\a\\xet-core\\xet-core\\xet_client\\src\\cas_client\\adaptive_concurrency\\controller.rs","line_number":597}
{"timestamp":"2026-07-31T15:16:42.930592Z","level":"INFO","fields":{"message":"Concurrency control for download: Decreased concurrency from 1 to 1; reason: success ratio below threshold (connection struggling) (success_ratio = 1.000, threshold = 0.500)"},"filename":"D:\\a\\xet-core\\xet-core\\xet_client\\src\\cas_client\\adaptive_concurrency\\controller.rs","line_number":581}
{"timestamp":"2026-07-31T15:16:43.455431Z","level":"INFO","fields":{"message":"Concurrency control for download: Decreased concurrency from 1 to 1; reason: success ratio below threshold (connection struggling) (success_ratio = 1.000, threshold = 0.500)"},"filename":"D:\\a\\xet-core\\xet-core\\xet_client\\src\\cas_client\\adaptive_concurrency\\controller.rs","line_number":581}
{"timestamp":"2026-07-31T15:16:43.967086Z","level":"INFO","fields":{"message":"Concurrency control for download: Decreased concurrency from 1 to 1; reason: success ratio below threshold (connection struggling) (success_ratio = 1.000, threshold = 0.500)"},"filename":"D:\\a\\xet-core\\xet-core\\xet_client\\src\\cas_client\\adaptive_concurrency\\controller.rs","line_number":581}
{"timestamp":"2026-07-31T15:16:44.557644Z","level":"INFO","fields":{"message":"Concurrency control for download: Decreased concurrency from 1 to 1; reason: success ratio below threshold (connection struggling) (success_ratio = 1.000, threshold = 0.500)"},"filename":"D:\\a\\xet-core\\xet-core\\xet_client\\src\\cas_client\\adaptive_concurrency\\controller.rs","line_number":581}
{"timestamp":"2026-07-31T15:16:45.066797Z","level":"INFO","fields":{"message":"Concurrency control for download: Decreased concurrency from 1 to 1; reason: success ratio below threshold (connection struggling) (success_ratio = 1.000, threshold = 0.500)"},"filename":"D:\\a\\xet-core\\xet-core\\xet_client\\src\\cas_client\\adaptive_concurrency\\controller.rs","line_number":581}
{"timestamp":"2026-07-31T15:16:45.678938Z","level":"INFO","fields":{"message":"Concurrency control for download: Decreased concurrency from 1 to 1; reason: success ratio below threshold (connection struggling) (success_ratio = 1.000, threshold = 0.500)"},"filename":"D:\\a\\xet-core\\xet-core\\xet_client\\src\\cas_client\\adaptive_concurrency\\controller.rs","line_number":581}
{"timestamp":"2026-07-31T15:16:46.217251Z","level":"INFO","fields":{"message":"Concurrency control for download: Decreased concurrency from 1 to 1; reason: success ratio below threshold (connection struggling) (success_ratio = 1.000, threshold = 0.500)"},"filename":"D:\\a\\xet-core\\xet-core\\xet_client\\src\\cas_client\\adaptive_concurrency\\controller.rs","line_number":581}
{"timestamp":"2026-07-31T15:16:46.745363Z","level":"INFO","fields":{"message":"Concurrency control for download: Decreased concurrency from 1 to 1; reason: success ratio below threshold (connection struggling) (success_ratio = 1.000, threshold = 0.500)"},"filename":"D:\\a\\xet-core\\xet-core\\xet_client\\src\\cas_client\\adaptive_concurrency\\controller.rs","line_number":581}
{"timestamp":"2026-07-31T15:16:47.332386Z","level":"INFO","fields":{"message":"Concurrency control for download: Decreased concurrency from 1 to 1; reason: success ratio below threshold (connection struggling) (success_ratio = 1.000, threshold = 0.500)"},"filename":"D:\\a\\xet-core\\xet-core\\xet_client\\src\\cas_client\\adaptive_concurrency\\controller.rs","line_number":581}
{"timestamp":"2026-07-31T15:16:47.835782Z","level":"INFO","fields":{"message":"Concurrency control for download: Decreased concurrency from 1 to 1; reason: success ratio below threshold (connection struggling) (success_ratio = 1.000, threshold = 0.500)"},"filename":"D:\\a\\xet-core\\xet-core\\xet_client\\src\\cas_client\\adaptive_concurrency\\controller.rs","line_number":581}
{"timestamp":"2026-07-31T15:16:48.338559Z","level":"INFO","fields":{"message":"Concurrency control for download: Decreased concurrency from 1 to 1; reason: success ratio below threshold (connection struggling) (success_ratio = 1.000, threshold = 0.500)"},"filename":"D:\\a\\xet-core\\xet-core\\xet_client\\src\\cas_client\\adaptive_concurrency\\controller.rs","line_number":581}
{"timestamp":"2026-07-31T15:16:48.851349Z","level":"INFO","fields":{"message":"Concurrency control for download: Decreased concurrency from 1 to 1; reason: success ratio below threshold (connection struggling) (success_ratio = 1.000, threshold = 0.500)"},"filename":"D:\\a\\xet-core\\xet-core\\xet_client\\src\\cas_client\\adaptive_concurrency\\controller.rs","line_number":581}
{"timestamp":"2026-07-31T15:16:49.368890Z","level":"INFO","fields":{"message":"Concurrency control for download: Decreased concurrency from 1 to 1; reason: success ratio below threshold (connection struggling) (success_ratio = 1.000, threshold = 0.500)"},"filename":"D:\\a\\xet-core\\xet-core\\xet_client\\src\\cas_client\\adaptive_concurrency\\controller.rs","line_number":581}
{"timestamp":"2026-07-31T15:16:49.891672Z","level":"INFO","fields":{"message":"Concurrency control for download: Decreased concurrency from 1 to 1; reason: success ratio below threshold (connection struggling) (success_ratio = 1.000, threshold = 0.500)"},"filename":"D:\\a\\xet-core\\xet-core\\xet_client\\src\\cas_client\\adaptive_concurrency\\controller.rs","line_number":581}
{"timestamp":"2026-07-31T15:16:50.476208Z","level":"INFO","fields":{"message":"Concurrency control for download: Decreased concurrency from 1 to 1; reason: success ratio below threshold (connection struggling) (success_ratio = 1.000, threshold = 0.500)"},"filename":"D:\\a\\xet-core\\xet-core\\xet_client\\src\\cas_client\\adaptive_concurrency\\controller.rs","line_number":581}
{"timestamp":"2026-07-31T15:16:51.009483Z","level":"INFO","fields":{"message":"Concurrency control for download: Decreased concurrency from 1 to 1; reason: success ratio below threshold (connection struggling) (success_ratio = 1.000, threshold = 0.500)"},"filename":"D:\\a\\xet-core\\xet-core\\xet_client\\src\\cas_client\\adaptive_concurrency\\controller.rs","line_number":581}
{"timestamp":"2026-07-31T15:16:51.534109Z","level":"INFO","fields":{"message":"Concurrency control for download: Decreased concurrency from 1 to 1; reason: success ratio below threshold (connection struggling) (success_ratio = 1.000, threshold = 0.500)"},"filename":"D:\\a\\xet-core\\xet-core\\xet_client\\src\\cas_client\\adaptive_concurrency\\controller.rs","line_number":581}
{"timestamp":"2026-07-31T15:16:52.042619Z","level":"INFO","fields":{"message":"Concurrency control for download: Decreased concurrency from 1 to 1; reason: success ratio below threshold (connection struggling) (success_ratio = 1.000, threshold = 0.500)"},"filename":"D:\\a\\xet-core\\xet-core\\xet_client\\src\\cas_client\\adaptive_concurrency\\controller.rs","line_number":581}
{"timestamp":"2026-07-31T15:16:52.404599Z","level":"INFO","fields":{"message":"Concurrency control for download: Current concurrency = 1; predicted bandwidth = 32314; success_ratio = 1.000; reference_size = 4.2MB; observed bytes sent so far = 390112780; completed transmissions = 154"},"filename":"D:\\a\\xet-core\\xet-core\\xet_client\\src\\cas_client\\adaptive_concurrency\\controller.rs","line_number":597}
{"timestamp":"2026-07-31T15:16:52.574426Z","level":"INFO","fields":{"message":"Concurrency control for download: Decreased concurrency from 1 to 1; reason: success ratio below threshold (connection struggling) (success_ratio = 1.000, threshold = 0.500)"},"filename":"D:\\a\\xet-core\\xet-core\\xet_client\\src\\cas_client\\adaptive_concurrency\\controller.rs","line_number":581}
{"timestamp":"2026-07-31T15:16:53.074576Z","level":"INFO","fields":{"message":"Concurrency control for download: Decreased concurrency from 1 to 1; reason: success ratio below threshold (connection struggling) (success_ratio = 1.000, threshold = 0.500)"},"filename":"D:\\a\\xet-core\\xet-core\\xet_client\\src\\cas_client\\adaptive_concurrency\\controller.rs","line_number":581}
{"timestamp":"2026-07-31T15:16:53.617493Z","level":"INFO","fields":{"message":"Concurrency control for download: Decreased concurrency from 1 to 1; reason: success ratio below threshold (connection struggling) (success_ratio = 1.000, threshold = 0.500)"},"filename":"D:\\a\\xet-core\\xet-core\\xet_client\\src\\cas_client\\adaptive_concurrency\\controller.rs","line_number":581}
{"timestamp":"2026-07-31T15:16:54.164121Z","level":"INFO","fields":{"message":"Concurrency control for download: Decreased concurrency from 1 to 1; reason: success ratio below threshold (connection struggling) (success_ratio = 1.000, threshold = 0.500)"},"filename":"D:\\a\\xet-core\\xet-core\\xet_client\\src\\cas_client\\adaptive_concurrency\\controller.rs","line_number":581}
{"timestamp":"2026-07-31T15:16:54.667609Z","level":"INFO","fields":{"message":"Concurrency control for download: Decreased concurrency from 1 to 1; reason: success ratio below threshold (connection struggling) (success_ratio = 1.000, threshold = 0.500)"},"filename":"D:\\a\\xet-core\\xet-core\\xet_client\\src\\cas_client\\adaptive_concurrency\\controller.rs","line_number":581}
{"timestamp":"2026-07-31T15:16:55.211253Z","level":"INFO","fields":{"message":"Concurrency control for download: Decreased concurrency from 1 to 1; reason: success ratio below threshold (connection struggling) (success_ratio = 1.000, threshold = 0.500)"},"filename":"D:\\a\\xet-core\\xet-core\\xet_client\\src\\cas_client\\adaptive_concurrency\\controller.rs","line_number":581}
{"timestamp":"2026-07-31T15:16:55.724710Z","level":"INFO","fields":{"message":"Concurrency control for download: Decreased concurrency from 1 to 1; reason: success ratio below threshold (connection struggling) (success_ratio = 1.000, threshold = 0.500)"},"filename":"D:\\a\\xet-core\\xet-core\\xet_client\\src\\cas_client\\adaptive_concurrency\\controller.rs","line_number":581}
{"timestamp":"2026-07-31T15:16:56.230457Z","level":"INFO","fields":{"message":"Concurrency control for download: Decreased concurrency from 1 to 1; reason: success ratio below threshold (connection struggling) (success_ratio = 1.000, threshold = 0.500)"},"filename":"D:\\a\\xet-core\\xet-core\\xet_client\\src\\cas_client\\adaptive_concurrency\\controller.rs","line_number":581}
{"timestamp":"2026-07-31T15:16:56.748813Z","level":"INFO","fields":{"message":"Concurrency control for download: Decreased concurrency from 1 to 1; reason: success ratio below threshold (connection struggling) (success_ratio = 1.000, threshold = 0.500)"},"filename":"D:\\a\\xet-core\\xet-core\\xet_client\\src\\cas_client\\adaptive_concurrency\\controller.rs","line_number":581}
{"timestamp":"2026-07-31T15:16:57.330740Z","level":"INFO","fields":{"message":"Concurrency control for download: Decreased concurrency from 1 to 1; reason: success ratio below threshold (connection struggling) (success_ratio = 1.000, threshold = 0.500)"},"filename":"D:\\a\\xet-core\\xet-core\\xet_client\\src\\cas_client\\adaptive_concurrency\\controller.rs","line_number":581}
{"timestamp":"2026-07-31T15:16:57.846801Z","level":"INFO","fields":{"message":"Concurrency control for download: Decreased concurrency from 1 to 1; reason: success ratio below threshold (connection struggling) (success_ratio = 1.000, threshold = 0.500)"},"filename":"D:\\a\\xet-core\\xet-core\\xet_client\\src\\cas_client\\adaptive_concurrency\\controller.rs","line_number":581}
{"timestamp":"2026-07-31T15:16:58.511524Z","level":"INFO","fields":{"message":"Concurrency control for download: Decreased concurrency from 1 to 1; reason: success ratio below threshold (connection struggling) (success_ratio = 1.000, threshold = 0.500)"},"filename":"D:\\a\\xet-core\\xet-core\\xet_client\\src\\cas_client\\adaptive_concurrency\\controller.rs","line_number":581}
{"timestamp":"2026-07-31T15:16:59.012526Z","level":"INFO","fields":{"message":"Concurrency control for download: Decreased concurrency from 1 to 1; reason: success ratio below threshold (connection struggling) (success_ratio = 1.000, threshold = 0.500)"},"filename":"D:\\a\\xet-core\\xet-core\\xet_client\\src\\cas_client\\adaptive_concurrency\\controller.rs","line_number":581}
{"timestamp":"2026-07-31T15:16:59.522939Z","level":"INFO","fields":{"message":"Concurrency control for download: Decreased concurrency from 1 to 1; reason: success ratio below threshold (connection struggling) (success_ratio = 1.000, threshold = 0.500)"},"filename":"D:\\a\\xet-core\\xet-core\\xet_client\\src\\cas_client\\adaptive_concurrency\\controller.rs","line_number":581}
{"timestamp":"2026-07-31T15:16:59.932452Z","level":"INFO","fields":{"message":"Received CAS response","request_id":"01KYWC01K8HXSJKNE1KYXVVAKT","status_code":206},"filename":"D:\\a\\xet-core\\xet-core\\xet_client\\src\\common\\http_client.rs","line_number":288}
{"timestamp":"2026-07-31T15:16:59.932474Z","level":"INFO","fields":{"message":"Request Success: s3::get_range api call succeeded (request id 01KYWC01K8HXSJKNE1KYXVVAKT, retry 1)."},"filename":"D:\\a\\xet-core\\xet-core\\xet_client\\src\\cas_client\\retry_wrapper.rs","line_number":196}
{"timestamp":"2026-07-31T15:17:00.059613Z","level":"INFO","fields":{"message":"Concurrency control for download: Decreased concurrency from 1 to 1; reason: success ratio below threshold (connection struggling) (success_ratio = 1.000, threshold = 0.500)"},"filename":"D:\\a\\xet-core\\xet-core\\xet_client\\src\\cas_client\\adaptive_concurrency\\controller.rs","line_number":581}
{"timestamp":"2026-07-31T15:17:00.677643Z","level":"INFO","fields":{"message":"Concurrency control for download: Decreased concurrency from 1 to 1; reason: success ratio below threshold (connection struggling) (success_ratio = 1.000, threshold = 0.500)"},"filename":"D:\\a\\xet-core\\xet-core\\xet_client\\src\\cas_client\\adaptive_concurrency\\controller.rs","line_number":581}
{"timestamp":"2026-07-31T15:17:01.178226Z","level":"INFO","fields":{"message":"Concurrency control for download: Decreased concurrency from 1 to 1; reason: success ratio below threshold (connection struggling) (success_ratio = 1.000, threshold = 0.500)"},"filename":"D:\\a\\xet-core\\xet-core\\xet_client\\src\\cas_client\\adaptive_concurrency\\controller.rs","line_number":581}
{"timestamp":"2026-07-31T15:17:01.699870Z","level":"INFO","fields":{"message":"Concurrency control for download: Decreased concurrency from 1 to 1; reason: success ratio below threshold (connection struggling) (success_ratio = 1.000, threshold = 0.500)"},"filename":"D:\\a\\xet-core\\xet-core\\xet_client\\src\\cas_client\\adaptive_concurrency\\controller.rs","line_number":581}
{"timestamp":"2026-07-31T15:17:02.208357Z","level":"INFO","fields":{"message":"Concurrency control for download: Decreased concurrency from 1 to 1; reason: success ratio below threshold (connection struggling) (success_ratio = 1.000, threshold = 0.500)"},"filename":"D:\\a\\xet-core\\xet-core\\xet_client\\src\\cas_client\\adaptive_concurrency\\controller.rs","line_number":581}
{"timestamp":"2026-07-31T15:17:02.458600Z","level":"INFO","fields":{"message":"Concurrency control for download: Current concurrency = 1; predicted bandwidth = 31450; success_ratio = 1.000; reference_size = 4.2MB; observed bytes sent so far = 401106444; completed transmissions = 155"},"filename":"D:\\a\\xet-core\\xet-core\\xet_client\\src\\cas_client\\adaptive_concurrency\\controller.rs","line_number":597}
{"timestamp":"2026-07-31T15:17:02.734653Z","level":"INFO","fields":{"message":"Concurrency control for download: Decreased concurrency from 1 to 1; reason: success ratio below threshold (connection struggling) (success_ratio = 1.000, threshold = 0.500)"},"filename":"D:\\a\\xet-core\\xet-core\\xet_client\\src\\cas_client\\adaptive_concurrency\\controller.rs","line_number":581}
{"timestamp":"2026-07-31T15:17:03.236084Z","level":"INFO","fields":{"message":"Concurrency control for download: Decreased concurrency from 1 to 1; reason: success ratio below threshold (connection struggling) (success_ratio = 1.000, threshold = 0.500)"},"filename":"D:\\a\\xet-core\\xet-core\\xet_client\\src\\cas_client\\adaptive_concurrency\\controller.rs","line_number":581}
{"timestamp":"2026-07-31T15:17:03.767935Z","level":"INFO","fields":{"message":"Concurrency control for download: Decreased concurrency from 1 to 1; reason: success ratio below threshold (connection struggling) (success_ratio = 1.000, threshold = 0.500)"},"filename":"D:\\a\\xet-core\\xet-core\\xet_client\\src\\cas_client\\adaptive_concurrency\\controller.rs","line_number":581}
{"timestamp":"2026-07-31T15:17:04.305352Z","level":"INFO","fields":{"message":"Concurrency control for download: Decreased concurrency from 1 to 1; reason: success ratio below threshold (connection struggling) (success_ratio = 1.000, threshold = 0.500)"},"filename":"D:\\a\\xet-core\\xet-core\\xet_client\\src\\cas_client\\adaptive_concurrency\\controller.rs","line_number":581}
{"timestamp":"2026-07-31T15:17:04.808428Z","level":"INFO","fields":{"message":"Concurrency control for download: Decreased concurrency from 1 to 1; reason: success ratio below threshold (connection struggling) (success_ratio = 1.000, threshold = 0.500)"},"filename":"D:\\a\\xet-core\\xet-core\\xet_client\\src\\cas_client\\adaptive_concurrency\\controller.rs","line_number":581}
{"timestamp":"2026-07-31T15:17:05.370356Z","level":"INFO","fields":{"message":"Concurrency control for download: Decreased concurrency from 1 to 1; reason: success ratio below threshold (connection struggling) (success_ratio = 1.000, threshold = 0.500)"},"filename":"D:\\a\\xet-core\\xet-core\\xet_client\\src\\cas_client\\adaptive_concurrency\\controller.rs","line_number":581}
{"timestamp":"2026-07-31T15:17:05.876307Z","level":"INFO","fields":{"message":"Concurrency control for download: Decreased concurrency from 1 to 1; reason: success ratio below threshold (connection struggling) (success_ratio = 1.000, threshold = 0.500)"},"filename":"D:\\a\\xet-core\\xet-core\\xet_client\\src\\cas_client\\adaptive_concurrency\\controller.rs","line_number":581}
{"timestamp":"2026-07-31T15:17:06.387113Z","level":"INFO","fields":{"message":"Concurrency control for download: Decreased concurrency from 1 to 1; reason: success ratio below threshold (connection struggling) (success_ratio = 1.000, threshold = 0.500)"},"filename":"D:\\a\\xet-core\\xet-core\\xet_client\\src\\cas_client\\adaptive_concurrency\\controller.rs","line_number":581}
{"timestamp":"2026-07-31T15:17:06.898208Z","level":"INFO","fields":{"message":"Concurrency control for download: Decreased concurrency from 1 to 1; reason: success ratio below threshold (connection struggling) (success_ratio = 1.000, threshold = 0.500)"},"filename":"D:\\a\\xet-core\\xet-core\\xet_client\\src\\cas_client\\adaptive_concurrency\\controller.rs","line_number":581}
{"timestamp":"2026-07-31T15:17:07.430677Z","level":"INFO","fields":{"message":"Concurrency control for download: Decreased concurrency from 1 to 1; reason: success ratio below threshold (connection struggling) (success_ratio = 1.000, threshold = 0.500)"},"filename":"D:\\a\\xet-core\\xet-core\\xet_client\\src\\cas_client\\adaptive_concurrency\\controller.rs","line_number":581}
{"timestamp":"2026-07-31T15:17:07.958341Z","level":"INFO","fields":{"message":"Concurrency control for download: Decreased concurrency from 1 to 1; reason: success ratio below threshold (connection struggling) (success_ratio = 1.000, threshold = 0.500)"},"filename":"D:\\a\\xet-core\\xet-core\\xet_client\\src\\cas_client\\adaptive_concurrency\\controller.rs","line_number":581}
{"timestamp":"2026-07-31T15:17:08.480887Z","level":"INFO","fields":{"message":"Concurrency control for download: Decreased concurrency from 1 to 1; reason: success ratio below threshold (connection struggling) (success_ratio = 1.000, threshold = 0.500)"},"filename":"D:\\a\\xet-core\\xet-core\\xet_client\\src\\cas_client\\adaptive_concurrency\\controller.rs","line_number":581}
{"timestamp":"2026-07-31T15:17:09.001636Z","level":"INFO","fields":{"message":"Concurrency control for download: Decreased concurrency from 1 to 1; reason: success ratio below threshold (connection struggling) (success_ratio = 1.000, threshold = 0.500)"},"filename":"D:\\a\\xet-core\\xet-core\\xet_client\\src\\cas_client\\adaptive_concurrency\\controller.rs","line_number":581}
{"timestamp":"2026-07-31T15:17:09.505721Z","level":"INFO","fields":{"message":"Concurrency control for download: Decreased concurrency from 1 to 1; reason: success ratio below threshold (connection struggling) (success_ratio = 1.000, threshold = 0.500)"},"filename":"D:\\a\\xet-core\\xet-core\\xet_client\\src\\cas_client\\adaptive_concurrency\\controller.rs","line_number":581}
{"timestamp":"2026-07-31T15:17:10.015664Z","level":"INFO","fields":{"message":"Concurrency control for download: Decreased concurrency from 1 to 1; reason: success ratio below threshold (connection struggling) (success_ratio = 1.000, threshold = 0.500)"},"filename":"D:\\a\\xet-core\\xet-core\\xet_client\\src\\cas_client\\adaptive_concurrency\\controller.rs","line_number":581}
{"timestamp":"2026-07-31T15:17:10.560064Z","level":"INFO","fields":{"message":"Concurrency control for download: Decreased concurrency from 1 to 1; reason: success ratio below threshold (connection struggling) (success_ratio = 1.000, threshold = 0.500)"},"filename":"D:\\a\\xet-core\\xet-core\\xet_client\\src\\cas_client\\adaptive_concurrency\\controller.rs","line_number":581}
{"timestamp":"2026-07-31T15:17:11.092413Z","level":"INFO","fields":{"message":"Concurrency control for download: Decreased concurrency from 1 to 1; reason: success ratio below threshold (connection struggling) (success_ratio = 1.000, threshold = 0.500)"},"filename":"D:\\a\\xet-core\\xet-core\\xet_client\\src\\cas_client\\adaptive_concurrency\\controller.rs","line_number":581}
{"timestamp":"2026-07-31T15:17:11.657929Z","level":"INFO","fields":{"message":"Concurrency control for download: Decreased concurrency from 1 to 1; reason: success ratio below threshold (connection struggling) (success_ratio = 1.000, threshold = 0.500)"},"filename":"D:\\a\\xet-core\\xet-core\\xet_client\\src\\cas_client\\adaptive_concurrency\\controller.rs","line_number":581}
{"timestamp":"2026-07-31T15:17:12.161867Z","level":"INFO","fields":{"message":"Concurrency control for download: Decreased concurrency from 1 to 1; reason: success ratio below threshold (connection struggling) (success_ratio = 1.000, threshold = 0.500)"},"filename":"D:\\a\\xet-core\\xet-core\\xet_client\\src\\cas_client\\adaptive_concurrency\\controller.rs","line_number":581}
{"timestamp":"2026-07-31T15:17:12.466386Z","level":"INFO","fields":{"message":"Concurrency control for download: Current concurrency = 1; predicted bandwidth = 31744; success_ratio = 1.000; reference_size = 4.7MB; observed bytes sent so far = 413063887; completed transmissions = 156"},"filename":"D:\\a\\xet-core\\xet-core\\xet_client\\src\\cas_client\\adaptive_concurrency\\controller.rs","line_number":597}
{"timestamp":"2026-07-31T15:17:12.723318Z","level":"INFO","fields":{"message":"Concurrency control for download: Decreased concurrency from 1 to 1; reason: success ratio below threshold (connection struggling) (success_ratio = 1.000, threshold = 0.500)"},"filename":"D:\\a\\xet-core\\xet-core\\xet_client\\src\\cas_client\\adaptive_concurrency\\controller.rs","line_number":581}
{"timestamp":"2026-07-31T15:17:13.549049Z","level":"INFO","fields":{"message":"Concurrency control for download: Decreased concurrency from 1 to 1; reason: success ratio below threshold (connection struggling) (success_ratio = 1.000, threshold = 0.500)"},"filename":"D:\\a\\xet-core\\xet-core\\xet_client\\src\\cas_client\\adaptive_concurrency\\controller.rs","line_number":581}
{"timestamp":"2026-07-31T15:17:14.145411Z","level":"INFO","fields":{"message":"Concurrency control for download: Decreased concurrency from 1 to 1; reason: success ratio below threshold (connection struggling) (success_ratio = 1.000, threshold = 0.500)"},"filename":"D:\\a\\xet-core\\xet-core\\xet_client\\src\\cas_client\\adaptive_concurrency\\controller.rs","line_number":581}
{"timestamp":"2026-07-31T15:17:14.680880Z","level":"INFO","fields":{"message":"Concurrency control for download: Decreased concurrency from 1 to 1; reason: success ratio below threshold (connection struggling) (success_ratio = 1.000, threshold = 0.500)"},"filename":"D:\\a\\xet-core\\xet-core\\xet_client\\src\\cas_client\\adaptive_concurrency\\controller.rs","line_number":581}
{"timestamp":"2026-07-31T15:17:15.215838Z","level":"INFO","fields":{"message":"Concurrency control for download: Decreased concurrency from 1 to 1; reason: success ratio below threshold (connection struggling) (success_ratio = 1.000, threshold = 0.500)"},"filename":"D:\\a\\xet-core\\xet-core\\xet_client\\src\\cas_client\\adaptive_concurrency\\controller.rs","line_number":581}
{"timestamp":"2026-07-31T15:17:15.726661Z","level":"INFO","fields":{"message":"Concurrency control for download: Decreased concurrency from 1 to 1; reason: success ratio below threshold (connection struggling) (success_ratio = 1.000, threshold = 0.500)"},"filename":"D:\\a\\xet-core\\xet-core\\xet_client\\src\\cas_client\\adaptive_concurrency\\controller.rs","line_number":581}
{"timestamp":"2026-07-31T15:17:16.251159Z","level":"INFO","fields":{"message":"Concurrency control for download: Decreased concurrency from 1 to 1; reason: success ratio below threshold (connection struggling) (success_ratio = 1.000, threshold = 0.500)"},"filename":"D:\\a\\xet-core\\xet-core\\xet_client\\src\\cas_client\\adaptive_concurrency\\controller.rs","line_number":581}
{"timestamp":"2026-07-31T15:17:16.759280Z","level":"INFO","fields":{"message":"Concurrency control for download: Decreased concurrency from 1 to 1; reason: success ratio below threshold (connection struggling) (success_ratio = 1.000, threshold = 0.500)"},"filename":"D:\\a\\xet-core\\xet-core\\xet_client\\src\\cas_client\\adaptive_concurrency\\controller.rs","line_number":581}
{"timestamp":"2026-07-31T15:17:17.477101Z","level":"INFO","fields":{"message":"Concurrency control for download: Decreased concurrency from 1 to 1; reason: success ratio below threshold (connection struggling) (success_ratio = 1.000, threshold = 0.500)"},"filename":"D:\\a\\xet-core\\xet-core\\xet_client\\src\\cas_client\\adaptive_concurrency\\controller.rs","line_number":581}
{"timestamp":"2026-07-31T15:17:18.134297Z","level":"INFO","fields":{"message":"Concurrency control for download: Decreased concurrency from 1 to 1; reason: success ratio below threshold (connection struggling) (success_ratio = 1.000, threshold = 0.500)"},"filename":"D:\\a\\xet-core\\xet-core\\xet_client\\src\\cas_client\\adaptive_concurrency\\controller.rs","line_number":581}
{"timestamp":"2026-07-31T15:17:18.947386Z","level":"INFO","fields":{"message":"Concurrency control for download: Decreased concurrency from 1 to 1; reason: success ratio below threshold (connection struggling) (success_ratio = 1.000, threshold = 0.500)"},"filename":"D:\\a\\xet-core\\xet-core\\xet_client\\src\\cas_client\\adaptive_concurrency\\controller.rs","line_number":581}
{"timestamp":"2026-07-31T15:17:19.452623Z","level":"INFO","fields":{"message":"Concurrency control for download: Decreased concurrency from 1 to 1; reason: success ratio below threshold (connection struggling) (success_ratio = 1.000, threshold = 0.500)"},"filename":"D:\\a\\xet-core\\xet-core\\xet_client\\src\\cas_client\\adaptive_concurrency\\controller.rs","line_number":581}
{"timestamp":"2026-07-31T15:17:19.960503Z","level":"INFO","fields":{"message":"Concurrency control for download: Decreased concurrency from 1 to 1; reason: success ratio below threshold (connection struggling) (success_ratio = 1.000, threshold = 0.500)"},"filename":"D:\\a\\xet-core\\xet-core\\xet_client\\src\\cas_client\\adaptive_concurrency\\controller.rs","line_number":581}
{"timestamp":"2026-07-31T15:17:20.472213Z","level":"INFO","fields":{"message":"Concurrency control for download: Decreased concurrency from 1 to 1; reason: success ratio below threshold (connection struggling) (success_ratio = 1.000, threshold = 0.500)"},"filename":"D:\\a\\xet-core\\xet-core\\xet_client\\src\\cas_client\\adaptive_concurrency\\controller.rs","line_number":581}
{"timestamp":"2026-07-31T15:17:21.014234Z","level":"INFO","fields":{"message":"Concurrency control for download: Decreased concurrency from 1 to 1; reason: success ratio below threshold (connection struggling) (success_ratio = 1.000, threshold = 0.500)"},"filename":"D:\\a\\xet-core\\xet-core\\xet_client\\src\\cas_client\\adaptive_concurrency\\controller.rs","line_number":581}
{"timestamp":"2026-07-31T15:17:21.552094Z","level":"INFO","fields":{"message":"Concurrency control for download: Decreased concurrency from 1 to 1; reason: success ratio below threshold (connection struggling) (success_ratio = 1.000, threshold = 0.500)"},"filename":"D:\\a\\xet-core\\xet-core\\xet_client\\src\\cas_client\\adaptive_concurrency\\controller.rs","line_number":581}
{"timestamp":"2026-07-31T15:17:22.064664Z","level":"INFO","fields":{"message":"Concurrency control for download: Decreased concurrency from 1 to 1; reason: success ratio below threshold (connection struggling) (success_ratio = 1.000, threshold = 0.500)"},"filename":"D:\\a\\xet-core\\xet-core\\xet_client\\src\\cas_client\\adaptive_concurrency\\controller.rs","line_number":581}
{"timestamp":"2026-07-31T15:17:23.108742Z","level":"INFO","fields":{"message":"Concurrency control for download: Decreased concurrency from 1 to 1; reason: success ratio below threshold (connection struggling) (success_ratio = 1.000, threshold = 0.500)"},"filename":"D:\\a\\xet-core\\xet-core\\xet_client\\src\\cas_client\\adaptive_concurrency\\controller.rs","line_number":581}
{"timestamp":"2026-07-31T15:17:23.108774Z","level":"INFO","fields":{"message":"Concurrency control for download: Current concurrency = 1; predicted bandwidth = 29134; success_ratio = 1.000; reference_size = 4.7MB; observed bytes sent so far = 419568335; completed transmissions = 156"},"filename":"D:\\a\\xet-core\\xet-core\\xet_client\\src\\cas_client\\adaptive_concurrency\\controller.rs","line_number":597}
{"timestamp":"2026-07-31T15:17:23.609596Z","level":"INFO","fields":{"message":"Concurrency control for download: Decreased concurrency from 1 to 1; reason: success ratio below threshold (connection struggling) (success_ratio = 1.000, threshold = 0.500)"},"filename":"D:\\a\\xet-core\\xet-core\\xet_client\\src\\cas_client\\adaptive_concurrency\\controller.rs","line_number":581}
{"timestamp":"2026-07-31T15:17:24.128407Z","level":"INFO","fields":{"message":"Concurrency control for download: Decreased concurrency from 1 to 1; reason: success ratio below threshold (connection struggling) (success_ratio = 1.000, threshold = 0.500)"},"filename":"D:\\a\\xet-core\\xet-core\\xet_client\\src\\cas_client\\adaptive_concurrency\\controller.rs","line_number":581}
{"timestamp":"2026-07-31T15:17:25.011356Z","level":"INFO","fields":{"message":"Concurrency control for download: Decreased concurrency from 1 to 1; reason: success ratio below threshold (connection struggling) (success_ratio = 1.000, threshold = 0.500)"},"filename":"D:\\a\\xet-core\\xet-core\\xet_client\\src\\cas_client\\adaptive_concurrency\\controller.rs","line_number":581}
{"timestamp":"2026-07-31T15:17:25.651252Z","level":"INFO","fields":{"message":"Concurrency control for download: Decreased concurrency from 1 to 1; reason: success ratio below threshold (connection struggling) (success_ratio = 1.000, threshold = 0.500)"},"filename":"D:\\a\\xet-core\\xet-core\\xet_client\\src\\cas_client\\adaptive_concurrency\\controller.rs","line_number":581}
{"timestamp":"2026-07-31T15:17:26.187171Z","level":"INFO","fields":{"message":"Concurrency control for download: Decreased concurrency from 1 to 1; reason: success ratio below threshold (connection struggling) (success_ratio = 1.000, threshold = 0.500)"},"filename":"D:\\a\\xet-core\\xet-core\\xet_client\\src\\cas_client\\adaptive_concurrency\\controller.rs","line_number":581}
{"timestamp":"2026-07-31T15:17:26.692959Z","level":"INFO","fields":{"message":"Concurrency control for download: Decreased concurrency from 1 to 1; reason: success ratio below threshold (connection struggling) (success_ratio = 1.000, threshold = 0.500)"},"filename":"D:\\a\\xet-core\\xet-core\\xet_client\\src\\cas_client\\adaptive_concurrency\\controller.rs","line_number":581}
{"timestamp":"2026-07-31T15:17:27.218000Z","level":"INFO","fields":{"message":"Concurrency control for download: Decreased concurrency from 1 to 1; reason: success ratio below threshold (connection struggling) (success_ratio = 1.000, threshold = 0.500)"},"filename":"D:\\a\\xet-core\\xet-core\\xet_client\\src\\cas_client\\adaptive_concurrency\\controller.rs","line_number":581}
{"timestamp":"2026-07-31T15:17:27.719812Z","level":"INFO","fields":{"message":"Concurrency control for download: Decreased concurrency from 1 to 1; reason: success ratio below threshold (connection struggling) (success_ratio = 1.000, threshold = 0.500)"},"filename":"D:\\a\\xet-core\\xet-core\\xet_client\\src\\cas_client\\adaptive_concurrency\\controller.rs","line_number":581}
{"timestamp":"2026-07-31T15:17:28.239195Z","level":"INFO","fields":{"message":"Concurrency control for download: Decreased concurrency from 1 to 1; reason: success ratio below threshold (connection struggling) (success_ratio = 1.000, threshold = 0.500)"},"filename":"D:\\a\\xet-core\\xet-core\\xet_client\\src\\cas_client\\adaptive_concurrency\\controller.rs","line_number":581}
{"timestamp":"2026-07-31T15:17:28.940078Z","level":"INFO","fields":{"message":"Concurrency control for download: Decreased concurrency from 1 to 1; reason: success ratio below threshold (connection struggling) (success_ratio = 1.000, threshold = 0.500)"},"filename":"D:\\a\\xet-core\\xet-core\\xet_client\\src\\cas_client\\adaptive_concurrency\\controller.rs","line_number":581}
{"timestamp":"2026-07-31T15:17:29.441949Z","level":"INFO","fields":{"message":"Concurrency control for download: Decreased concurrency from 1 to 1; reason: success ratio below threshold (connection struggling) (success_ratio = 1.000, threshold = 0.500)"},"filename":"D:\\a\\xet-core\\xet-core\\xet_client\\src\\cas_client\\adaptive_concurrency\\controller.rs","line_number":581}
{"timestamp":"2026-07-31T15:17:30.005813Z","level":"INFO","fields":{"message":"Concurrency control for download: Decreased concurrency from 1 to 1; reason: success ratio below threshold (connection struggling) (success_ratio = 1.000, threshold = 0.500)"},"filename":"D:\\a\\xet-core\\xet-core\\xet_client\\src\\cas_client\\adaptive_concurrency\\controller.rs","line_number":581}
{"timestamp":"2026-07-31T15:17:30.591785Z","level":"INFO","fields":{"message":"Concurrency control for download: Decreased concurrency from 1 to 1; reason: success ratio below threshold (connection struggling) (success_ratio = 1.000, threshold = 0.500)"},"filename":"D:\\a\\xet-core\\xet-core\\xet_client\\src\\cas_client\\adaptive_concurrency\\controller.rs","line_number":581}
{"timestamp":"2026-07-31T15:17:31.093366Z","level":"INFO","fields":{"message":"Concurrency control for download: Decreased concurrency from 1 to 1; reason: success ratio below threshold (connection struggling) (success_ratio = 1.000, threshold = 0.500)"},"filename":"D:\\a\\xet-core\\xet-core\\xet_client\\src\\cas_client\\adaptive_concurrency\\controller.rs","line_number":581}
{"timestamp":"2026-07-31T15:17:31.690076Z","level":"INFO","fields":{"message":"Concurrency control for download: Decreased concurrency from 1 to 1; reason: success ratio below threshold (connection struggling) (success_ratio = 1.000, threshold = 0.500)"},"filename":"D:\\a\\xet-core\\xet-core\\xet_client\\src\\cas_client\\adaptive_concurrency\\controller.rs","line_number":581}
{"timestamp":"2026-07-31T15:17:32.254249Z","level":"INFO","fields":{"message":"Concurrency control for download: Decreased concurrency from 1 to 1; reason: success ratio below threshold (connection struggling) (success_ratio = 1.000, threshold = 0.500)"},"filename":"D:\\a\\xet-core\\xet-core\\xet_client\\src\\cas_client\\adaptive_concurrency\\controller.rs","line_number":581}
{"timestamp":"2026-07-31T15:17:33.007442Z","level":"INFO","fields":{"message":"Concurrency control for download: Decreased concurrency from 1 to 1; reason: success ratio below threshold (connection struggling) (success_ratio = 1.000, threshold = 0.500)"},"filename":"D:\\a\\xet-core\\xet-core\\xet_client\\src\\cas_client\\adaptive_concurrency\\controller.rs","line_number":581}
{"timestamp":"2026-07-31T15:17:33.238792Z","level":"INFO","fields":{"message":"Concurrency control for download: Current concurrency = 1; predicted bandwidth = 29225; success_ratio = 1.000; reference_size = 5.7MB; observed bytes sent so far = 428631064; completed transmissions = 157"},"filename":"D:\\a\\xet-core\\xet-core\\xet_client\\src\\cas_client\\adaptive_concurrency\\controller.rs","line_number":597}
{"timestamp":"2026-07-31T15:17:33.599400Z","level":"INFO","fields":{"message":"Concurrency control for download: Decreased concurrency from 1 to 1; reason: success ratio below threshold (connection struggling) (success_ratio = 1.000, threshold = 0.500)"},"filename":"D:\\a\\xet-core\\xet-core\\xet_client\\src\\cas_client\\adaptive_concurrency\\controller.rs","line_number":581}
{"timestamp":"2026-07-31T15:17:34.131762Z","level":"INFO","fields":{"message":"Concurrency control for download: Decreased concurrency from 1 to 1; reason: success ratio below threshold (connection struggling) (success_ratio = 1.000, threshold = 0.500)"},"filename":"D:\\a\\xet-core\\xet-core\\xet_client\\src\\cas_client\\adaptive_concurrency\\controller.rs","line_number":581}
{"timestamp":"2026-07-31T15:17:34.635058Z","level":"INFO","fields":{"message":"Concurrency control for download: Decreased concurrency from 1 to 1; reason: success ratio below threshold (connection struggling) (success_ratio = 1.000, threshold = 0.500)"},"filename":"D:\\a\\xet-core\\xet-core\\xet_client\\src\\cas_client\\adaptive_concurrency\\controller.rs","line_number":581}
{"timestamp":"2026-07-31T15:17:35.135839Z","level":"INFO","fields":{"message":"Concurrency control for download: Decreased concurrency from 1 to 1; reason: success ratio below threshold (connection struggling) (success_ratio = 1.000, threshold = 0.500)"},"filename":"D:\\a\\xet-core\\xet-core\\xet_client\\src\\cas_client\\adaptive_concurrency\\controller.rs","line_number":581}
{"timestamp":"2026-07-31T15:17:35.745827Z","level":"INFO","fields":{"message":"Concurrency control for download: Decreased concurrency from 1 to 1; reason: success ratio below threshold (connection struggling) (success_ratio = 1.000, threshold = 0.500)"},"filename":"D:\\a\\xet-core\\xet-core\\xet_client\\src\\cas_client\\adaptive_concurrency\\controller.rs","line_number":581}
{"timestamp":"2026-07-31T15:17:36.317701Z","level":"INFO","fields":{"message":"Concurrency control for download: Decreased concurrency from 1 to 1; reason: success ratio below threshold (connection struggling) (success_ratio = 1.000, threshold = 0.500)"},"filename":"D:\\a\\xet-core\\xet-core\\xet_client\\src\\cas_client\\adaptive_concurrency\\controller.rs","line_number":581}
{"timestamp":"2026-07-31T15:17:36.862696Z","level":"INFO","fields":{"message":"Concurrency control for download: Decreased concurrency from 1 to 1; reason: success ratio below threshold (connection struggling) (success_ratio = 1.000, threshold = 0.500)"},"filename":"D:\\a\\xet-core\\xet-core\\xet_client\\src\\cas_client\\adaptive_concurrency\\controller.rs","line_number":581}
{"timestamp":"2026-07-31T15:17:37.492085Z","level":"INFO","fields":{"message":"Concurrency control for download: Decreased concurrency from 1 to 1; reason: success ratio below threshold (connection struggling) (success_ratio = 1.000, threshold = 0.500)"},"filename":"D:\\a\\xet-core\\xet-core\\xet_client\\src\\cas_client\\adaptive_concurrency\\controller.rs","line_number":581}
{"timestamp":"2026-07-31T15:17:38.095017Z","level":"INFO","fields":{"message":"Concurrency control for download: Decreased concurrency from 1 to 1; reason: success ratio below threshold (connection struggling) (success_ratio = 1.000, threshold = 0.500)"},"filename":"D:\\a\\xet-core\\xet-core\\xet_client\\src\\cas_client\\adaptive_concurrency\\controller.rs","line_number":581}
{"timestamp":"2026-07-31T15:17:38.754696Z","level":"INFO","fields":{"message":"Concurrency control for download: Decreased concurrency from 1 to 1; reason: success ratio below threshold (connection struggling) (success_ratio = 1.000, threshold = 0.500)"},"filename":"D:\\a\\xet-core\\xet-core\\xet_client\\src\\cas_client\\adaptive_concurrency\\controller.rs","line_number":581}
{"timestamp":"2026-07-31T15:17:39.290292Z","level":"INFO","fields":{"message":"Concurrency control for download: Decreased concurrency from 1 to 1; reason: success ratio below threshold (connection struggling) (success_ratio = 1.000, threshold = 0.500)"},"filename":"D:\\a\\xet-core\\xet-core\\xet_client\\src\\cas_client\\adaptive_concurrency\\controller.rs","line_number":581}
{"timestamp":"2026-07-31T15:17:39.802439Z","level":"INFO","fields":{"message":"Concurrency control for download: Decreased concurrency from 1 to 1; reason: success ratio below threshold (connection struggling) (success_ratio = 1.000, threshold = 0.500)"},"filename":"D:\\a\\xet-core\\xet-core\\xet_client\\src\\cas_client\\adaptive_concurrency\\controller.rs","line_number":581}
{"timestamp":"2026-07-31T15:17:40.642597Z","level":"INFO","fields":{"message":"Concurrency control for download: Decreased concurrency from 1 to 1; reason: success ratio below threshold (connection struggling) (success_ratio = 1.000, threshold = 0.500)"},"filename":"D:\\a\\xet-core\\xet-core\\xet_client\\src\\cas_client\\adaptive_concurrency\\controller.rs","line_number":581}
{"timestamp":"2026-07-31T15:17:41.184875Z","level":"INFO","fields":{"message":"Concurrency control for download: Decreased concurrency from 1 to 1; reason: success ratio below threshold (connection struggling) (success_ratio = 1.000, threshold = 0.500)"},"filename":"D:\\a\\xet-core\\xet-core\\xet_client\\src\\cas_client\\adaptive_concurrency\\controller.rs","line_number":581}
{"timestamp":"2026-07-31T15:17:41.689388Z","level":"INFO","fields":{"message":"Concurrency control for download: Decreased concurrency from 1 to 1; reason: success ratio below threshold (connection struggling) (success_ratio = 1.000, threshold = 0.500)"},"filename":"D:\\a\\xet-core\\xet-core\\xet_client\\src\\cas_client\\adaptive_concurrency\\controller.rs","line_number":581}
{"timestamp":"2026-07-31T15:17:42.216402Z","level":"INFO","fields":{"message":"Concurrency control for download: Decreased concurrency from 1 to 1; reason: success ratio below threshold (connection struggling) (success_ratio = 1.000, threshold = 0.500)"},"filename":"D:\\a\\xet-core\\xet-core\\xet_client\\src\\cas_client\\adaptive_concurrency\\controller.rs","line_number":581}
{"timestamp":"2026-07-31T15:17:42.735893Z","level":"INFO","fields":{"message":"Concurrency control for download: Decreased concurrency from 1 to 1; reason: success ratio below threshold (connection struggling) (success_ratio = 1.000, threshold = 0.500)"},"filename":"D:\\a\\xet-core\\xet-core\\xet_client\\src\\cas_client\\adaptive_concurrency\\controller.rs","line_number":581}
{"timestamp":"2026-07-31T15:17:43.670065Z","level":"INFO","fields":{"message":"Concurrency control for download: Decreased concurrency from 1 to 1; reason: success ratio below threshold (connection struggling) (success_ratio = 1.000, threshold = 0.500)"},"filename":"D:\\a\\xet-core\\xet-core\\xet_client\\src\\cas_client\\adaptive_concurrency\\controller.rs","line_number":581}
{"timestamp":"2026-07-31T15:17:43.670096Z","level":"INFO","fields":{"message":"Concurrency control for download: Current concurrency = 1; predicted bandwidth = 28035; success_ratio = 1.000; reference_size = 5.7MB; observed bytes sent so far = 435069976; completed transmissions = 157"},"filename":"D:\\a\\xet-core\\xet-core\\xet_client\\src\\cas_client\\adaptive_concurrency\\controller.rs","line_number":597}
{"timestamp":"2026-07-31T15:17:44.256640Z","level":"INFO","fields":{"message":"Concurrency control for download: Decreased concurrency from 1 to 1; reason: success ratio below threshold (connection struggling) (success_ratio = 1.000, threshold = 0.500)"},"filename":"D:\\a\\xet-core\\xet-core\\xet_client\\src\\cas_client\\adaptive_concurrency\\controller.rs","line_number":581}
{"timestamp":"2026-07-31T15:17:44.761659Z","level":"INFO","fields":{"message":"Concurrency control for download: Decreased concurrency from 1 to 1; reason: success ratio below threshold (connection struggling) (success_ratio = 1.000, threshold = 0.500)"},"filename":"D:\\a\\xet-core\\xet-core\\xet_client\\src\\cas_client\\adaptive_concurrency\\controller.rs","line_number":581}
{"timestamp":"2026-07-31T15:17:46.347716Z","level":"INFO","fields":{"message":"Concurrency control for download: Decreased concurrency from 1 to 1; reason: success ratio below threshold (connection struggling) (success_ratio = 1.000, threshold = 0.500)"},"filename":"D:\\a\\xet-core\\xet-core\\xet_client\\src\\cas_client\\adaptive_concurrency\\controller.rs","line_number":581}
{"timestamp":"2026-07-31T15:17:47.744872Z","level":"INFO","fields":{"message":"Concurrency control for download: Decreased concurrency from 1 to 1; reason: success ratio below threshold (connection struggling) (success_ratio = 1.000, threshold = 0.500)"},"filename":"D:\\a\\xet-core\\xet-core\\xet_client\\src\\cas_client\\adaptive_concurrency\\controller.rs","line_number":581}
{"timestamp":"2026-07-31T15:17:49.033826Z","level":"INFO","fields":{"message":"Concurrency control for download: Decreased concurrency from 1 to 1; reason: success ratio below threshold (connection struggling) (success_ratio = 1.000, threshold = 0.500)"},"filename":"D:\\a\\xet-core\\xet-core\\xet_client\\src\\cas_client\\adaptive_concurrency\\controller.rs","line_number":581}
{"timestamp":"2026-07-31T15:17:51.752155Z","level":"INFO","fields":{"message":"Concurrency control for download: Decreased concurrency from 1 to 1; reason: success ratio below threshold (connection struggling) (success_ratio = 1.000, threshold = 0.500)"},"filename":"D:\\a\\xet-core\\xet-core\\xet_client\\src\\cas_client\\adaptive_concurrency\\controller.rs","line_number":581}
{"timestamp":"2026-07-31T15:17:52.420174Z","level":"INFO","fields":{"message":"Concurrency control for download: Decreased concurrency from 1 to 1; reason: success ratio below threshold (connection struggling) (success_ratio = 1.000, threshold = 0.500)"},"filename":"D:\\a\\xet-core\\xet-core\\xet_client\\src\\cas_client\\adaptive_concurrency\\controller.rs","line_number":581}
{"timestamp":"2026-07-31T15:17:53.748231Z","level":"INFO","fields":{"message":"Concurrency control for download: Decreased concurrency from 1 to 1; reason: success ratio below threshold (connection struggling) (success_ratio = 1.000, threshold = 0.500)"},"filename":"D:\\a\\xet-core\\xet-core\\xet_client\\src\\cas_client\\adaptive_concurrency\\controller.rs","line_number":581}
{"timestamp":"2026-07-31T15:17:53.748254Z","level":"INFO","fields":{"message":"Concurrency control for download: Current concurrency = 1; predicted bandwidth = 27677; success_ratio = 1.000; reference_size = 5.7MB; observed bytes sent so far = 436020248; completed transmissions = 157"},"filename":"D:\\a\\xet-core\\xet-core\\xet_client\\src\\cas_client\\adaptive_concurrency\\controller.rs","line_number":597}
{"timestamp":"2026-07-31T15:17:54.720576Z","level":"INFO","fields":{"message":"Concurrency control for download: Decreased concurrency from 1 to 1; reason: success ratio below threshold (connection struggling) (success_ratio = 1.000, threshold = 0.500)"},"filename":"D:\\a\\xet-core\\xet-core\\xet_client\\src\\cas_client\\adaptive_concurrency\\controller.rs","line_number":581}
{"timestamp":"2026-07-31T15:17:56.752086Z","level":"INFO","fields":{"message":"Concurrency control for download: Decreased concurrency from 1 to 1; reason: success ratio below threshold (connection struggling) (success_ratio = 1.000, threshold = 0.500)"},"filename":"D:\\a\\xet-core\\xet-core\\xet_client\\src\\cas_client\\adaptive_concurrency\\controller.rs","line_number":581}
{"timestamp":"2026-07-31T15:17:57.764052Z","level":"INFO","fields":{"message":"Concurrency control for download: Decreased concurrency from 1 to 1; reason: success ratio below threshold (connection struggling) (success_ratio = 1.000, threshold = 0.500)"},"filename":"D:\\a\\xet-core\\xet-core\\xet_client\\src\\cas_client\\adaptive_concurrency\\controller.rs","line_number":581}
{"timestamp":"2026-07-31T15:17:58.727347Z","level":"INFO","fields":{"message":"Concurrency control for download: Decreased concurrency from 1 to 1; reason: success ratio below threshold (connection struggling) (success_ratio = 1.000, threshold = 0.500)"},"filename":"D:\\a\\xet-core\\xet-core\\xet_client\\src\\cas_client\\adaptive_concurrency\\controller.rs","line_number":581}
{"timestamp":"2026-07-31T15:17:59.610598Z","level":"INFO","fields":{"message":"Concurrency control for download: Decreased concurrency from 1 to 1; reason: success ratio below threshold (connection struggling) (success_ratio = 1.000, threshold = 0.500)"},"filename":"D:\\a\\xet-core\\xet-core\\xet_client\\src\\cas_client\\adaptive_concurrency\\controller.rs","line_number":581}
{"timestamp":"2026-07-31T15:18:00.746961Z","level":"INFO","fields":{"message":"Concurrency control for download: Decreased concurrency from 1 to 1; reason: success ratio below threshold (connection struggling) (success_ratio = 1.000, threshold = 0.500)"},"filename":"D:\\a\\xet-core\\xet-core\\xet_client\\src\\cas_client\\adaptive_concurrency\\controller.rs","line_number":581}
{"timestamp":"2026-07-31T15:18:01.542510Z","level":"INFO","fields":{"message":"Concurrency control for download: Decreased concurrency from 1 to 1; reason: success ratio below threshold (connection struggling) (success_ratio = 1.000, threshold = 0.500)"},"filename":"D:\\a\\xet-core\\xet-core\\xet_client\\src\\cas_client\\adaptive_concurrency\\controller.rs","line_number":581}
{"timestamp":"2026-07-31T15:18:03.748903Z","level":"INFO","fields":{"message":"Concurrency control for download: Decreased concurrency from 1 to 1; reason: success ratio below threshold (connection struggling) (success_ratio = 1.000, threshold = 0.500)"},"filename":"D:\\a\\xet-core\\xet-core\\xet_client\\src\\cas_client\\adaptive_concurrency\\controller.rs","line_number":581}
{"timestamp":"2026-07-31T15:18:03.748941Z","level":"INFO","fields":{"message":"Concurrency control for download: Current concurrency = 1; predicted bandwidth = 27236; success_ratio = 1.000; reference_size = 5.7MB; observed bytes sent so far = 436347928; completed transmissions = 157"},"filename":"D:\\a\\xet-core\\xet-core\\xet_client\\src\\cas_client\\adaptive_concurrency\\controller.rs","line_number":597}
{"timestamp":"2026-07-31T15:18:05.769426Z","level":"INFO","fields":{"message":"Concurrency control for download: Decreased concurrency from 1 to 1; reason: success ratio below threshold (connection struggling) (success_ratio = 1.000, threshold = 0.500)"},"filename":"D:\\a\\xet-core\\xet-core\\xet_client\\src\\cas_client\\adaptive_concurrency\\controller.rs","line_number":581}
{"timestamp":"2026-07-31T15:18:06.939807Z","level":"INFO","fields":{"message":"Concurrency control for download: Decreased concurrency from 1 to 1; reason: success ratio below threshold (connection struggling) (success_ratio = 1.000, threshold = 0.500)"},"filename":"D:\\a\\xet-core\\xet-core\\xet_client\\src\\cas_client\\adaptive_concurrency\\controller.rs","line_number":581}
{"timestamp":"2026-07-31T15:18:07.743295Z","level":"INFO","fields":{"message":"Concurrency control for download: Decreased concurrency from 1 to 1; reason: success ratio below threshold (connection struggling) (success_ratio = 1.000, threshold = 0.500)"},"filename":"D:\\a\\xet-core\\xet-core\\xet_client\\src\\cas_client\\adaptive_concurrency\\controller.rs","line_number":581}
{"timestamp":"2026-07-31T15:18:09.813214Z","level":"INFO","fields":{"message":"Concurrency control for download: Decreased concurrency from 1 to 1; reason: success ratio below threshold (connection struggling) (success_ratio = 1.000, threshold = 0.500)"},"filename":"D:\\a\\xet-core\\xet-core\\xet_client\\src\\cas_client\\adaptive_concurrency\\controller.rs","line_number":581}
{"timestamp":"2026-07-31T15:18:10.625300Z","level":"INFO","fields":{"message":"Concurrency control for download: Decreased concurrency from 1 to 1; reason: success ratio below threshold (connection struggling) (success_ratio = 1.000, threshold = 0.500)"},"filename":"D:\\a\\xet-core\\xet-core\\xet_client\\src\\cas_client\\adaptive_concurrency\\controller.rs","line_number":581}
{"timestamp":"2026-07-31T15:18:11.158892Z","level":"INFO","fields":{"message":"Concurrency control for download: Decreased concurrency from 1 to 1; reason: success ratio below threshold (connection struggling) (success_ratio = 1.000, threshold = 0.500)"},"filename":"D:\\a\\xet-core\\xet-core\\xet_client\\src\\cas_client\\adaptive_concurrency\\controller.rs","line_number":581}
{"timestamp":"2026-07-31T15:18:11.698583Z","level":"INFO","fields":{"message":"Concurrency control for download: Decreased concurrency from 1 to 1; reason: success ratio below threshold (connection struggling) (success_ratio = 1.000, threshold = 0.500)"},"filename":"D:\\a\\xet-core\\xet-core\\xet_client\\src\\cas_client\\adaptive_concurrency\\controller.rs","line_number":581}
{"timestamp":"2026-07-31T15:18:12.256636Z","level":"INFO","fields":{"message":"Concurrency control for download: Decreased concurrency from 1 to 1; reason: success ratio below threshold (connection struggling) (success_ratio = 1.000, threshold = 0.500)"},"filename":"D:\\a\\xet-core\\xet-core\\xet_client\\src\\cas_client\\adaptive_concurrency\\controller.rs","line_number":581}
{"timestamp":"2026-07-31T15:18:12.766659Z","level":"INFO","fields":{"message":"Concurrency control for download: Decreased concurrency from 1 to 1; reason: success ratio below threshold (connection struggling) (success_ratio = 1.000, threshold = 0.500)"},"filename":"D:\\a\\xet-core\\xet-core\\xet_client\\src\\cas_client\\adaptive_concurrency\\controller.rs","line_number":581}
{"timestamp":"2026-07-31T15:18:13.311143Z","level":"INFO","fields":{"message":"Concurrency control for download: Decreased concurrency from 1 to 1; reason: success ratio below threshold (connection struggling) (success_ratio = 1.000, threshold = 0.500)"},"filename":"D:\\a\\xet-core\\xet-core\\xet_client\\src\\cas_client\\adaptive_concurrency\\controller.rs","line_number":581}
{"timestamp":"2026-07-31T15:18:13.770548Z","level":"INFO","fields":{"message":"Concurrency control for download: Current concurrency = 1; predicted bandwidth = 25121; success_ratio = 1.000; reference_size = 5.7MB; observed bytes sent so far = 438772760; completed transmissions = 157"},"filename":"D:\\a\\xet-core\\xet-core\\xet_client\\src\\cas_client\\adaptive_concurrency\\controller.rs","line_number":597}
{"timestamp":"2026-07-31T15:18:13.814764Z","level":"INFO","fields":{"message":"Concurrency control for download: Decreased concurrency from 1 to 1; reason: success ratio below threshold (connection struggling) (success_ratio = 1.000, threshold = 0.500)"},"filename":"D:\\a\\xet-core\\xet-core\\xet_client\\src\\cas_client\\adaptive_concurrency\\controller.rs","line_number":581}
{"timestamp":"2026-07-31T15:18:14.741395Z","level":"INFO","fields":{"message":"Concurrency control for download: Decreased concurrency from 1 to 1; reason: success ratio below threshold (connection struggling) (success_ratio = 1.000, threshold = 0.500)"},"filename":"D:\\a\\xet-core\\xet-core\\xet_client\\src\\cas_client\\adaptive_concurrency\\controller.rs","line_number":581}
{"timestamp":"2026-07-31T15:18:15.241684Z","level":"INFO","fields":{"message":"Concurrency control for download: Decreased concurrency from 1 to 1; reason: success ratio below threshold (connection struggling) (success_ratio = 1.000, threshold = 0.500)"},"filename":"D:\\a\\xet-core\\xet-core\\xet_client\\src\\cas_client\\adaptive_concurrency\\controller.rs","line_number":581}
{"timestamp":"2026-07-31T15:18:15.756696Z","level":"INFO","fields":{"message":"Concurrency control for download: Decreased concurrency from 1 to 1; reason: success ratio below threshold (connection struggling) (success_ratio = 1.000, threshold = 0.500)"},"filename":"D:\\a\\xet-core\\xet-core\\xet_client\\src\\cas_client\\adaptive_concurrency\\controller.rs","line_number":581}
{"timestamp":"2026-07-31T15:18:16.261573Z","level":"INFO","fields":{"message":"Concurrency control for download: Decreased concurrency from 1 to 1; reason: success ratio below threshold (connection struggling) (success_ratio = 1.000, threshold = 0.500)"},"filename":"D:\\a\\xet-core\\xet-core\\xet_client\\src\\cas_client\\adaptive_concurrency\\controller.rs","line_number":581}
{"timestamp":"2026-07-31T15:18:16.768674Z","level":"INFO","fields":{"message":"Concurrency control for download: Decreased concurrency from 1 to 1; reason: success ratio below threshold (connection struggling) (success_ratio = 1.000, threshold = 0.500)"},"filename":"D:\\a\\xet-core\\xet-core\\xet_client\\src\\cas_client\\adaptive_concurrency\\controller.rs","line_number":581}
{"timestamp":"2026-07-31T15:18:17.272137Z","level":"INFO","fields":{"message":"Concurrency control for download: Decreased concurrency from 1 to 1; reason: success ratio below threshold (connection struggling) (success_ratio = 1.000, threshold = 0.500)"},"filename":"D:\\a\\xet-core\\xet-core\\xet_client\\src\\cas_client\\adaptive_concurrency\\controller.rs","line_number":581}
{"timestamp":"2026-07-31T15:18:17.795388Z","level":"INFO","fields":{"message":"Concurrency control for download: Decreased concurrency from 1 to 1; reason: success ratio below threshold (connection struggling) (success_ratio = 1.000, threshold = 0.500)"},"filename":"D:\\a\\xet-core\\xet-core\\xet_client\\src\\cas_client\\adaptive_concurrency\\controller.rs","line_number":581}
{"timestamp":"2026-07-31T15:18:18.336219Z","level":"INFO","fields":{"message":"Concurrency control for download: Decreased concurrency from 1 to 1; reason: success ratio below threshold (connection struggling) (success_ratio = 1.000, threshold = 0.500)"},"filename":"D:\\a\\xet-core\\xet-core\\xet_client\\src\\cas_client\\adaptive_concurrency\\controller.rs","line_number":581}
{"timestamp":"2026-07-31T15:18:19.173721Z","level":"INFO","fields":{"message":"Concurrency control for download: Decreased concurrency from 1 to 1; reason: success ratio below threshold (connection struggling) (success_ratio = 1.000, threshold = 0.500)"},"filename":"D:\\a\\xet-core\\xet-core\\xet_client\\src\\cas_client\\adaptive_concurrency\\controller.rs","line_number":581}
{"timestamp":"2026-07-31T15:18:19.765073Z","level":"INFO","fields":{"message":"Concurrency control for download: Decreased concurrency from 1 to 1; reason: success ratio below threshold (connection struggling) (success_ratio = 1.000, threshold = 0.500)"},"filename":"D:\\a\\xet-core\\xet-core\\xet_client\\src\\cas_client\\adaptive_concurrency\\controller.rs","line_number":581}
{"timestamp":"2026-07-31T15:18:20.288105Z","level":"INFO","fields":{"message":"Concurrency control for download: Decreased concurrency from 1 to 1; reason: success ratio below threshold (connection struggling) (success_ratio = 1.000, threshold = 0.500)"},"filename":"D:\\a\\xet-core\\xet-core\\xet_client\\src\\cas_client\\adaptive_concurrency\\controller.rs","line_number":581}
{"timestamp":"2026-07-31T15:18:22.608735Z","level":"INFO","fields":{"message":"Concurrency control for download: Decreased concurrency from 1 to 1; reason: success ratio below threshold (connection struggling) (success_ratio = 1.000, threshold = 0.500)"},"filename":"D:\\a\\xet-core\\xet-core\\xet_client\\src\\cas_client\\adaptive_concurrency\\controller.rs","line_number":581}
{"timestamp":"2026-07-31T15:18:23.126704Z","level":"INFO","fields":{"message":"Concurrency control for download: Decreased concurrency from 1 to 1; reason: success ratio below threshold (connection struggling) (success_ratio = 1.000, threshold = 0.500)"},"filename":"D:\\a\\xet-core\\xet-core\\xet_client\\src\\cas_client\\adaptive_concurrency\\controller.rs","line_number":581}
{"timestamp":"2026-07-31T15:18:23.631028Z","level":"INFO","fields":{"message":"Concurrency control for download: Decreased concurrency from 1 to 1; reason: success ratio below threshold (connection struggling) (success_ratio = 1.000, threshold = 0.500)"},"filename":"D:\\a\\xet-core\\xet-core\\xet_client\\src\\cas_client\\adaptive_concurrency\\controller.rs","line_number":581}
{"timestamp":"2026-07-31T15:18:23.785950Z","level":"INFO","fields":{"message":"Concurrency control for download: Current concurrency = 1; predicted bandwidth = 23668; success_ratio = 1.000; reference_size = 5.7MB; observed bytes sent so far = 443982872; completed transmissions = 157"},"filename":"D:\\a\\xet-core\\xet-core\\xet_client\\src\\cas_client\\adaptive_concurrency\\controller.rs","line_number":597}
{"timestamp":"2026-07-31T15:18:24.182008Z","level":"INFO","fields":{"message":"Concurrency control for download: Decreased concurrency from 1 to 1; reason: success ratio below threshold (connection struggling) (success_ratio = 1.000, threshold = 0.500)"},"filename":"D:\\a\\xet-core\\xet-core\\xet_client\\src\\cas_client\\adaptive_concurrency\\controller.rs","line_number":581}
{"timestamp":"2026-07-31T15:18:24.685745Z","level":"INFO","fields":{"message":"Concurrency control for download: Decreased concurrency from 1 to 1; reason: success ratio below threshold (connection struggling) (success_ratio = 1.000, threshold = 0.500)"},"filename":"D:\\a\\xet-core\\xet-core\\xet_client\\src\\cas_client\\adaptive_concurrency\\controller.rs","line_number":581}
{"timestamp":"2026-07-31T15:18:25.232448Z","level":"INFO","fields":{"message":"Concurrency control for download: Decreased concurrency from 1 to 1; reason: success ratio below threshold (connection struggling) (success_ratio = 1.000, threshold = 0.500)"},"filename":"D:\\a\\xet-core\\xet-core\\xet_client\\src\\cas_client\\adaptive_concurrency\\controller.rs","line_number":581}
{"timestamp":"2026-07-31T15:18:25.744955Z","level":"INFO","fields":{"message":"Concurrency control for download: Decreased concurrency from 1 to 1; reason: success ratio below threshold (connection struggling) (success_ratio = 1.000, threshold = 0.500)"},"filename":"D:\\a\\xet-core\\xet-core\\xet_client\\src\\cas_client\\adaptive_concurrency\\controller.rs","line_number":581}
{"timestamp":"2026-07-31T15:18:26.305037Z","level":"INFO","fields":{"message":"Concurrency control for download: Decreased concurrency from 1 to 1; reason: success ratio below threshold (connection struggling) (success_ratio = 1.000, threshold = 0.500)"},"filename":"D:\\a\\xet-core\\xet-core\\xet_client\\src\\cas_client\\adaptive_concurrency\\controller.rs","line_number":581}
{"timestamp":"2026-07-31T15:18:26.817893Z","level":"INFO","fields":{"message":"Concurrency control for download: Decreased concurrency from 1 to 1; reason: success ratio below threshold (connection struggling) (success_ratio = 1.000, threshold = 0.500)"},"filename":"D:\\a\\xet-core\\xet-core\\xet_client\\src\\cas_client\\adaptive_concurrency\\controller.rs","line_number":581}
{"timestamp":"2026-07-31T15:18:27.741545Z","level":"INFO","fields":{"message":"Concurrency control for download: Decreased concurrency from 1 to 1; reason: success ratio below threshold (connection struggling) (success_ratio = 1.000, threshold = 0.500)"},"filename":"D:\\a\\xet-core\\xet-core\\xet_client\\src\\cas_client\\adaptive_concurrency\\controller.rs","line_number":581}
{"timestamp":"2026-07-31T15:18:28.293997Z","level":"INFO","fields":{"message":"Concurrency control for download: Decreased concurrency from 1 to 1; reason: success ratio below threshold (connection struggling) (success_ratio = 1.000, threshold = 0.500)"},"filename":"D:\\a\\xet-core\\xet-core\\xet_client\\src\\cas_client\\adaptive_concurrency\\controller.rs","line_number":581}
{"timestamp":"2026-07-31T15:18:28.809117Z","level":"INFO","fields":{"message":"Concurrency control for download: Decreased concurrency from 1 to 1; reason: success ratio below threshold (connection struggling) (success_ratio = 1.000, threshold = 0.500)"},"filename":"D:\\a\\xet-core\\xet-core\\xet_client\\src\\cas_client\\adaptive_concurrency\\controller.rs","line_number":581}
{"timestamp":"2026-07-31T15:18:29.354039Z","level":"INFO","fields":{"message":"Concurrency control for download: Decreased concurrency from 1 to 1; reason: success ratio below threshold (connection struggling) (success_ratio = 1.000, threshold = 0.500)"},"filename":"D:\\a\\xet-core\\xet-core\\xet_client\\src\\cas_client\\adaptive_concurrency\\controller.rs","line_number":581}
{"timestamp":"2026-07-31T15:18:29.902564Z","level":"INFO","fields":{"message":"Concurrency control for download: Decreased concurrency from 1 to 1; reason: success ratio below threshold (connection struggling) (success_ratio = 1.000, threshold = 0.500)"},"filename":"D:\\a\\xet-core\\xet-core\\xet_client\\src\\cas_client\\adaptive_concurrency\\controller.rs","line_number":581}
{"timestamp":"2026-07-31T15:18:30.413542Z","level":"INFO","fields":{"message":"Concurrency control for download: Decreased concurrency from 1 to 1; reason: success ratio below threshold (connection struggling) (success_ratio = 1.000, threshold = 0.500)"},"filename":"D:\\a\\xet-core\\xet-core\\xet_client\\src\\cas_client\\adaptive_concurrency\\controller.rs","line_number":581}
{"timestamp":"2026-07-31T15:18:31.154305Z","level":"INFO","fields":{"message":"Concurrency control for download: Decreased concurrency from 1 to 1; reason: success ratio below threshold (connection struggling) (success_ratio = 1.000, threshold = 0.500)"},"filename":"D:\\a\\xet-core\\xet-core\\xet_client\\src\\cas_client\\adaptive_concurrency\\controller.rs","line_number":581}
{"timestamp":"2026-07-31T15:18:31.743432Z","level":"INFO","fields":{"message":"Concurrency control for download: Decreased concurrency from 1 to 1; reason: success ratio below threshold (connection struggling) (success_ratio = 1.000, threshold = 0.500)"},"filename":"D:\\a\\xet-core\\xet-core\\xet_client\\src\\cas_client\\adaptive_concurrency\\controller.rs","line_number":581}
{"timestamp":"2026-07-31T15:18:33.035360Z","level":"INFO","fields":{"message":"Concurrency control for download: Decreased concurrency from 1 to 1; reason: success ratio below threshold (connection struggling) (success_ratio = 1.000, threshold = 0.500)"},"filename":"D:\\a\\xet-core\\xet-core\\xet_client\\src\\cas_client\\adaptive_concurrency\\controller.rs","line_number":581}
{"timestamp":"2026-07-31T15:18:33.573128Z","level":"INFO","fields":{"message":"Concurrency control for download: Decreased concurrency from 1 to 1; reason: success ratio below threshold (connection struggling) (success_ratio = 1.000, threshold = 0.500)"},"filename":"D:\\a\\xet-core\\xet-core\\xet_client\\src\\cas_client\\adaptive_concurrency\\controller.rs","line_number":581}
{"timestamp":"2026-07-31T15:18:33.855677Z","level":"INFO","fields":{"message":"Concurrency control for download: Current concurrency = 1; predicted bandwidth = 23476; success_ratio = 1.000; reference_size = 5.7MB; observed bytes sent so far = 447325208; completed transmissions = 157"},"filename":"D:\\a\\xet-core\\xet-core\\xet_client\\src\\cas_client\\adaptive_concurrency\\controller.rs","line_number":597}
{"timestamp":"2026-07-31T15:18:34.474439Z","level":"INFO","fields":{"message":"Concurrency control for download: Decreased concurrency from 1 to 1; reason: success ratio below threshold (connection struggling) (success_ratio = 1.000, threshold = 0.500)"},"filename":"D:\\a\\xet-core\\xet-core\\xet_client\\src\\cas_client\\adaptive_concurrency\\controller.rs","line_number":581}
{"timestamp":"2026-07-31T15:18:34.987734Z","level":"INFO","fields":{"message":"Concurrency control for download: Decreased concurrency from 1 to 1; reason: success ratio below threshold (connection struggling) (success_ratio = 1.000, threshold = 0.500)"},"filename":"D:\\a\\xet-core\\xet-core\\xet_client\\src\\cas_client\\adaptive_concurrency\\controller.rs","line_number":581}
{"timestamp":"2026-07-31T15:18:35.745154Z","level":"INFO","fields":{"message":"Concurrency control for download: Decreased concurrency from 1 to 1; reason: success ratio below threshold (connection struggling) (success_ratio = 1.000, threshold = 0.500)"},"filename":"D:\\a\\xet-core\\xet-core\\xet_client\\src\\cas_client\\adaptive_concurrency\\controller.rs","line_number":581}
{"timestamp":"2026-07-31T15:18:37.662927Z","level":"INFO","fields":{"message":"Concurrency control for download: Decreased concurrency from 1 to 1; reason: success ratio below threshold (connection struggling) (success_ratio = 1.000, threshold = 0.500)"},"filename":"D:\\a\\xet-core\\xet-core\\xet_client\\src\\cas_client\\adaptive_concurrency\\controller.rs","line_number":581}
{"timestamp":"2026-07-31T15:18:38.273226Z","level":"INFO","fields":{"message":"Concurrency control for download: Decreased concurrency from 1 to 1; reason: success ratio below threshold (connection struggling) (success_ratio = 1.000, threshold = 0.500)"},"filename":"D:\\a\\xet-core\\xet-core\\xet_client\\src\\cas_client\\adaptive_concurrency\\controller.rs","line_number":581}
{"timestamp":"2026-07-31T15:18:38.785024Z","level":"INFO","fields":{"message":"Concurrency control for download: Decreased concurrency from 1 to 1; reason: success ratio below threshold (connection struggling) (success_ratio = 1.000, threshold = 0.500)"},"filename":"D:\\a\\xet-core\\xet-core\\xet_client\\src\\cas_client\\adaptive_concurrency\\controller.rs","line_number":581}
{"timestamp":"2026-07-31T15:18:39.375786Z","level":"INFO","fields":{"message":"Concurrency control for download: Decreased concurrency from 1 to 1; reason: success ratio below threshold (connection struggling) (success_ratio = 1.000, threshold = 0.500)"},"filename":"D:\\a\\xet-core\\xet-core\\xet_client\\src\\cas_client\\adaptive_concurrency\\controller.rs","line_number":581}
{"timestamp":"2026-07-31T15:18:40.727174Z","level":"INFO","fields":{"message":"Concurrency control for download: Decreased concurrency from 1 to 1; reason: success ratio below threshold (connection struggling) (success_ratio = 1.000, threshold = 0.500)"},"filename":"D:\\a\\xet-core\\xet-core\\xet_client\\src\\cas_client\\adaptive_concurrency\\controller.rs","line_number":581}
{"timestamp":"2026-07-31T15:18:41.491562Z","level":"INFO","fields":{"message":"Concurrency control for download: Decreased concurrency from 1 to 1; reason: success ratio below threshold (connection struggling) (success_ratio = 1.000, threshold = 0.500)"},"filename":"D:\\a\\xet-core\\xet-core\\xet_client\\src\\cas_client\\adaptive_concurrency\\controller.rs","line_number":581}
{"timestamp":"2026-07-31T15:18:41.994005Z","level":"INFO","fields":{"message":"Concurrency control for download: Decreased concurrency from 1 to 1; reason: success ratio below threshold (connection struggling) (success_ratio = 1.000, threshold = 0.500)"},"filename":"D:\\a\\xet-core\\xet-core\\xet_client\\src\\cas_client\\adaptive_concurrency\\controller.rs","line_number":581}
{"timestamp":"2026-07-31T15:18:42.505162Z","level":"INFO","fields":{"message":"Concurrency control for download: Decreased concurrency from 1 to 1; reason: success ratio below threshold (connection struggling) (success_ratio = 1.000, threshold = 0.500)"},"filename":"D:\\a\\xet-core\\xet-core\\xet_client\\src\\cas_client\\adaptive_concurrency\\controller.rs","line_number":581}
{"timestamp":"2026-07-31T15:18:43.780370Z","level":"INFO","fields":{"message":"Concurrency control for download: Decreased concurrency from 1 to 1; reason: success ratio below threshold (connection struggling) (success_ratio = 1.000, threshold = 0.500)"},"filename":"D:\\a\\xet-core\\xet-core\\xet_client\\src\\cas_client\\adaptive_concurrency\\controller.rs","line_number":581}
{"timestamp":"2026-07-31T15:18:43.916691Z","level":"INFO","fields":{"message":"Concurrency control for download: Current concurrency = 1; predicted bandwidth = 23155; success_ratio = 1.000; reference_size = 5.7MB; observed bytes sent so far = 449913880; completed transmissions = 157"},"filename":"D:\\a\\xet-core\\xet-core\\xet_client\\src\\cas_client\\adaptive_concurrency\\controller.rs","line_number":597}
{"timestamp":"2026-07-31T15:18:44.426488Z","level":"INFO","fields":{"message":"Concurrency control for download: Decreased concurrency from 1 to 1; reason: success ratio below threshold (connection struggling) (success_ratio = 1.000, threshold = 0.500)"},"filename":"D:\\a\\xet-core\\xet-core\\xet_client\\src\\cas_client\\adaptive_concurrency\\controller.rs","line_number":581}
{"timestamp":"2026-07-31T15:18:44.964321Z","level":"INFO","fields":{"message":"Concurrency control for download: Decreased concurrency from 1 to 1; reason: success ratio below threshold (connection struggling) (success_ratio = 1.000, threshold = 0.500)"},"filename":"D:\\a\\xet-core\\xet-core\\xet_client\\src\\cas_client\\adaptive_concurrency\\controller.rs","line_number":581}
{"timestamp":"2026-07-31T15:18:45.815891Z","level":"INFO","fields":{"message":"Concurrency control for download: Decreased concurrency from 1 to 1; reason: success ratio below threshold (connection struggling) (success_ratio = 1.000, threshold = 0.500)"},"filename":"D:\\a\\xet-core\\xet-core\\xet_client\\src\\cas_client\\adaptive_concurrency\\controller.rs","line_number":581}
{"timestamp":"2026-07-31T15:18:46.373593Z","level":"INFO","fields":{"message":"Concurrency control for download: Decreased concurrency from 1 to 1; reason: success ratio below threshold (connection struggling) (success_ratio = 1.000, threshold = 0.500)"},"filename":"D:\\a\\xet-core\\xet-core\\xet_client\\src\\cas_client\\adaptive_concurrency\\controller.rs","line_number":581}
{"timestamp":"2026-07-31T15:18:47.066091Z","level":"INFO","fields":{"message":"Concurrency control for download: Decreased concurrency from 1 to 1; reason: success ratio below threshold (connection struggling) (success_ratio = 1.000, threshold = 0.500)"},"filename":"D:\\a\\xet-core\\xet-core\\xet_client\\src\\cas_client\\adaptive_concurrency\\controller.rs","line_number":581}
{"timestamp":"2026-07-31T15:18:47.620447Z","level":"INFO","fields":{"message":"Concurrency control for download: Decreased concurrency from 1 to 1; reason: success ratio below threshold (connection struggling) (success_ratio = 1.000, threshold = 0.500)"},"filename":"D:\\a\\xet-core\\xet-core\\xet_client\\src\\cas_client\\adaptive_concurrency\\controller.rs","line_number":581}
{"timestamp":"2026-07-31T15:18:48.152710Z","level":"INFO","fields":{"message":"Concurrency control for download: Decreased concurrency from 1 to 1; reason: success ratio below threshold (connection struggling) (success_ratio = 1.000, threshold = 0.500)"},"filename":"D:\\a\\xet-core\\xet-core\\xet_client\\src\\cas_client\\adaptive_concurrency\\controller.rs","line_number":581}
{"timestamp":"2026-07-31T15:18:48.661390Z","level":"INFO","fields":{"message":"Concurrency control for download: Decreased concurrency from 1 to 1; reason: success ratio below threshold (connection struggling) (success_ratio = 1.000, threshold = 0.500)"},"filename":"D:\\a\\xet-core\\xet-core\\xet_client\\src\\cas_client\\adaptive_concurrency\\controller.rs","line_number":581}
{"timestamp":"2026-07-31T15:18:49.261446Z","level":"INFO","fields":{"message":"Concurrency control for download: Decreased concurrency from 1 to 1; reason: success ratio below threshold (connection struggling) (success_ratio = 1.000, threshold = 0.500)"},"filename":"D:\\a\\xet-core\\xet-core\\xet_client\\src\\cas_client\\adaptive_concurrency\\controller.rs","line_number":581}
{"timestamp":"2026-07-31T15:18:50.647369Z","level":"INFO","fields":{"message":"Concurrency control for download: Decreased concurrency from 1 to 1; reason: success ratio below threshold (connection struggling) (success_ratio = 1.000, threshold = 0.500)"},"filename":"D:\\a\\xet-core\\xet-core\\xet_client\\src\\cas_client\\adaptive_concurrency\\controller.rs","line_number":581}
{"timestamp":"2026-07-31T15:18:51.154065Z","level":"INFO","fields":{"message":"Concurrency control for download: Decreased concurrency from 1 to 1; reason: success ratio below threshold (connection struggling) (success_ratio = 1.000, threshold = 0.500)"},"filename":"D:\\a\\xet-core\\xet-core\\xet_client\\src\\cas_client\\adaptive_concurrency\\controller.rs","line_number":581}
{"timestamp":"2026-07-31T15:18:51.654507Z","level":"INFO","fields":{"message":"Concurrency control for download: Decreased concurrency from 1 to 1; reason: success ratio below threshold (connection struggling) (success_ratio = 1.000, threshold = 0.500)"},"filename":"D:\\a\\xet-core\\xet-core\\xet_client\\src\\cas_client\\adaptive_concurrency\\controller.rs","line_number":581}
{"timestamp":"2026-07-31T15:18:52.156908Z","level":"INFO","fields":{"message":"Concurrency control for download: Decreased concurrency from 1 to 1; reason: success ratio below threshold (connection struggling) (success_ratio = 1.000, threshold = 0.500)"},"filename":"D:\\a\\xet-core\\xet-core\\xet_client\\src\\cas_client\\adaptive_concurrency\\controller.rs","line_number":581}
{"timestamp":"2026-07-31T15:18:52.689860Z","level":"INFO","fields":{"message":"Concurrency control for download: Decreased concurrency from 1 to 1; reason: success ratio below threshold (connection struggling) (success_ratio = 1.000, threshold = 0.500)"},"filename":"D:\\a\\xet-core\\xet-core\\xet_client\\src\\cas_client\\adaptive_concurrency\\controller.rs","line_number":581}
{"timestamp":"2026-07-31T15:18:53.206413Z","level":"INFO","fields":{"message":"Concurrency control for download: Decreased concurrency from 1 to 1; reason: success ratio below threshold (connection struggling) (success_ratio = 1.000, threshold = 0.500)"},"filename":"D:\\a\\xet-core\\xet-core\\xet_client\\src\\cas_client\\adaptive_concurrency\\controller.rs","line_number":581}
{"timestamp":"2026-07-31T15:18:53.761789Z","level":"INFO","fields":{"message":"Concurrency control for download: Decreased concurrency from 1 to 1; reason: success ratio below threshold (connection struggling) (success_ratio = 1.000, threshold = 0.500)"},"filename":"D:\\a\\xet-core\\xet-core\\xet_client\\src\\cas_client\\adaptive_concurrency\\controller.rs","line_number":581}
{"timestamp":"2026-07-31T15:18:53.938570Z","level":"INFO","fields":{"message":"Concurrency control for download: Current concurrency = 1; predicted bandwidth = 22222; success_ratio = 1.000; reference_size = 5.7MB; observed bytes sent so far = 456123416; completed transmissions = 157"},"filename":"D:\\a\\xet-core\\xet-core\\xet_client\\src\\cas_client\\adaptive_concurrency\\controller.rs","line_number":597}
{"timestamp":"2026-07-31T15:18:54.267122Z","level":"INFO","fields":{"message":"Concurrency control for download: Decreased concurrency from 1 to 1; reason: success ratio below threshold (connection struggling) (success_ratio = 1.000, threshold = 0.500)"},"filename":"D:\\a\\xet-core\\xet-core\\xet_client\\src\\cas_client\\adaptive_concurrency\\controller.rs","line_number":581}
{"timestamp":"2026-07-31T15:18:54.775429Z","level":"INFO","fields":{"message":"Concurrency control for download: Decreased concurrency from 1 to 1; reason: success ratio below threshold (connection struggling) (success_ratio = 1.000, threshold = 0.500)"},"filename":"D:\\a\\xet-core\\xet-core\\xet_client\\src\\cas_client\\adaptive_concurrency\\controller.rs","line_number":581}
{"timestamp":"2026-07-31T15:18:55.287124Z","level":"INFO","fields":{"message":"Concurrency control for download: Decreased concurrency from 1 to 1; reason: success ratio below threshold (connection struggling) (success_ratio = 1.000, threshold = 0.500)"},"filename":"D:\\a\\xet-core\\xet-core\\xet_client\\src\\cas_client\\adaptive_concurrency\\controller.rs","line_number":581}
{"timestamp":"2026-07-31T15:18:55.863248Z","level":"INFO","fields":{"message":"Concurrency control for download: Decreased concurrency from 1 to 1; reason: success ratio below threshold (connection struggling) (success_ratio = 1.000, threshold = 0.500)"},"filename":"D:\\a\\xet-core\\xet-core\\xet_client\\src\\cas_client\\adaptive_concurrency\\controller.rs","line_number":581}
{"timestamp":"2026-07-31T15:18:56.423859Z","level":"INFO","fields":{"message":"Concurrency control for download: Decreased concurrency from 1 to 1; reason: success ratio below threshold (connection struggling) (success_ratio = 1.000, threshold = 0.500)"},"filename":"D:\\a\\xet-core\\xet-core\\xet_client\\src\\cas_client\\adaptive_concurrency\\controller.rs","line_number":581}
{"timestamp":"2026-07-31T15:18:56.990574Z","level":"INFO","fields":{"message":"Concurrency control for download: Decreased concurrency from 1 to 1; reason: success ratio below threshold (connection struggling) (success_ratio = 1.000, threshold = 0.500)"},"filename":"D:\\a\\xet-core\\xet-core\\xet_client\\src\\cas_client\\adaptive_concurrency\\controller.rs","line_number":581}
{"timestamp":"2026-07-31T15:18:57.495540Z","level":"INFO","fields":{"message":"Concurrency control for download: Decreased concurrency from 1 to 1; reason: success ratio below threshold (connection struggling) (success_ratio = 1.000, threshold = 0.500)"},"filename":"D:\\a\\xet-core\\xet-core\\xet_client\\src\\cas_client\\adaptive_concurrency\\controller.rs","line_number":581}
{"timestamp":"2026-07-31T15:18:58.035775Z","level":"INFO","fields":{"message":"Concurrency control for download: Decreased concurrency from 1 to 1; reason: success ratio below threshold (connection struggling) (success_ratio = 1.000, threshold = 0.500)"},"filename":"D:\\a\\xet-core\\xet-core\\xet_client\\src\\cas_client\\adaptive_concurrency\\controller.rs","line_number":581}
{"timestamp":"2026-07-31T15:18:58.542344Z","level":"INFO","fields":{"message":"Concurrency control for download: Decreased concurrency from 1 to 1; reason: success ratio below threshold (connection struggling) (success_ratio = 1.000, threshold = 0.500)"},"filename":"D:\\a\\xet-core\\xet-core\\xet_client\\src\\cas_client\\adaptive_concurrency\\controller.rs","line_number":581}
{"timestamp":"2026-07-31T15:18:59.073284Z","level":"INFO","fields":{"message":"Concurrency control for download: Decreased concurrency from 1 to 1; reason: success ratio below threshold (connection struggling) (success_ratio = 1.000, threshold = 0.500)"},"filename":"D:\\a\\xet-core\\xet-core\\xet_client\\src\\cas_client\\adaptive_concurrency\\controller.rs","line_number":581}
{"timestamp":"2026-07-31T15:18:59.588045Z","level":"INFO","fields":{"message":"Concurrency control for download: Decreased concurrency from 1 to 1; reason: success ratio below threshold (connection struggling) (success_ratio = 1.000, threshold = 0.500)"},"filename":"D:\\a\\xet-core\\xet-core\\xet_client\\src\\cas_client\\adaptive_concurrency\\controller.rs","line_number":581}
{"timestamp":"2026-07-31T15:19:00.104216Z","level":"INFO","fields":{"message":"Concurrency control for download: Decreased concurrency from 1 to 1; reason: success ratio below threshold (connection struggling) (success_ratio = 1.000, threshold = 0.500)"},"filename":"D:\\a\\xet-core\\xet-core\\xet_client\\src\\cas_client\\adaptive_concurrency\\controller.rs","line_number":581}
{"timestamp":"2026-07-31T15:19:00.607895Z","level":"INFO","fields":{"message":"Concurrency control for download: Decreased concurrency from 1 to 1; reason: success ratio below threshold (connection struggling) (success_ratio = 1.000, threshold = 0.500)"},"filename":"D:\\a\\xet-core\\xet-core\\xet_client\\src\\cas_client\\adaptive_concurrency\\controller.rs","line_number":581}
{"timestamp":"2026-07-31T15:19:01.108287Z","level":"INFO","fields":{"message":"Concurrency control for download: Decreased concurrency from 1 to 1; reason: success ratio below threshold (connection struggling) (success_ratio = 1.000, threshold = 0.500)"},"filename":"D:\\a\\xet-core\\xet-core\\xet_client\\src\\cas_client\\adaptive_concurrency\\controller.rs","line_number":581}
{"timestamp":"2026-07-31T15:19:01.659029Z","level":"INFO","fields":{"message":"Concurrency control for download: Decreased concurrency from 1 to 1; reason: success ratio below threshold (connection struggling) (success_ratio = 1.000, threshold = 0.500)"},"filename":"D:\\a\\xet-core\\xet-core\\xet_client\\src\\cas_client\\adaptive_concurrency\\controller.rs","line_number":581}
{"timestamp":"2026-07-31T15:19:02.160676Z","level":"INFO","fields":{"message":"Concurrency control for download: Decreased concurrency from 1 to 1; reason: success ratio below threshold (connection struggling) (success_ratio = 1.000, threshold = 0.500)"},"filename":"D:\\a\\xet-core\\xet-core\\xet_client\\src\\cas_client\\adaptive_concurrency\\controller.rs","line_number":581}
{"timestamp":"2026-07-31T15:19:02.716674Z","level":"INFO","fields":{"message":"Concurrency control for download: Decreased concurrency from 1 to 1; reason: success ratio below threshold (connection struggling) (success_ratio = 1.000, threshold = 0.500)"},"filename":"D:\\a\\xet-core\\xet-core\\xet_client\\src\\cas_client\\adaptive_concurrency\\controller.rs","line_number":581}
{"timestamp":"2026-07-31T15:19:03.220343Z","level":"INFO","fields":{"message":"Concurrency control for download: Decreased concurrency from 1 to 1; reason: success ratio below threshold (connection struggling) (success_ratio = 1.000, threshold = 0.500)"},"filename":"D:\\a\\xet-core\\xet-core\\xet_client\\src\\cas_client\\adaptive_concurrency\\controller.rs","line_number":581}
{"timestamp":"2026-07-31T15:19:03.774172Z","level":"INFO","fields":{"message":"Concurrency control for download: Decreased concurrency from 1 to 1; reason: success ratio below threshold (connection struggling) (success_ratio = 1.000, threshold = 0.500)"},"filename":"D:\\a\\xet-core\\xet-core\\xet_client\\src\\cas_client\\adaptive_concurrency\\controller.rs","line_number":581}
{"timestamp":"2026-07-31T15:19:03.965272Z","level":"INFO","fields":{"message":"Concurrency control for download: Current concurrency = 1; predicted bandwidth = 21587; success_ratio = 1.000; reference_size = 5.7MB; observed bytes sent so far = 471147544; completed transmissions = 157"},"filename":"D:\\a\\xet-core\\xet-core\\xet_client\\src\\cas_client\\adaptive_concurrency\\controller.rs","line_number":597}
{"timestamp":"2026-07-31T15:19:04.318707Z","level":"INFO","fields":{"message":"Concurrency control for download: Decreased concurrency from 1 to 1; reason: success ratio below threshold (connection struggling) (success_ratio = 1.000, threshold = 0.500)"},"filename":"D:\\a\\xet-core\\xet-core\\xet_client\\src\\cas_client\\adaptive_concurrency\\controller.rs","line_number":581}
{"timestamp":"2026-07-31T15:19:04.825176Z","level":"INFO","fields":{"message":"Concurrency control for download: Decreased concurrency from 1 to 1; reason: success ratio below threshold (connection struggling) (success_ratio = 1.000, threshold = 0.500)"},"filename":"D:\\a\\xet-core\\xet-core\\xet_client\\src\\cas_client\\adaptive_concurrency\\controller.rs","line_number":581}
{"timestamp":"2026-07-31T15:19:05.352429Z","level":"INFO","fields":{"message":"Concurrency control for download: Decreased concurrency from 1 to 1; reason: success ratio below threshold (connection struggling) (success_ratio = 1.000, threshold = 0.500)"},"filename":"D:\\a\\xet-core\\xet-core\\xet_client\\src\\cas_client\\adaptive_concurrency\\controller.rs","line_number":581}
{"timestamp":"2026-07-31T15:19:05.891957Z","level":"INFO","fields":{"message":"Concurrency control for download: Decreased concurrency from 1 to 1; reason: success ratio below threshold (connection struggling) (success_ratio = 1.000, threshold = 0.500)"},"filename":"D:\\a\\xet-core\\xet-core\\xet_client\\src\\cas_client\\adaptive_concurrency\\controller.rs","line_number":581}
{"timestamp":"2026-07-31T15:19:06.399641Z","level":"INFO","fields":{"message":"Concurrency control for download: Decreased concurrency from 1 to 1; reason: success ratio below threshold (connection struggling) (success_ratio = 1.000, threshold = 0.500)"},"filename":"D:\\a\\xet-core\\xet-core\\xet_client\\src\\cas_client\\adaptive_concurrency\\controller.rs","line_number":581}
{"timestamp":"2026-07-31T15:19:06.900580Z","level":"INFO","fields":{"message":"Concurrency control for download: Decreased concurrency from 1 to 1; reason: success ratio below threshold (connection struggling) (success_ratio = 1.000, threshold = 0.500)"},"filename":"D:\\a\\xet-core\\xet-core\\xet_client\\src\\cas_client\\adaptive_concurrency\\controller.rs","line_number":581}
{"timestamp":"2026-07-31T15:19:07.404863Z","level":"INFO","fields":{"message":"Concurrency control for download: Decreased concurrency from 1 to 1; reason: success ratio below threshold (connection struggling) (success_ratio = 1.000, threshold = 0.500)"},"filename":"D:\\a\\xet-core\\xet-core\\xet_client\\src\\cas_client\\adaptive_concurrency\\controller.rs","line_number":581}
{"timestamp":"2026-07-31T15:19:07.944595Z","level":"INFO","fields":{"message":"Concurrency control for download: Decreased concurrency from 1 to 1; reason: success ratio below threshold (connection struggling) (success_ratio = 1.000, threshold = 0.500)"},"filename":"D:\\a\\xet-core\\xet-core\\xet_client\\src\\cas_client\\adaptive_concurrency\\controller.rs","line_number":581}
{"timestamp":"2026-07-31T15:19:08.452707Z","level":"INFO","fields":{"message":"Concurrency control for download: Decreased concurrency from 1 to 1; reason: success ratio below threshold (connection struggling) (success_ratio = 1.000, threshold = 0.500)"},"filename":"D:\\a\\xet-core\\xet-core\\xet_client\\src\\cas_client\\adaptive_concurrency\\controller.rs","line_number":581}
{"timestamp":"2026-07-31T15:19:08.959373Z","level":"INFO","fields":{"message":"Concurrency control for download: Decreased concurrency from 1 to 1; reason: success ratio below threshold (connection struggling) (success_ratio = 1.000, threshold = 0.500)"},"filename":"D:\\a\\xet-core\\xet-core\\xet_client\\src\\cas_client\\adaptive_concurrency\\controller.rs","line_number":581}
{"timestamp":"2026-07-31T15:19:09.488695Z","level":"INFO","fields":{"message":"Concurrency control for download: Decreased concurrency from 1 to 1; reason: success ratio below threshold (connection struggling) (success_ratio = 1.000, threshold = 0.500)"},"filename":"D:\\a\\xet-core\\xet-core\\xet_client\\src\\cas_client\\adaptive_concurrency\\controller.rs","line_number":581}
{"timestamp":"2026-07-31T15:19:10.023087Z","level":"INFO","fields":{"message":"Concurrency control for download: Decreased concurrency from 1 to 1; reason: success ratio below threshold (connection struggling) (success_ratio = 1.000, threshold = 0.500)"},"filename":"D:\\a\\xet-core\\xet-core\\xet_client\\src\\cas_client\\adaptive_concurrency\\controller.rs","line_number":581}
{"timestamp":"2026-07-31T15:19:10.592223Z","level":"INFO","fields":{"message":"Concurrency control for download: Decreased concurrency from 1 to 1; reason: success ratio below threshold (connection struggling) (success_ratio = 1.000, threshold = 0.500)"},"filename":"D:\\a\\xet-core\\xet-core\\xet_client\\src\\cas_client\\adaptive_concurrency\\controller.rs","line_number":581}
{"timestamp":"2026-07-31T15:19:11.158063Z","level":"INFO","fields":{"message":"Concurrency control for download: Decreased concurrency from 1 to 1; reason: success ratio below threshold (connection struggling) (success_ratio = 1.000, threshold = 0.500)"},"filename":"D:\\a\\xet-core\\xet-core\\xet_client\\src\\cas_client\\adaptive_concurrency\\controller.rs","line_number":581}
{"timestamp":"2026-07-31T15:19:11.686546Z","level":"INFO","fields":{"message":"Concurrency control for download: Decreased concurrency from 1 to 1; reason: success ratio below threshold (connection struggling) (success_ratio = 1.000, threshold = 0.500)"},"filename":"D:\\a\\xet-core\\xet-core\\xet_client\\src\\cas_client\\adaptive_concurrency\\controller.rs","line_number":581}
{"timestamp":"2026-07-31T15:19:12.221919Z","level":"INFO","fields":{"message":"Concurrency control for download: Decreased concurrency from 1 to 1; reason: success ratio below threshold (connection struggling) (success_ratio = 1.000, threshold = 0.500)"},"filename":"D:\\a\\xet-core\\xet-core\\xet_client\\src\\cas_client\\adaptive_concurrency\\controller.rs","line_number":581}
{"timestamp":"2026-07-31T15:19:12.722784Z","level":"INFO","fields":{"message":"Concurrency control for download: Decreased concurrency from 1 to 1; reason: success ratio below threshold (connection struggling) (success_ratio = 1.000, threshold = 0.500)"},"filename":"D:\\a\\xet-core\\xet-core\\xet_client\\src\\cas_client\\adaptive_concurrency\\controller.rs","line_number":581}
{"timestamp":"2026-07-31T15:19:13.244633Z","level":"INFO","fields":{"message":"Concurrency control for download: Decreased concurrency from 1 to 1; reason: success ratio below threshold (connection struggling) (success_ratio = 1.000, threshold = 0.500)"},"filename":"D:\\a\\xet-core\\xet-core\\xet_client\\src\\cas_client\\adaptive_concurrency\\controller.rs","line_number":581}
{"timestamp":"2026-07-31T15:19:13.753228Z","level":"INFO","fields":{"message":"Concurrency control for download: Decreased concurrency from 1 to 1; reason: success ratio below threshold (connection struggling) (success_ratio = 1.000, threshold = 0.500)"},"filename":"D:\\a\\xet-core\\xet-core\\xet_client\\src\\cas_client\\adaptive_concurrency\\controller.rs","line_number":581}
{"timestamp":"2026-07-31T15:19:13.970641Z","level":"INFO","fields":{"message":"Concurrency control for download: Current concurrency = 1; predicted bandwidth = 20977; success_ratio = 1.000; reference_size = 5.7MB; observed bytes sent so far = 485385240; completed transmissions = 157"},"filename":"D:\\a\\xet-core\\xet-core\\xet_client\\src\\cas_client\\adaptive_concurrency\\controller.rs","line_number":597}
{"timestamp":"2026-07-31T15:19:14.310043Z","level":"INFO","fields":{"message":"Concurrency control for download: Decreased concurrency from 1 to 1; reason: success ratio below threshold (connection struggling) (success_ratio = 1.000, threshold = 0.500)"},"filename":"D:\\a\\xet-core\\xet-core\\xet_client\\src\\cas_client\\adaptive_concurrency\\controller.rs","line_number":581}
{"timestamp":"2026-07-31T15:19:14.838163Z","level":"INFO","fields":{"message":"Concurrency control for download: Decreased concurrency from 1 to 1; reason: success ratio below threshold (connection struggling) (success_ratio = 1.000, threshold = 0.500)"},"filename":"D:\\a\\xet-core\\xet-core\\xet_client\\src\\cas_client\\adaptive_concurrency\\controller.rs","line_number":581}
{"timestamp":"2026-07-31T15:19:15.388234Z","level":"INFO","fields":{"message":"Concurrency control for download: Decreased concurrency from 1 to 1; reason: success ratio below threshold (connection struggling) (success_ratio = 1.000, threshold = 0.500)"},"filename":"D:\\a\\xet-core\\xet-core\\xet_client\\src\\cas_client\\adaptive_concurrency\\controller.rs","line_number":581}
{"timestamp":"2026-07-31T15:19:15.890558Z","level":"INFO","fields":{"message":"Concurrency control for download: Decreased concurrency from 1 to 1; reason: success ratio below threshold (connection struggling) (success_ratio = 1.000, threshold = 0.500)"},"filename":"D:\\a\\xet-core\\xet-core\\xet_client\\src\\cas_client\\adaptive_concurrency\\controller.rs","line_number":581}
{"timestamp":"2026-07-31T15:19:16.451403Z","level":"INFO","fields":{"message":"Concurrency control for download: Decreased concurrency from 1 to 1; reason: success ratio below threshold (connection struggling) (success_ratio = 1.000, threshold = 0.500)"},"filename":"D:\\a\\xet-core\\xet-core\\xet_client\\src\\cas_client\\adaptive_concurrency\\controller.rs","line_number":581}
{"timestamp":"2026-07-31T15:19:16.952414Z","level":"INFO","fields":{"message":"Concurrency control for download: Decreased concurrency from 1 to 1; reason: success ratio below threshold (connection struggling) (success_ratio = 1.000, threshold = 0.500)"},"filename":"D:\\a\\xet-core\\xet-core\\xet_client\\src\\cas_client\\adaptive_concurrency\\controller.rs","line_number":581}
{"timestamp":"2026-07-31T15:19:17.455032Z","level":"INFO","fields":{"message":"Concurrency control for download: Decreased concurrency from 1 to 1; reason: success ratio below threshold (connection struggling) (success_ratio = 1.000, threshold = 0.500)"},"filename":"D:\\a\\xet-core\\xet-core\\xet_client\\src\\cas_client\\adaptive_concurrency\\controller.rs","line_number":581}
{"timestamp":"2026-07-31T15:19:17.988924Z","level":"INFO","fields":{"message":"Concurrency control for download: Decreased concurrency from 1 to 1; reason: success ratio below threshold (connection struggling) (success_ratio = 1.000, threshold = 0.500)"},"filename":"D:\\a\\xet-core\\xet-core\\xet_client\\src\\cas_client\\adaptive_concurrency\\controller.rs","line_number":581}
{"timestamp":"2026-07-31T15:19:18.535698Z","level":"INFO","fields":{"message":"Concurrency control for download: Decreased concurrency from 1 to 1; reason: success ratio below threshold (connection struggling) (success_ratio = 1.000, threshold = 0.500)"},"filename":"D:\\a\\xet-core\\xet-core\\xet_client\\src\\cas_client\\adaptive_concurrency\\controller.rs","line_number":581}
{"timestamp":"2026-07-31T15:19:19.047344Z","level":"INFO","fields":{"message":"Concurrency control for download: Decreased concurrency from 1 to 1; reason: success ratio below threshold (connection struggling) (success_ratio = 1.000, threshold = 0.500)"},"filename":"D:\\a\\xet-core\\xet-core\\xet_client\\src\\cas_client\\adaptive_concurrency\\controller.rs","line_number":581}
{"timestamp":"2026-07-31T15:19:19.547818Z","level":"INFO","fields":{"message":"Concurrency control for download: Decreased concurrency from 1 to 1; reason: success ratio below threshold (connection struggling) (success_ratio = 1.000, threshold = 0.500)"},"filename":"D:\\a\\xet-core\\xet-core\\xet_client\\src\\cas_client\\adaptive_concurrency\\controller.rs","line_number":581}
{"timestamp":"2026-07-31T15:19:20.054732Z","level":"INFO","fields":{"message":"Concurrency control for download: Decreased concurrency from 1 to 1; reason: success ratio below threshold (connection struggling) (success_ratio = 1.000, threshold = 0.500)"},"filename":"D:\\a\\xet-core\\xet-core\\xet_client\\src\\cas_client\\adaptive_concurrency\\controller.rs","line_number":581}
{"timestamp":"2026-07-31T15:19:20.636663Z","level":"INFO","fields":{"message":"Concurrency control for download: Decreased concurrency from 1 to 1; reason: success ratio below threshold (connection struggling) (success_ratio = 1.000, threshold = 0.500)"},"filename":"D:\\a\\xet-core\\xet-core\\xet_client\\src\\cas_client\\adaptive_concurrency\\controller.rs","line_number":581}
{"timestamp":"2026-07-31T15:19:21.143298Z","level":"INFO","fields":{"message":"Concurrency control for download: Decreased concurrency from 1 to 1; reason: success ratio below threshold (connection struggling) (success_ratio = 1.000, threshold = 0.500)"},"filename":"D:\\a\\xet-core\\xet-core\\xet_client\\src\\cas_client\\adaptive_concurrency\\controller.rs","line_number":581}
{"timestamp":"2026-07-31T15:19:21.808405Z","level":"INFO","fields":{"message":"Concurrency control for download: Decreased concurrency from 1 to 1; reason: success ratio below threshold (connection struggling) (success_ratio = 1.000, threshold = 0.500)"},"filename":"D:\\a\\xet-core\\xet-core\\xet_client\\src\\cas_client\\adaptive_concurrency\\controller.rs","line_number":581}
{"timestamp":"2026-07-31T15:19:22.313789Z","level":"INFO","fields":{"message":"Concurrency control for download: Decreased concurrency from 1 to 1; reason: success ratio below threshold (connection struggling) (success_ratio = 1.000, threshold = 0.500)"},"filename":"D:\\a\\xet-core\\xet-core\\xet_client\\src\\cas_client\\adaptive_concurrency\\controller.rs","line_number":581}
{"timestamp":"2026-07-31T15:19:22.837969Z","level":"INFO","fields":{"message":"Concurrency control for download: Decreased concurrency from 1 to 1; reason: success ratio below threshold (connection struggling) (success_ratio = 1.000, threshold = 0.500)"},"filename":"D:\\a\\xet-core\\xet-core\\xet_client\\src\\cas_client\\adaptive_concurrency\\controller.rs","line_number":581}
{"timestamp":"2026-07-31T15:19:23.364689Z","level":"INFO","fields":{"message":"Concurrency control for download: Decreased concurrency from 1 to 1; reason: success ratio below threshold (connection struggling) (success_ratio = 1.000, threshold = 0.500)"},"filename":"D:\\a\\xet-core\\xet-core\\xet_client\\src\\cas_client\\adaptive_concurrency\\controller.rs","line_number":581}
{"timestamp":"2026-07-31T15:19:23.871235Z","level":"INFO","fields":{"message":"Concurrency control for download: Decreased concurrency from 1 to 1; reason: success ratio below threshold (connection struggling) (success_ratio = 1.000, threshold = 0.500)"},"filename":"D:\\a\\xet-core\\xet-core\\xet_client\\src\\cas_client\\adaptive_concurrency\\controller.rs","line_number":581}
{"timestamp":"2026-07-31T15:19:23.973669Z","level":"INFO","fields":{"message":"Concurrency control for download: Current concurrency = 1; predicted bandwidth = 19864; success_ratio = 1.000; reference_size = 6.8MB; observed bytes sent so far = 497577103; completed transmissions = 158"},"filename":"D:\\a\\xet-core\\xet-core\\xet_client\\src\\cas_client\\adaptive_concurrency\\controller.rs","line_number":597}
{"timestamp":"2026-07-31T15:19:24.445659Z","level":"INFO","fields":{"message":"Concurrency control for download: Decreased concurrency from 1 to 1; reason: success ratio below threshold (connection struggling) (success_ratio = 1.000, threshold = 0.500)"},"filename":"D:\\a\\xet-core\\xet-core\\xet_client\\src\\cas_client\\adaptive_concurrency\\controller.rs","line_number":581}
{"timestamp":"2026-07-31T15:19:25.005144Z","level":"INFO","fields":{"message":"Concurrency control for download: Decreased concurrency from 1 to 1; reason: success ratio below threshold (connection struggling) (success_ratio = 1.000, threshold = 0.500)"},"filename":"D:\\a\\xet-core\\xet-core\\xet_client\\src\\cas_client\\adaptive_concurrency\\controller.rs","line_number":581}
{"timestamp":"2026-07-31T15:19:25.571593Z","level":"INFO","fields":{"message":"Concurrency control for download: Decreased concurrency from 1 to 1; reason: success ratio below threshold (connection struggling) (success_ratio = 1.000, threshold = 0.500)"},"filename":"D:\\a\\xet-core\\xet-core\\xet_client\\src\\cas_client\\adaptive_concurrency\\controller.rs","line_number":581}
{"timestamp":"2026-07-31T15:19:26.104310Z","level":"INFO","fields":{"message":"Concurrency control for download: Decreased concurrency from 1 to 1; reason: success ratio below threshold (connection struggling) (success_ratio = 1.000, threshold = 0.500)"},"filename":"D:\\a\\xet-core\\xet-core\\xet_client\\src\\cas_client\\adaptive_concurrency\\controller.rs","line_number":581}
{"timestamp":"2026-07-31T15:19:26.612509Z","level":"INFO","fields":{"message":"Concurrency control for download: Decreased concurrency from 1 to 1; reason: success ratio below threshold (connection struggling) (success_ratio = 1.000, threshold = 0.500)"},"filename":"D:\\a\\xet-core\\xet-core\\xet_client\\src\\cas_client\\adaptive_concurrency\\controller.rs","line_number":581}
{"timestamp":"2026-07-31T15:19:27.122908Z","level":"INFO","fields":{"message":"Concurrency control for download: Decreased concurrency from 1 to 1; reason: success ratio below threshold (connection struggling) (success_ratio = 1.000, threshold = 0.500)"},"filename":"D:\\a\\xet-core\\xet-core\\xet_client\\src\\cas_client\\adaptive_concurrency\\controller.rs","line_number":581}
{"timestamp":"2026-07-31T15:19:27.622961Z","level":"INFO","fields":{"message":"Concurrency control for download: Decreased concurrency from 1 to 1; reason: success ratio below threshold (connection struggling) (success_ratio = 1.000, threshold = 0.500)"},"filename":"D:\\a\\xet-core\\xet-core\\xet_client\\src\\cas_client\\adaptive_concurrency\\controller.rs","line_number":581}
{"timestamp":"2026-07-31T15:19:28.251607Z","level":"INFO","fields":{"message":"Concurrency control for download: Decreased concurrency from 1 to 1; reason: success ratio below threshold (connection struggling) (success_ratio = 1.000, threshold = 0.500)"},"filename":"D:\\a\\xet-core\\xet-core\\xet_client\\src\\cas_client\\adaptive_concurrency\\controller.rs","line_number":581}
{"timestamp":"2026-07-31T15:19:28.769727Z","level":"INFO","fields":{"message":"Concurrency control for download: Decreased concurrency from 1 to 1; reason: success ratio below threshold (connection struggling) (success_ratio = 1.000, threshold = 0.500)"},"filename":"D:\\a\\xet-core\\xet-core\\xet_client\\src\\cas_client\\adaptive_concurrency\\controller.rs","line_number":581}
{"timestamp":"2026-07-31T15:19:29.303851Z","level":"INFO","fields":{"message":"Concurrency control for download: Decreased concurrency from 1 to 1; reason: success ratio below threshold (connection struggling) (success_ratio = 1.000, threshold = 0.500)"},"filename":"D:\\a\\xet-core\\xet-core\\xet_client\\src\\cas_client\\adaptive_concurrency\\controller.rs","line_number":581}
{"timestamp":"2026-07-31T15:19:29.840217Z","level":"INFO","fields":{"message":"Concurrency control for download: Decreased concurrency from 1 to 1; reason: success ratio below threshold (connection struggling) (success_ratio = 1.000, threshold = 0.500)"},"filename":"D:\\a\\xet-core\\xet-core\\xet_client\\src\\cas_client\\adaptive_concurrency\\controller.rs","line_number":581}
{"timestamp":"2026-07-31T15:19:30.463264Z","level":"INFO","fields":{"message":"Concurrency control for download: Decreased concurrency from 1 to 1; reason: success ratio below threshold (connection struggling) (success_ratio = 1.000, threshold = 0.500)"},"filename":"D:\\a\\xet-core\\xet-core\\xet_client\\src\\cas_client\\adaptive_concurrency\\controller.rs","line_number":581}
{"timestamp":"2026-07-31T15:19:31.011500Z","level":"INFO","fields":{"message":"Concurrency control for download: Decreased concurrency from 1 to 1; reason: success ratio below threshold (connection struggling) (success_ratio = 1.000, threshold = 0.500)"},"filename":"D:\\a\\xet-core\\xet-core\\xet_client\\src\\cas_client\\adaptive_concurrency\\controller.rs","line_number":581}
{"timestamp":"2026-07-31T15:19:31.810450Z","level":"INFO","fields":{"message":"Concurrency control for download: Decreased concurrency from 1 to 1; reason: success ratio below threshold (connection struggling) (success_ratio = 1.000, threshold = 0.500)"},"filename":"D:\\a\\xet-core\\xet-core\\xet_client\\src\\cas_client\\adaptive_concurrency\\controller.rs","line_number":581}
{"timestamp":"2026-07-31T15:19:32.314319Z","level":"INFO","fields":{"message":"Concurrency control for download: Decreased concurrency from 1 to 1; reason: success ratio below threshold (connection struggling) (success_ratio = 1.000, threshold = 0.500)"},"filename":"D:\\a\\xet-core\\xet-core\\xet_client\\src\\cas_client\\adaptive_concurrency\\controller.rs","line_number":581}
{"timestamp":"2026-07-31T15:19:32.825632Z","level":"INFO","fields":{"message":"Concurrency control for download: Decreased concurrency from 1 to 1; reason: success ratio below threshold (connection struggling) (success_ratio = 1.000, threshold = 0.500)"},"filename":"D:\\a\\xet-core\\xet-core\\xet_client\\src\\cas_client\\adaptive_concurrency\\controller.rs","line_number":581}
{"timestamp":"2026-07-31T15:19:33.335966Z","level":"INFO","fields":{"message":"Concurrency control for download: Decreased concurrency from 1 to 1; reason: success ratio below threshold (connection struggling) (success_ratio = 1.000, threshold = 0.500)"},"filename":"D:\\a\\xet-core\\xet-core\\xet_client\\src\\cas_client\\adaptive_concurrency\\controller.rs","line_number":581}
{"timestamp":"2026-07-31T15:19:33.847564Z","level":"INFO","fields":{"message":"Concurrency control for download: Decreased concurrency from 1 to 1; reason: success ratio below threshold (connection struggling) (success_ratio = 1.000, threshold = 0.500)"},"filename":"D:\\a\\xet-core\\xet-core\\xet_client\\src\\cas_client\\adaptive_concurrency\\controller.rs","line_number":581}
{"timestamp":"2026-07-31T15:19:33.977186Z","level":"INFO","fields":{"message":"Concurrency control for download: Current concurrency = 1; predicted bandwidth = 19465; success_ratio = 1.000; reference_size = 6.8MB; observed bytes sent so far = 504687759; completed transmissions = 158"},"filename":"D:\\a\\xet-core\\xet-core\\xet_client\\src\\cas_client\\adaptive_concurrency\\controller.rs","line_number":597}
{"timestamp":"2026-07-31T15:19:34.357061Z","level":"INFO","fields":{"message":"Concurrency control for download: Decreased concurrency from 1 to 1; reason: success ratio below threshold (connection struggling) (success_ratio = 1.000, threshold = 0.500)"},"filename":"D:\\a\\xet-core\\xet-core\\xet_client\\src\\cas_client\\adaptive_concurrency\\controller.rs","line_number":581}
{"timestamp":"2026-07-31T15:19:34.862865Z","level":"INFO","fields":{"message":"Concurrency control for download: Decreased concurrency from 1 to 1; reason: success ratio below threshold (connection struggling) (success_ratio = 1.000, threshold = 0.500)"},"filename":"D:\\a\\xet-core\\xet-core\\xet_client\\src\\cas_client\\adaptive_concurrency\\controller.rs","line_number":581}
{"timestamp":"2026-07-31T15:19:35.371779Z","level":"INFO","fields":{"message":"Concurrency control for download: Decreased concurrency from 1 to 1; reason: success ratio below threshold (connection struggling) (success_ratio = 1.000, threshold = 0.500)"},"filename":"D:\\a\\xet-core\\xet-core\\xet_client\\src\\cas_client\\adaptive_concurrency\\controller.rs","line_number":581}
{"timestamp":"2026-07-31T15:19:35.895233Z","level":"INFO","fields":{"message":"Concurrency control for download: Decreased concurrency from 1 to 1; reason: success ratio below threshold (connection struggling) (success_ratio = 1.000, threshold = 0.500)"},"filename":"D:\\a\\xet-core\\xet-core\\xet_client\\src\\cas_client\\adaptive_concurrency\\controller.rs","line_number":581}
{"timestamp":"2026-07-31T15:19:36.396190Z","level":"INFO","fields":{"message":"Concurrency control for download: Decreased concurrency from 1 to 1; reason: success ratio below threshold (connection struggling) (success_ratio = 1.000, threshold = 0.500)"},"filename":"D:\\a\\xet-core\\xet-core\\xet_client\\src\\cas_client\\adaptive_concurrency\\controller.rs","line_number":581}
{"timestamp":"2026-07-31T15:19:36.931550Z","level":"INFO","fields":{"message":"Concurrency control for download: Decreased concurrency from 1 to 1; reason: success ratio below threshold (connection struggling) (success_ratio = 1.000, threshold = 0.500)"},"filename":"D:\\a\\xet-core\\xet-core\\xet_client\\src\\cas_client\\adaptive_concurrency\\controller.rs","line_number":581}
{"timestamp":"2026-07-31T15:19:37.486069Z","level":"INFO","fields":{"message":"Concurrency control for download: Decreased concurrency from 1 to 1; reason: success ratio below threshold (connection struggling) (success_ratio = 1.000, threshold = 0.500)"},"filename":"D:\\a\\xet-core\\xet-core\\xet_client\\src\\cas_client\\adaptive_concurrency\\controller.rs","line_number":581}
{"timestamp":"2026-07-31T15:19:37.994616Z","level":"INFO","fields":{"message":"Concurrency control for download: Decreased concurrency from 1 to 1; reason: success ratio below threshold (connection struggling) (success_ratio = 1.000, threshold = 0.500)"},"filename":"D:\\a\\xet-core\\xet-core\\xet_client\\src\\cas_client\\adaptive_concurrency\\controller.rs","line_number":581}
{"timestamp":"2026-07-31T15:19:38.520774Z","level":"INFO","fields":{"message":"Concurrency control for download: Decreased concurrency from 1 to 1; reason: success ratio below threshold (connection struggling) (success_ratio = 1.000, threshold = 0.500)"},"filename":"D:\\a\\xet-core\\xet-core\\xet_client\\src\\cas_client\\adaptive_concurrency\\controller.rs","line_number":581}
{"timestamp":"2026-07-31T15:19:39.071234Z","level":"INFO","fields":{"message":"Concurrency control for download: Decreased concurrency from 1 to 1; reason: success ratio below threshold (connection struggling) (success_ratio = 1.000, threshold = 0.500)"},"filename":"D:\\a\\xet-core\\xet-core\\xet_client\\src\\cas_client\\adaptive_concurrency\\controller.rs","line_number":581}
{"timestamp":"2026-07-31T15:19:39.576553Z","level":"INFO","fields":{"message":"Concurrency control for download: Decreased concurrency from 1 to 1; reason: success ratio below threshold (connection struggling) (success_ratio = 1.000, threshold = 0.500)"},"filename":"D:\\a\\xet-core\\xet-core\\xet_client\\src\\cas_client\\adaptive_concurrency\\controller.rs","line_number":581}
{"timestamp":"2026-07-31T15:19:40.077267Z","level":"INFO","fields":{"message":"Concurrency control for download: Decreased concurrency from 1 to 1; reason: success ratio below threshold (connection struggling) (success_ratio = 1.000, threshold = 0.500)"},"filename":"D:\\a\\xet-core\\xet-core\\xet_client\\src\\cas_client\\adaptive_concurrency\\controller.rs","line_number":581}
{"timestamp":"2026-07-31T15:19:40.582275Z","level":"INFO","fields":{"message":"Concurrency control for download: Decreased concurrency from 1 to 1; reason: success ratio below threshold (connection struggling) (success_ratio = 1.000, threshold = 0.500)"},"filename":"D:\\a\\xet-core\\xet-core\\xet_client\\src\\cas_client\\adaptive_concurrency\\controller.rs","line_number":581}
{"timestamp":"2026-07-31T15:19:41.087438Z","level":"INFO","fields":{"message":"Concurrency control for download: Decreased concurrency from 1 to 1; reason: success ratio below threshold (connection struggling) (success_ratio = 1.000, threshold = 0.500)"},"filename":"D:\\a\\xet-core\\xet-core\\xet_client\\src\\cas_client\\adaptive_concurrency\\controller.rs","line_number":581}
{"timestamp":"2026-07-31T15:19:41.610668Z","level":"INFO","fields":{"message":"Concurrency control for download: Decreased concurrency from 1 to 1; reason: success ratio below threshold (connection struggling) (success_ratio = 1.000, threshold = 0.500)"},"filename":"D:\\a\\xet-core\\xet-core\\xet_client\\src\\cas_client\\adaptive_concurrency\\controller.rs","line_number":581}
{"timestamp":"2026-07-31T15:19:42.146361Z","level":"INFO","fields":{"message":"Concurrency control for download: Decreased concurrency from 1 to 1; reason: success ratio below threshold (connection struggling) (success_ratio = 1.000, threshold = 0.500)"},"filename":"D:\\a\\xet-core\\xet-core\\xet_client\\src\\cas_client\\adaptive_concurrency\\controller.rs","line_number":581}
{"timestamp":"2026-07-31T15:19:42.651390Z","level":"INFO","fields":{"message":"Concurrency control for download: Decreased concurrency from 1 to 1; reason: success ratio below threshold (connection struggling) (success_ratio = 1.000, threshold = 0.500)"},"filename":"D:\\a\\xet-core\\xet-core\\xet_client\\src\\cas_client\\adaptive_concurrency\\controller.rs","line_number":581}
{"timestamp":"2026-07-31T15:19:43.158142Z","level":"INFO","fields":{"message":"Concurrency control for download: Decreased concurrency from 1 to 1; reason: success ratio below threshold (connection struggling) (success_ratio = 1.000, threshold = 0.500)"},"filename":"D:\\a\\xet-core\\xet-core\\xet_client\\src\\cas_client\\adaptive_concurrency\\controller.rs","line_number":581}
{"timestamp":"2026-07-31T15:19:43.676857Z","level":"INFO","fields":{"message":"Concurrency control for download: Decreased concurrency from 1 to 1; reason: success ratio below threshold (connection struggling) (success_ratio = 1.000, threshold = 0.500)"},"filename":"D:\\a\\xet-core\\xet-core\\xet_client\\src\\cas_client\\adaptive_concurrency\\controller.rs","line_number":581}
{"timestamp":"2026-07-31T15:19:43.999562Z","level":"INFO","fields":{"message":"Concurrency control for download: Current concurrency = 1; predicted bandwidth = 24602; success_ratio = 1.000; reference_size = 8.6MB; observed bytes sent so far = 518253210; completed transmissions = 160"},"filename":"D:\\a\\xet-core\\xet-core\\xet_client\\src\\cas_client\\adaptive_concurrency\\controller.rs","line_number":597}
{"timestamp":"2026-07-31T15:19:44.185165Z","level":"INFO","fields":{"message":"Concurrency control for download: Decreased concurrency from 1 to 1; reason: success ratio below threshold (connection struggling) (success_ratio = 1.000, threshold = 0.500)"},"filename":"D:\\a\\xet-core\\xet-core\\xet_client\\src\\cas_client\\adaptive_concurrency\\controller.rs","line_number":581}
{"timestamp":"2026-07-31T15:19:44.713762Z","level":"INFO","fields":{"message":"Concurrency control for download: Decreased concurrency from 1 to 1; reason: success ratio below threshold (connection struggling) (success_ratio = 1.000, threshold = 0.500)"},"filename":"D:\\a\\xet-core\\xet-core\\xet_client\\src\\cas_client\\adaptive_concurrency\\controller.rs","line_number":581}
{"timestamp":"2026-07-31T15:19:45.235912Z","level":"INFO","fields":{"message":"Concurrency control for download: Decreased concurrency from 1 to 1; reason: success ratio below threshold (connection struggling) (success_ratio = 1.000, threshold = 0.500)"},"filename":"D:\\a\\xet-core\\xet-core\\xet_client\\src\\cas_client\\adaptive_concurrency\\controller.rs","line_number":581}
{"timestamp":"2026-07-31T15:19:45.736852Z","level":"INFO","fields":{"message":"Concurrency control for download: Decreased concurrency from 1 to 1; reason: success ratio below threshold (connection struggling) (success_ratio = 1.000, threshold = 0.500)"},"filename":"D:\\a\\xet-core\\xet-core\\xet_client\\src\\cas_client\\adaptive_concurrency\\controller.rs","line_number":581}
{"timestamp":"2026-07-31T15:19:46.293285Z","level":"INFO","fields":{"message":"Concurrency control for download: Decreased concurrency from 1 to 1; reason: success ratio below threshold (connection struggling) (success_ratio = 1.000, threshold = 0.500)"},"filename":"D:\\a\\xet-core\\xet-core\\xet_client\\src\\cas_client\\adaptive_concurrency\\controller.rs","line_number":581}
{"timestamp":"2026-07-31T15:19:46.831932Z","level":"INFO","fields":{"message":"Concurrency control for download: Decreased concurrency from 1 to 1; reason: success ratio below threshold (connection struggling) (success_ratio = 1.000, threshold = 0.500)"},"filename":"D:\\a\\xet-core\\xet-core\\xet_client\\src\\cas_client\\adaptive_concurrency\\controller.rs","line_number":581}
{"timestamp":"2026-07-31T15:19:47.334364Z","level":"INFO","fields":{"message":"Concurrency control for download: Decreased concurrency from 1 to 1; reason: success ratio below threshold (connection struggling) (success_ratio = 1.000, threshold = 0.500)"},"filename":"D:\\a\\xet-core\\xet-core\\xet_client\\src\\cas_client\\adaptive_concurrency\\controller.rs","line_number":581}
{"timestamp":"2026-07-31T15:19:47.892713Z","level":"INFO","fields":{"message":"Concurrency control for download: Decreased concurrency from 1 to 1; reason: success ratio below threshold (connection struggling) (success_ratio = 1.000, threshold = 0.500)"},"filename":"D:\\a\\xet-core\\xet-core\\xet_client\\src\\cas_client\\adaptive_concurrency\\controller.rs","line_number":581}
{"timestamp":"2026-07-31T15:19:48.398389Z","level":"INFO","fields":{"message":"Concurrency control for download: Decreased concurrency from 1 to 1; reason: success ratio below threshold (connection struggling) (success_ratio = 1.000, threshold = 0.500)"},"filename":"D:\\a\\xet-core\\xet-core\\xet_client\\src\\cas_client\\adaptive_concurrency\\controller.rs","line_number":581}
{"timestamp":"2026-07-31T15:19:48.931705Z","level":"INFO","fields":{"message":"Concurrency control for download: Decreased concurrency from 1 to 1; reason: success ratio below threshold (connection struggling) (success_ratio = 1.000, threshold = 0.500)"},"filename":"D:\\a\\xet-core\\xet-core\\xet_client\\src\\cas_client\\adaptive_concurrency\\controller.rs","line_number":581}
{"timestamp":"2026-07-31T15:19:49.434723Z","level":"INFO","fields":{"message":"Concurrency control for download: Decreased concurrency from 1 to 1; reason: success ratio below threshold (connection struggling) (success_ratio = 1.000, threshold = 0.500)"},"filename":"D:\\a\\xet-core\\xet-core\\xet_client\\src\\cas_client\\adaptive_concurrency\\controller.rs","line_number":581}
{"timestamp":"2026-07-31T15:19:49.934759Z","level":"INFO","fields":{"message":"Concurrency control for download: Decreased concurrency from 1 to 1; reason: success ratio below threshold (connection struggling) (success_ratio = 1.000, threshold = 0.500)"},"filename":"D:\\a\\xet-core\\xet-core\\xet_client\\src\\cas_client\\adaptive_concurrency\\controller.rs","line_number":581}
{"timestamp":"2026-07-31T15:19:50.437221Z","level":"INFO","fields":{"message":"Concurrency control for download: Decreased concurrency from 1 to 1; reason: success ratio below threshold (connection struggling) (success_ratio = 1.000, threshold = 0.500)"},"filename":"D:\\a\\xet-core\\xet-core\\xet_client\\src\\cas_client\\adaptive_concurrency\\controller.rs","line_number":581}
{"timestamp":"2026-07-31T15:19:50.965971Z","level":"INFO","fields":{"message":"Concurrency control for download: Decreased concurrency from 1 to 1; reason: success ratio below threshold (connection struggling) (success_ratio = 1.000, threshold = 0.500)"},"filename":"D:\\a\\xet-core\\xet-core\\xet_client\\src\\cas_client\\adaptive_concurrency\\controller.rs","line_number":581}
{"timestamp":"2026-07-31T15:19:51.494822Z","level":"INFO","fields":{"message":"Concurrency control for download: Decreased concurrency from 1 to 1; reason: success ratio below threshold (connection struggling) (success_ratio = 1.000, threshold = 0.500)"},"filename":"D:\\a\\xet-core\\xet-core\\xet_client\\src\\cas_client\\adaptive_concurrency\\controller.rs","line_number":581}
{"timestamp":"2026-07-31T15:19:51.994948Z","level":"INFO","fields":{"message":"Concurrency control for download: Decreased concurrency from 1 to 1; reason: success ratio below threshold (connection struggling) (success_ratio = 1.000, threshold = 0.500)"},"filename":"D:\\a\\xet-core\\xet-core\\xet_client\\src\\cas_client\\adaptive_concurrency\\controller.rs","line_number":581}
{"timestamp":"2026-07-31T15:19:52.547176Z","level":"INFO","fields":{"message":"Concurrency control for download: Decreased concurrency from 1 to 1; reason: success ratio below threshold (connection struggling) (success_ratio = 1.000, threshold = 0.500)"},"filename":"D:\\a\\xet-core\\xet-core\\xet_client\\src\\cas_client\\adaptive_concurrency\\controller.rs","line_number":581}
{"timestamp":"2026-07-31T15:19:53.069444Z","level":"INFO","fields":{"message":"Concurrency control for download: Decreased concurrency from 1 to 1; reason: success ratio below threshold (connection struggling) (success_ratio = 1.000, threshold = 0.500)"},"filename":"D:\\a\\xet-core\\xet-core\\xet_client\\src\\cas_client\\adaptive_concurrency\\controller.rs","line_number":581}
{"timestamp":"2026-07-31T15:19:53.572075Z","level":"INFO","fields":{"message":"Concurrency control for download: Decreased concurrency from 1 to 1; reason: success ratio below threshold (connection struggling) (success_ratio = 1.000, threshold = 0.500)"},"filename":"D:\\a\\xet-core\\xet-core\\xet_client\\src\\cas_client\\adaptive_concurrency\\controller.rs","line_number":581}
{"timestamp":"2026-07-31T15:19:54.003834Z","level":"INFO","fields":{"message":"Concurrency control for download: Current concurrency = 1; predicted bandwidth = 22994; success_ratio = 1.000; reference_size = 8.6MB; observed bytes sent so far = 536062618; completed transmissions = 160"},"filename":"D:\\a\\xet-core\\xet-core\\xet_client\\src\\cas_client\\adaptive_concurrency\\controller.rs","line_number":597}
{"timestamp":"2026-07-31T15:19:54.086379Z","level":"INFO","fields":{"message":"Concurrency control for download: Decreased concurrency from 1 to 1; reason: success ratio below threshold (connection struggling) (success_ratio = 1.000, threshold = 0.500)"},"filename":"D:\\a\\xet-core\\xet-core\\xet_client\\src\\cas_client\\adaptive_concurrency\\controller.rs","line_number":581}
{"timestamp":"2026-07-31T15:19:54.586551Z","level":"INFO","fields":{"message":"Concurrency control for download: Decreased concurrency from 1 to 1; reason: success ratio below threshold (connection struggling) (success_ratio = 1.000, threshold = 0.500)"},"filename":"D:\\a\\xet-core\\xet-core\\xet_client\\src\\cas_client\\adaptive_concurrency\\controller.rs","line_number":581}
{"timestamp":"2026-07-31T15:19:55.097991Z","level":"INFO","fields":{"message":"Concurrency control for download: Decreased concurrency from 1 to 1; reason: success ratio below threshold (connection struggling) (success_ratio = 1.000, threshold = 0.500)"},"filename":"D:\\a\\xet-core\\xet-core\\xet_client\\src\\cas_client\\adaptive_concurrency\\controller.rs","line_number":581}
{"timestamp":"2026-07-31T15:19:55.599278Z","level":"INFO","fields":{"message":"Concurrency control for download: Decreased concurrency from 1 to 1; reason: success ratio below threshold (connection struggling) (success_ratio = 1.000, threshold = 0.500)"},"filename":"D:\\a\\xet-core\\xet-core\\xet_client\\src\\cas_client\\adaptive_concurrency\\controller.rs","line_number":581}
{"timestamp":"2026-07-31T15:19:56.117009Z","level":"INFO","fields":{"message":"Concurrency control for download: Decreased concurrency from 1 to 1; reason: success ratio below threshold (connection struggling) (success_ratio = 1.000, threshold = 0.500)"},"filename":"D:\\a\\xet-core\\xet-core\\xet_client\\src\\cas_client\\adaptive_concurrency\\controller.rs","line_number":581}
{"timestamp":"2026-07-31T15:19:56.634740Z","level":"INFO","fields":{"message":"Concurrency control for download: Decreased concurrency from 1 to 1; reason: success ratio below threshold (connection struggling) (success_ratio = 1.000, threshold = 0.500)"},"filename":"D:\\a\\xet-core\\xet-core\\xet_client\\src\\cas_client\\adaptive_concurrency\\controller.rs","line_number":581}
{"timestamp":"2026-07-31T15:19:57.185732Z","level":"INFO","fields":{"message":"Concurrency control for download: Decreased concurrency from 1 to 1; reason: success ratio below threshold (connection struggling) (success_ratio = 1.000, threshold = 0.500)"},"filename":"D:\\a\\xet-core\\xet-core\\xet_client\\src\\cas_client\\adaptive_concurrency\\controller.rs","line_number":581}
{"timestamp":"2026-07-31T15:19:57.705832Z","level":"INFO","fields":{"message":"Concurrency control for download: Decreased concurrency from 1 to 1; reason: success ratio below threshold (connection struggling) (success_ratio = 1.000, threshold = 0.500)"},"filename":"D:\\a\\xet-core\\xet-core\\xet_client\\src\\cas_client\\adaptive_concurrency\\controller.rs","line_number":581}
{"timestamp":"2026-07-31T15:19:58.210209Z","level":"INFO","fields":{"message":"Concurrency control for download: Decreased concurrency from 1 to 1; reason: success ratio below threshold (connection struggling) (success_ratio = 1.000, threshold = 0.500)"},"filename":"D:\\a\\xet-core\\xet-core\\xet_client\\src\\cas_client\\adaptive_concurrency\\controller.rs","line_number":581}
{"timestamp":"2026-07-31T15:19:58.729803Z","level":"INFO","fields":{"message":"Concurrency control for download: Decreased concurrency from 1 to 1; reason: success ratio below threshold (connection struggling) (success_ratio = 1.000, threshold = 0.500)"},"filename":"D:\\a\\xet-core\\xet-core\\xet_client\\src\\cas_client\\adaptive_concurrency\\controller.rs","line_number":581}
{"timestamp":"2026-07-31T15:19:59.241823Z","level":"INFO","fields":{"message":"Concurrency control for download: Decreased concurrency from 1 to 1; reason: success ratio below threshold (connection struggling) (success_ratio = 1.000, threshold = 0.500)"},"filename":"D:\\a\\xet-core\\xet-core\\xet_client\\src\\cas_client\\adaptive_concurrency\\controller.rs","line_number":581}
{"timestamp":"2026-07-31T15:19:59.753751Z","level":"INFO","fields":{"message":"Concurrency control for download: Decreased concurrency from 1 to 1; reason: success ratio below threshold (connection struggling) (success_ratio = 1.000, threshold = 0.500)"},"filename":"D:\\a\\xet-core\\xet-core\\xet_client\\src\\cas_client\\adaptive_concurrency\\controller.rs","line_number":581}
{"timestamp":"2026-07-31T15:20:00.254098Z","level":"INFO","fields":{"message":"Concurrency control for download: Decreased concurrency from 1 to 1; reason: success ratio below threshold (connection struggling) (success_ratio = 1.000, threshold = 0.500)"},"filename":"D:\\a\\xet-core\\xet-core\\xet_client\\src\\cas_client\\adaptive_concurrency\\controller.rs","line_number":581}
{"timestamp":"2026-07-31T15:20:00.783533Z","level":"INFO","fields":{"message":"Concurrency control for download: Decreased concurrency from 1 to 1; reason: success ratio below threshold (connection struggling) (success_ratio = 1.000, threshold = 0.500)"},"filename":"D:\\a\\xet-core\\xet-core\\xet_client\\src\\cas_client\\adaptive_concurrency\\controller.rs","line_number":581}
{"timestamp":"2026-07-31T15:20:01.286898Z","level":"INFO","fields":{"message":"Concurrency control for download: Decreased concurrency from 1 to 1; reason: success ratio below threshold (connection struggling) (success_ratio = 1.000, threshold = 0.500)"},"filename":"D:\\a\\xet-core\\xet-core\\xet_client\\src\\cas_client\\adaptive_concurrency\\controller.rs","line_number":581}
{"timestamp":"2026-07-31T15:20:01.847047Z","level":"INFO","fields":{"message":"Concurrency control for download: Decreased concurrency from 1 to 1; reason: success ratio below threshold (connection struggling) (success_ratio = 1.000, threshold = 0.500)"},"filename":"D:\\a\\xet-core\\xet-core\\xet_client\\src\\cas_client\\adaptive_concurrency\\controller.rs","line_number":581}
{"timestamp":"2026-07-31T15:20:02.347744Z","level":"INFO","fields":{"message":"Concurrency control for download: Decreased concurrency from 1 to 1; reason: success ratio below threshold (connection struggling) (success_ratio = 1.000, threshold = 0.500)"},"filename":"D:\\a\\xet-core\\xet-core\\xet_client\\src\\cas_client\\adaptive_concurrency\\controller.rs","line_number":581}
{"timestamp":"2026-07-31T15:20:02.862310Z","level":"INFO","fields":{"message":"Concurrency control for download: Decreased concurrency from 1 to 1; reason: success ratio below threshold (connection struggling) (success_ratio = 1.000, threshold = 0.500)"},"filename":"D:\\a\\xet-core\\xet-core\\xet_client\\src\\cas_client\\adaptive_concurrency\\controller.rs","line_number":581}
{"timestamp":"2026-07-31T15:20:03.374549Z","level":"INFO","fields":{"message":"Concurrency control for download: Decreased concurrency from 1 to 1; reason: success ratio below threshold (connection struggling) (success_ratio = 1.000, threshold = 0.500)"},"filename":"D:\\a\\xet-core\\xet-core\\xet_client\\src\\cas_client\\adaptive_concurrency\\controller.rs","line_number":581}
{"timestamp":"2026-07-31T15:20:03.963777Z","level":"INFO","fields":{"message":"Concurrency control for download: Decreased concurrency from 1 to 1; reason: success ratio below threshold (connection struggling) (success_ratio = 1.000, threshold = 0.500)"},"filename":"D:\\a\\xet-core\\xet-core\\xet_client\\src\\cas_client\\adaptive_concurrency\\controller.rs","line_number":581}
{"timestamp":"2026-07-31T15:20:04.020517Z","level":"INFO","fields":{"message":"Concurrency control for download: Current concurrency = 1; predicted bandwidth = 22614; success_ratio = 1.000; reference_size = 8.6MB; observed bytes sent so far = 550824602; completed transmissions = 160"},"filename":"D:\\a\\xet-core\\xet-core\\xet_client\\src\\cas_client\\adaptive_concurrency\\controller.rs","line_number":597}
{"timestamp":"2026-07-31T15:20:04.465347Z","level":"INFO","fields":{"message":"Concurrency control for download: Decreased concurrency from 1 to 1; reason: success ratio below threshold (connection struggling) (success_ratio = 1.000, threshold = 0.500)"},"filename":"D:\\a\\xet-core\\xet-core\\xet_client\\src\\cas_client\\adaptive_concurrency\\controller.rs","line_number":581}
{"timestamp":"2026-07-31T15:20:04.981851Z","level":"INFO","fields":{"message":"Concurrency control for download: Decreased concurrency from 1 to 1; reason: success ratio below threshold (connection struggling) (success_ratio = 1.000, threshold = 0.500)"},"filename":"D:\\a\\xet-core\\xet-core\\xet_client\\src\\cas_client\\adaptive_concurrency\\controller.rs","line_number":581}
{"timestamp":"2026-07-31T15:20:05.505737Z","level":"INFO","fields":{"message":"Concurrency control for download: Decreased concurrency from 1 to 1; reason: success ratio below threshold (connection struggling) (success_ratio = 1.000, threshold = 0.500)"},"filename":"D:\\a\\xet-core\\xet-core\\xet_client\\src\\cas_client\\adaptive_concurrency\\controller.rs","line_number":581}
{"timestamp":"2026-07-31T15:20:06.010211Z","level":"INFO","fields":{"message":"Concurrency control for download: Decreased concurrency from 1 to 1; reason: success ratio below threshold (connection struggling) (success_ratio = 1.000, threshold = 0.500)"},"filename":"D:\\a\\xet-core\\xet-core\\xet_client\\src\\cas_client\\adaptive_concurrency\\controller.rs","line_number":581}
{"timestamp":"2026-07-31T15:20:06.514810Z","level":"INFO","fields":{"message":"Concurrency control for download: Decreased concurrency from 1 to 1; reason: success ratio below threshold (connection struggling) (success_ratio = 1.000, threshold = 0.500)"},"filename":"D:\\a\\xet-core\\xet-core\\xet_client\\src\\cas_client\\adaptive_concurrency\\controller.rs","line_number":581}
{"timestamp":"2026-07-31T15:20:07.016742Z","level":"INFO","fields":{"message":"Concurrency control for download: Decreased concurrency from 1 to 1; reason: success ratio below threshold (connection struggling) (success_ratio = 1.000, threshold = 0.500)"},"filename":"D:\\a\\xet-core\\xet-core\\xet_client\\src\\cas_client\\adaptive_concurrency\\controller.rs","line_number":581}
{"timestamp":"2026-07-31T15:20:07.520989Z","level":"INFO","fields":{"message":"Concurrency control for download: Decreased concurrency from 1 to 1; reason: success ratio below threshold (connection struggling) (success_ratio = 1.000, threshold = 0.500)"},"filename":"D:\\a\\xet-core\\xet-core\\xet_client\\src\\cas_client\\adaptive_concurrency\\controller.rs","line_number":581}
{"timestamp":"2026-07-31T15:20:08.079929Z","level":"INFO","fields":{"message":"Concurrency control for download: Decreased concurrency from 1 to 1; reason: success ratio below threshold (connection struggling) (success_ratio = 1.000, threshold = 0.500)"},"filename":"D:\\a\\xet-core\\xet-core\\xet_client\\src\\cas_client\\adaptive_concurrency\\controller.rs","line_number":581}
{"timestamp":"2026-07-31T15:20:08.582203Z","level":"INFO","fields":{"message":"Concurrency control for download: Decreased concurrency from 1 to 1; reason: success ratio below threshold (connection struggling) (success_ratio = 1.000, threshold = 0.500)"},"filename":"D:\\a\\xet-core\\xet-core\\xet_client\\src\\cas_client\\adaptive_concurrency\\controller.rs","line_number":581}
{"timestamp":"2026-07-31T15:20:09.087223Z","level":"INFO","fields":{"message":"Concurrency control for download: Decreased concurrency from 1 to 1; reason: success ratio below threshold (connection struggling) (success_ratio = 1.000, threshold = 0.500)"},"filename":"D:\\a\\xet-core\\xet-core\\xet_client\\src\\cas_client\\adaptive_concurrency\\controller.rs","line_number":581}
{"timestamp":"2026-07-31T15:20:09.624323Z","level":"INFO","fields":{"message":"Concurrency control for download: Decreased concurrency from 1 to 1; reason: success ratio below threshold (connection struggling) (success_ratio = 1.000, threshold = 0.500)"},"filename":"D:\\a\\xet-core\\xet-core\\xet_client\\src\\cas_client\\adaptive_concurrency\\controller.rs","line_number":581}
{"timestamp":"2026-07-31T15:20:10.165167Z","level":"INFO","fields":{"message":"Concurrency control for download: Decreased concurrency from 1 to 1; reason: success ratio below threshold (connection struggling) (success_ratio = 1.000, threshold = 0.500)"},"filename":"D:\\a\\xet-core\\xet-core\\xet_client\\src\\cas_client\\adaptive_concurrency\\controller.rs","line_number":581}
{"timestamp":"2026-07-31T15:20:10.670544Z","level":"INFO","fields":{"message":"Concurrency control for download: Decreased concurrency from 1 to 1; reason: success ratio below threshold (connection struggling) (success_ratio = 1.000, threshold = 0.500)"},"filename":"D:\\a\\xet-core\\xet-core\\xet_client\\src\\cas_client\\adaptive_concurrency\\controller.rs","line_number":581}
{"timestamp":"2026-07-31T15:20:11.192770Z","level":"INFO","fields":{"message":"Concurrency control for download: Decreased concurrency from 1 to 1; reason: success ratio below threshold (connection struggling) (success_ratio = 1.000, threshold = 0.500)"},"filename":"D:\\a\\xet-core\\xet-core\\xet_client\\src\\cas_client\\adaptive_concurrency\\controller.rs","line_number":581}
{"timestamp":"2026-07-31T15:20:11.698747Z","level":"INFO","fields":{"message":"Concurrency control for download: Decreased concurrency from 1 to 1; reason: success ratio below threshold (connection struggling) (success_ratio = 1.000, threshold = 0.500)"},"filename":"D:\\a\\xet-core\\xet-core\\xet_client\\src\\cas_client\\adaptive_concurrency\\controller.rs","line_number":581}
{"timestamp":"2026-07-31T15:20:12.201446Z","level":"INFO","fields":{"message":"Concurrency control for download: Decreased concurrency from 1 to 1; reason: success ratio below threshold (connection struggling) (success_ratio = 1.000, threshold = 0.500)"},"filename":"D:\\a\\xet-core\\xet-core\\xet_client\\src\\cas_client\\adaptive_concurrency\\controller.rs","line_number":581}
{"timestamp":"2026-07-31T15:20:12.733427Z","level":"INFO","fields":{"message":"Concurrency control for download: Decreased concurrency from 1 to 1; reason: success ratio below threshold (connection struggling) (success_ratio = 1.000, threshold = 0.500)"},"filename":"D:\\a\\xet-core\\xet-core\\xet_client\\src\\cas_client\\adaptive_concurrency\\controller.rs","line_number":581}
{"timestamp":"2026-07-31T15:20:13.272186Z","level":"INFO","fields":{"message":"Concurrency control for download: Decreased concurrency from 1 to 1; reason: success ratio below threshold (connection struggling) (success_ratio = 1.000, threshold = 0.500)"},"filename":"D:\\a\\xet-core\\xet-core\\xet_client\\src\\cas_client\\adaptive_concurrency\\controller.rs","line_number":581}
{"timestamp":"2026-07-31T15:20:13.824679Z","level":"INFO","fields":{"message":"Concurrency control for download: Decreased concurrency from 1 to 1; reason: success ratio below threshold (connection struggling) (success_ratio = 1.000, threshold = 0.500)"},"filename":"D:\\a\\xet-core\\xet-core\\xet_client\\src\\cas_client\\adaptive_concurrency\\controller.rs","line_number":581}
{"timestamp":"2026-07-31T15:20:14.024813Z","level":"INFO","fields":{"message":"Concurrency control for download: Current concurrency = 1; predicted bandwidth = 22086; success_ratio = 1.000; reference_size = 8.6MB; observed bytes sent so far = 563948186; completed transmissions = 160"},"filename":"D:\\a\\xet-core\\xet-core\\xet_client\\src\\cas_client\\adaptive_concurrency\\controller.rs","line_number":597}
{"timestamp":"2026-07-31T15:20:14.331467Z","level":"INFO","fields":{"message":"Concurrency control for download: Decreased concurrency from 1 to 1; reason: success ratio below threshold (connection struggling) (success_ratio = 1.000, threshold = 0.500)"},"filename":"D:\\a\\xet-core\\xet-core\\xet_client\\src\\cas_client\\adaptive_concurrency\\controller.rs","line_number":581}
{"timestamp":"2026-07-31T15:20:14.883022Z","level":"INFO","fields":{"message":"Concurrency control for download: Decreased concurrency from 1 to 1; reason: success ratio below threshold (connection struggling) (success_ratio = 1.000, threshold = 0.500)"},"filename":"D:\\a\\xet-core\\xet-core\\xet_client\\src\\cas_client\\adaptive_concurrency\\controller.rs","line_number":581}
{"timestamp":"2026-07-31T15:20:15.407985Z","level":"INFO","fields":{"message":"Concurrency control for download: Decreased concurrency from 1 to 1; reason: success ratio below threshold (connection struggling) (success_ratio = 1.000, threshold = 0.500)"},"filename":"D:\\a\\xet-core\\xet-core\\xet_client\\src\\cas_client\\adaptive_concurrency\\controller.rs","line_number":581}
{"timestamp":"2026-07-31T15:20:15.931339Z","level":"INFO","fields":{"message":"Concurrency control for download: Decreased concurrency from 1 to 1; reason: success ratio below threshold (connection struggling) (success_ratio = 1.000, threshold = 0.500)"},"filename":"D:\\a\\xet-core\\xet-core\\xet_client\\src\\cas_client\\adaptive_concurrency\\controller.rs","line_number":581}
{"timestamp":"2026-07-31T15:20:16.445196Z","level":"INFO","fields":{"message":"Concurrency control for download: Decreased concurrency from 1 to 1; reason: success ratio below threshold (connection struggling) (success_ratio = 1.000, threshold = 0.500)"},"filename":"D:\\a\\xet-core\\xet-core\\xet_client\\src\\cas_client\\adaptive_concurrency\\controller.rs","line_number":581}
{"timestamp":"2026-07-31T15:20:16.986014Z","level":"INFO","fields":{"message":"Concurrency control for download: Decreased concurrency from 1 to 1; reason: success ratio below threshold (connection struggling) (success_ratio = 1.000, threshold = 0.500)"},"filename":"D:\\a\\xet-core\\xet-core\\xet_client\\src\\cas_client\\adaptive_concurrency\\controller.rs","line_number":581}
{"timestamp":"2026-07-31T15:20:17.488375Z","level":"INFO","fields":{"message":"Concurrency control for download: Decreased concurrency from 1 to 1; reason: success ratio below threshold (connection struggling) (success_ratio = 1.000, threshold = 0.500)"},"filename":"D:\\a\\xet-core\\xet-core\\xet_client\\src\\cas_client\\adaptive_concurrency\\controller.rs","line_number":581}
{"timestamp":"2026-07-31T15:20:18.030126Z","level":"INFO","fields":{"message":"Concurrency control for download: Decreased concurrency from 1 to 1; reason: success ratio below threshold (connection struggling) (success_ratio = 1.000, threshold = 0.500)"},"filename":"D:\\a\\xet-core\\xet-core\\xet_client\\src\\cas_client\\adaptive_concurrency\\controller.rs","line_number":581}
{"timestamp":"2026-07-31T15:20:18.533801Z","level":"INFO","fields":{"message":"Concurrency control for download: Decreased concurrency from 1 to 1; reason: success ratio below threshold (connection struggling) (success_ratio = 1.000, threshold = 0.500)"},"filename":"D:\\a\\xet-core\\xet-core\\xet_client\\src\\cas_client\\adaptive_concurrency\\controller.rs","line_number":581}
{"timestamp":"2026-07-31T15:20:19.035817Z","level":"INFO","fields":{"message":"Concurrency control for download: Decreased concurrency from 1 to 1; reason: success ratio below threshold (connection struggling) (success_ratio = 1.000, threshold = 0.500)"},"filename":"D:\\a\\xet-core\\xet-core\\xet_client\\src\\cas_client\\adaptive_concurrency\\controller.rs","line_number":581}
{"timestamp":"2026-07-31T15:20:19.570956Z","level":"INFO","fields":{"message":"Concurrency control for download: Decreased concurrency from 1 to 1; reason: success ratio below threshold (connection struggling) (success_ratio = 1.000, threshold = 0.500)"},"filename":"D:\\a\\xet-core\\xet-core\\xet_client\\src\\cas_client\\adaptive_concurrency\\controller.rs","line_number":581}
{"timestamp":"2026-07-31T15:20:20.087443Z","level":"INFO","fields":{"message":"Concurrency control for download: Decreased concurrency from 1 to 1; reason: success ratio below threshold (connection struggling) (success_ratio = 1.000, threshold = 0.500)"},"filename":"D:\\a\\xet-core\\xet-core\\xet_client\\src\\cas_client\\adaptive_concurrency\\controller.rs","line_number":581}
{"timestamp":"2026-07-31T15:20:20.597977Z","level":"INFO","fields":{"message":"Concurrency control for download: Decreased concurrency from 1 to 1; reason: success ratio below threshold (connection struggling) (success_ratio = 1.000, threshold = 0.500)"},"filename":"D:\\a\\xet-core\\xet-core\\xet_client\\src\\cas_client\\adaptive_concurrency\\controller.rs","line_number":581}
{"timestamp":"2026-07-31T15:20:21.102095Z","level":"INFO","fields":{"message":"Concurrency control for download: Decreased concurrency from 1 to 1; reason: success ratio below threshold (connection struggling) (success_ratio = 1.000, threshold = 0.500)"},"filename":"D:\\a\\xet-core\\xet-core\\xet_client\\src\\cas_client\\adaptive_concurrency\\controller.rs","line_number":581}
{"timestamp":"2026-07-31T15:20:21.758383Z","level":"INFO","fields":{"message":"Concurrency control for download: Decreased concurrency from 1 to 1; reason: success ratio below threshold (connection struggling) (success_ratio = 1.000, threshold = 0.500)"},"filename":"D:\\a\\xet-core\\xet-core\\xet_client\\src\\cas_client\\adaptive_concurrency\\controller.rs","line_number":581}
{"timestamp":"2026-07-31T15:20:22.562146Z","level":"INFO","fields":{"message":"Concurrency control for download: Decreased concurrency from 1 to 1; reason: success ratio below threshold (connection struggling) (success_ratio = 1.000, threshold = 0.500)"},"filename":"D:\\a\\xet-core\\xet-core\\xet_client\\src\\cas_client\\adaptive_concurrency\\controller.rs","line_number":581}
{"timestamp":"2026-07-31T15:20:23.105339Z","level":"INFO","fields":{"message":"Concurrency control for download: Decreased concurrency from 1 to 1; reason: success ratio below threshold (connection struggling) (success_ratio = 1.000, threshold = 0.500)"},"filename":"D:\\a\\xet-core\\xet-core\\xet_client\\src\\cas_client\\adaptive_concurrency\\controller.rs","line_number":581}
{"timestamp":"2026-07-31T15:20:23.742286Z","level":"INFO","fields":{"message":"Concurrency control for download: Decreased concurrency from 1 to 1; reason: success ratio below threshold (connection struggling) (success_ratio = 1.000, threshold = 0.500)"},"filename":"D:\\a\\xet-core\\xet-core\\xet_client\\src\\cas_client\\adaptive_concurrency\\controller.rs","line_number":581}
{"timestamp":"2026-07-31T15:20:24.025346Z","level":"INFO","fields":{"message":"Concurrency control for download: Current concurrency = 1; predicted bandwidth = 21681; success_ratio = 1.000; reference_size = 9.6MB; observed bytes sent so far = 573724027; completed transmissions = 161"},"filename":"D:\\a\\xet-core\\xet-core\\xet_client\\src\\cas_client\\adaptive_concurrency\\controller.rs","line_number":597}
{"timestamp":"2026-07-31T15:20:24.631617Z","level":"INFO","fields":{"message":"Concurrency control for download: Decreased concurrency from 1 to 1; reason: success ratio below threshold (connection struggling) (success_ratio = 1.000, threshold = 0.500)"},"filename":"D:\\a\\xet-core\\xet-core\\xet_client\\src\\cas_client\\adaptive_concurrency\\controller.rs","line_number":581}
{"timestamp":"2026-07-31T15:20:25.167925Z","level":"INFO","fields":{"message":"Concurrency control for download: Decreased concurrency from 1 to 1; reason: success ratio below threshold (connection struggling) (success_ratio = 1.000, threshold = 0.500)"},"filename":"D:\\a\\xet-core\\xet-core\\xet_client\\src\\cas_client\\adaptive_concurrency\\controller.rs","line_number":581}
{"timestamp":"2026-07-31T15:20:25.700652Z","level":"INFO","fields":{"message":"Concurrency control for download: Decreased concurrency from 1 to 1; reason: success ratio below threshold (connection struggling) (success_ratio = 1.000, threshold = 0.500)"},"filename":"D:\\a\\xet-core\\xet-core\\xet_client\\src\\cas_client\\adaptive_concurrency\\controller.rs","line_number":581}
{"timestamp":"2026-07-31T15:20:27.737983Z","level":"INFO","fields":{"message":"Concurrency control for download: Decreased concurrency from 1 to 1; reason: success ratio below threshold (connection struggling) (success_ratio = 1.000, threshold = 0.500)"},"filename":"D:\\a\\xet-core\\xet-core\\xet_client\\src\\cas_client\\adaptive_concurrency\\controller.rs","line_number":581}
{"timestamp":"2026-07-31T15:20:28.240445Z","level":"INFO","fields":{"message":"Concurrency control for download: Decreased concurrency from 1 to 1; reason: success ratio below threshold (connection struggling) (success_ratio = 1.000, threshold = 0.500)"},"filename":"D:\\a\\xet-core\\xet-core\\xet_client\\src\\cas_client\\adaptive_concurrency\\controller.rs","line_number":581}
{"timestamp":"2026-07-31T15:20:28.743542Z","level":"INFO","fields":{"message":"Concurrency control for download: Decreased concurrency from 1 to 1; reason: success ratio below threshold (connection struggling) (success_ratio = 1.000, threshold = 0.500)"},"filename":"D:\\a\\xet-core\\xet-core\\xet_client\\src\\cas_client\\adaptive_concurrency\\controller.rs","line_number":581}
{"timestamp":"2026-07-31T15:20:29.310473Z","level":"INFO","fields":{"message":"Concurrency control for download: Decreased concurrency from 1 to 1; reason: success ratio below threshold (connection struggling) (success_ratio = 1.000, threshold = 0.500)"},"filename":"D:\\a\\xet-core\\xet-core\\xet_client\\src\\cas_client\\adaptive_concurrency\\controller.rs","line_number":581}
{"timestamp":"2026-07-31T15:20:29.872572Z","level":"INFO","fields":{"message":"Concurrency control for download: Decreased concurrency from 1 to 1; reason: success ratio below threshold (connection struggling) (success_ratio = 1.000, threshold = 0.500)"},"filename":"D:\\a\\xet-core\\xet-core\\xet_client\\src\\cas_client\\adaptive_concurrency\\controller.rs","line_number":581}
{"timestamp":"2026-07-31T15:20:30.407457Z","level":"INFO","fields":{"message":"Concurrency control for download: Decreased concurrency from 1 to 1; reason: success ratio below threshold (connection struggling) (success_ratio = 1.000, threshold = 0.500)"},"filename":"D:\\a\\xet-core\\xet-core\\xet_client\\src\\cas_client\\adaptive_concurrency\\controller.rs","line_number":581}
{"timestamp":"2026-07-31T15:20:31.743153Z","level":"INFO","fields":{"message":"Concurrency control for download: Decreased concurrency from 1 to 1; reason: success ratio below threshold (connection struggling) (success_ratio = 1.000, threshold = 0.500)"},"filename":"D:\\a\\xet-core\\xet-core\\xet_client\\src\\cas_client\\adaptive_concurrency\\controller.rs","line_number":581}
{"timestamp":"2026-07-31T15:20:32.581305Z","level":"INFO","fields":{"message":"Concurrency control for download: Decreased concurrency from 1 to 1; reason: success ratio below threshold (connection struggling) (success_ratio = 1.000, threshold = 0.500)"},"filename":"D:\\a\\xet-core\\xet-core\\xet_client\\src\\cas_client\\adaptive_concurrency\\controller.rs","line_number":581}
{"timestamp":"2026-07-31T15:20:33.134369Z","level":"INFO","fields":{"message":"Concurrency control for download: Decreased concurrency from 1 to 1; reason: success ratio below threshold (connection struggling) (success_ratio = 1.000, threshold = 0.500)"},"filename":"D:\\a\\xet-core\\xet-core\\xet_client\\src\\cas_client\\adaptive_concurrency\\controller.rs","line_number":581}
{"timestamp":"2026-07-31T15:20:33.681540Z","level":"INFO","fields":{"message":"Concurrency control for download: Decreased concurrency from 1 to 1; reason: success ratio below threshold (connection struggling) (success_ratio = 1.000, threshold = 0.500)"},"filename":"D:\\a\\xet-core\\xet-core\\xet_client\\src\\cas_client\\adaptive_concurrency\\controller.rs","line_number":581}
{"timestamp":"2026-07-31T15:20:34.049111Z","level":"INFO","fields":{"message":"Concurrency control for download: Current concurrency = 1; predicted bandwidth = 18432; success_ratio = 1.000; reference_size = 9.6MB; observed bytes sent so far = 577656187; completed transmissions = 161"},"filename":"D:\\a\\xet-core\\xet-core\\xet_client\\src\\cas_client\\adaptive_concurrency\\controller.rs","line_number":597}
{"timestamp":"2026-07-31T15:20:34.186883Z","level":"INFO","fields":{"message":"Concurrency control for download: Decreased concurrency from 1 to 1; reason: success ratio below threshold (connection struggling) (success_ratio = 1.000, threshold = 0.500)"},"filename":"D:\\a\\xet-core\\xet-core\\xet_client\\src\\cas_client\\adaptive_concurrency\\controller.rs","line_number":581}
{"timestamp":"2026-07-31T15:20:34.711103Z","level":"INFO","fields":{"message":"Concurrency control for download: Decreased concurrency from 1 to 1; reason: success ratio below threshold (connection struggling) (success_ratio = 1.000, threshold = 0.500)"},"filename":"D:\\a\\xet-core\\xet-core\\xet_client\\src\\cas_client\\adaptive_concurrency\\controller.rs","line_number":581}
{"timestamp":"2026-07-31T15:20:35.278406Z","level":"INFO","fields":{"message":"Concurrency control for download: Decreased concurrency from 1 to 1; reason: success ratio below threshold (connection struggling) (success_ratio = 1.000, threshold = 0.500)"},"filename":"D:\\a\\xet-core\\xet-core\\xet_client\\src\\cas_client\\adaptive_concurrency\\controller.rs","line_number":581}
{"timestamp":"2026-07-31T15:20:35.795966Z","level":"INFO","fields":{"message":"Concurrency control for download: Decreased concurrency from 1 to 1; reason: success ratio below threshold (connection struggling) (success_ratio = 1.000, threshold = 0.500)"},"filename":"D:\\a\\xet-core\\xet-core\\xet_client\\src\\cas_client\\adaptive_concurrency\\controller.rs","line_number":581}
{"timestamp":"2026-07-31T15:20:36.387646Z","level":"INFO","fields":{"message":"Concurrency control for download: Decreased concurrency from 1 to 1; reason: success ratio below threshold (connection struggling) (success_ratio = 1.000, threshold = 0.500)"},"filename":"D:\\a\\xet-core\\xet-core\\xet_client\\src\\cas_client\\adaptive_concurrency\\controller.rs","line_number":581}
{"timestamp":"2026-07-31T15:20:36.891725Z","level":"INFO","fields":{"message":"Concurrency control for download: Decreased concurrency from 1 to 1; reason: success ratio below threshold (connection struggling) (success_ratio = 1.000, threshold = 0.500)"},"filename":"D:\\a\\xet-core\\xet-core\\xet_client\\src\\cas_client\\adaptive_concurrency\\controller.rs","line_number":581}
{"timestamp":"2026-07-31T15:20:37.401500Z","level":"INFO","fields":{"message":"Concurrency control for download: Decreased concurrency from 1 to 1; reason: success ratio below threshold (connection struggling) (success_ratio = 1.000, threshold = 0.500)"},"filename":"D:\\a\\xet-core\\xet-core\\xet_client\\src\\cas_client\\adaptive_concurrency\\controller.rs","line_number":581}
{"timestamp":"2026-07-31T15:20:37.929482Z","level":"INFO","fields":{"message":"Concurrency control for download: Decreased concurrency from 1 to 1; reason: success ratio below threshold (connection struggling) (success_ratio = 1.000, threshold = 0.500)"},"filename":"D:\\a\\xet-core\\xet-core\\xet_client\\src\\cas_client\\adaptive_concurrency\\controller.rs","line_number":581}
{"timestamp":"2026-07-31T15:20:38.736031Z","level":"INFO","fields":{"message":"Concurrency control for download: Decreased concurrency from 1 to 1; reason: success ratio below threshold (connection struggling) (success_ratio = 1.000, threshold = 0.500)"},"filename":"D:\\a\\xet-core\\xet-core\\xet_client\\src\\cas_client\\adaptive_concurrency\\controller.rs","line_number":581}
{"timestamp":"2026-07-31T15:20:39.266229Z","level":"INFO","fields":{"message":"Concurrency control for download: Decreased concurrency from 1 to 1; reason: success ratio below threshold (connection struggling) (success_ratio = 1.000, threshold = 0.500)"},"filename":"D:\\a\\xet-core\\xet-core\\xet_client\\src\\cas_client\\adaptive_concurrency\\controller.rs","line_number":581}
{"timestamp":"2026-07-31T15:20:39.773658Z","level":"INFO","fields":{"message":"Concurrency control for download: Decreased concurrency from 1 to 1; reason: success ratio below threshold (connection struggling) (success_ratio = 1.000, threshold = 0.500)"},"filename":"D:\\a\\xet-core\\xet-core\\xet_client\\src\\cas_client\\adaptive_concurrency\\controller.rs","line_number":581}
{"timestamp":"2026-07-31T15:20:40.286357Z","level":"INFO","fields":{"message":"Concurrency control for download: Decreased concurrency from 1 to 1; reason: success ratio below threshold (connection struggling) (success_ratio = 1.000, threshold = 0.500)"},"filename":"D:\\a\\xet-core\\xet-core\\xet_client\\src\\cas_client\\adaptive_concurrency\\controller.rs","line_number":581}
{"timestamp":"2026-07-31T15:20:40.861765Z","level":"INFO","fields":{"message":"Concurrency control for download: Decreased concurrency from 1 to 1; reason: success ratio below threshold (connection struggling) (success_ratio = 1.000, threshold = 0.500)"},"filename":"D:\\a\\xet-core\\xet-core\\xet_client\\src\\cas_client\\adaptive_concurrency\\controller.rs","line_number":581}
{"timestamp":"2026-07-31T15:20:41.405150Z","level":"INFO","fields":{"message":"Concurrency control for download: Decreased concurrency from 1 to 1; reason: success ratio below threshold (connection struggling) (success_ratio = 1.000, threshold = 0.500)"},"filename":"D:\\a\\xet-core\\xet-core\\xet_client\\src\\cas_client\\adaptive_concurrency\\controller.rs","line_number":581}
{"timestamp":"2026-07-31T15:20:41.947091Z","level":"INFO","fields":{"message":"Concurrency control for download: Decreased concurrency from 1 to 1; reason: success ratio below threshold (connection struggling) (success_ratio = 1.000, threshold = 0.500)"},"filename":"D:\\a\\xet-core\\xet-core\\xet_client\\src\\cas_client\\adaptive_concurrency\\controller.rs","line_number":581}
{"timestamp":"2026-07-31T15:20:42.452645Z","level":"INFO","fields":{"message":"Concurrency control for download: Decreased concurrency from 1 to 1; reason: success ratio below threshold (connection struggling) (success_ratio = 1.000, threshold = 0.500)"},"filename":"D:\\a\\xet-core\\xet-core\\xet_client\\src\\cas_client\\adaptive_concurrency\\controller.rs","line_number":581}
{"timestamp":"2026-07-31T15:20:43.489129Z","level":"INFO","fields":{"message":"Concurrency control for download: Decreased concurrency from 1 to 1; reason: success ratio below threshold (connection struggling) (success_ratio = 1.000, threshold = 0.500)"},"filename":"D:\\a\\xet-core\\xet-core\\xet_client\\src\\cas_client\\adaptive_concurrency\\controller.rs","line_number":581}
{"timestamp":"2026-07-31T15:20:44.054373Z","level":"INFO","fields":{"message":"Concurrency control for download: Decreased concurrency from 1 to 1; reason: success ratio below threshold (connection struggling) (success_ratio = 1.000, threshold = 0.500)"},"filename":"D:\\a\\xet-core\\xet-core\\xet_client\\src\\cas_client\\adaptive_concurrency\\controller.rs","line_number":581}
{"timestamp":"2026-07-31T15:20:44.054422Z","level":"INFO","fields":{"message":"Concurrency control for download: Current concurrency = 1; predicted bandwidth = 17754; success_ratio = 1.000; reference_size = 9.6MB; observed bytes sent so far = 583112059; completed transmissions = 161"},"filename":"D:\\a\\xet-core\\xet-core\\xet_client\\src\\cas_client\\adaptive_concurrency\\controller.rs","line_number":597}
{"timestamp":"2026-07-31T15:20:44.587582Z","level":"INFO","fields":{"message":"Concurrency control for download: Decreased concurrency from 1 to 1; reason: success ratio below threshold (connection struggling) (success_ratio = 1.000, threshold = 0.500)"},"filename":"D:\\a\\xet-core\\xet-core\\xet_client\\src\\cas_client\\adaptive_concurrency\\controller.rs","line_number":581}
{"timestamp":"2026-07-31T15:20:45.105357Z","level":"INFO","fields":{"message":"Concurrency control for download: Decreased concurrency from 1 to 1; reason: success ratio below threshold (connection struggling) (success_ratio = 1.000, threshold = 0.500)"},"filename":"D:\\a\\xet-core\\xet-core\\xet_client\\src\\cas_client\\adaptive_concurrency\\controller.rs","line_number":581}
{"timestamp":"2026-07-31T15:20:45.624386Z","level":"INFO","fields":{"message":"Concurrency control for download: Decreased concurrency from 1 to 1; reason: success ratio below threshold (connection struggling) (success_ratio = 1.000, threshold = 0.500)"},"filename":"D:\\a\\xet-core\\xet-core\\xet_client\\src\\cas_client\\adaptive_concurrency\\controller.rs","line_number":581}
{"timestamp":"2026-07-31T15:20:46.149713Z","level":"INFO","fields":{"message":"Concurrency control for download: Decreased concurrency from 1 to 1; reason: success ratio below threshold (connection struggling) (success_ratio = 1.000, threshold = 0.500)"},"filename":"D:\\a\\xet-core\\xet-core\\xet_client\\src\\cas_client\\adaptive_concurrency\\controller.rs","line_number":581}
{"timestamp":"2026-07-31T15:20:46.662067Z","level":"INFO","fields":{"message":"Concurrency control for download: Decreased concurrency from 1 to 1; reason: success ratio below threshold (connection struggling) (success_ratio = 1.000, threshold = 0.500)"},"filename":"D:\\a\\xet-core\\xet-core\\xet_client\\src\\cas_client\\adaptive_concurrency\\controller.rs","line_number":581}
{"timestamp":"2026-07-31T15:20:47.162912Z","level":"INFO","fields":{"message":"Concurrency control for download: Decreased concurrency from 1 to 1; reason: success ratio below threshold (connection struggling) (success_ratio = 1.000, threshold = 0.500)"},"filename":"D:\\a\\xet-core\\xet-core\\xet_client\\src\\cas_client\\adaptive_concurrency\\controller.rs","line_number":581}
{"timestamp":"2026-07-31T15:20:47.687025Z","level":"INFO","fields":{"message":"Concurrency control for download: Decreased concurrency from 1 to 1; reason: success ratio below threshold (connection struggling) (success_ratio = 1.000, threshold = 0.500)"},"filename":"D:\\a\\xet-core\\xet-core\\xet_client\\src\\cas_client\\adaptive_concurrency\\controller.rs","line_number":581}
{"timestamp":"2026-07-31T15:20:48.464186Z","level":"INFO","fields":{"message":"Concurrency control for download: Decreased concurrency from 1 to 1; reason: success ratio below threshold (connection struggling) (success_ratio = 1.000, threshold = 0.500)"},"filename":"D:\\a\\xet-core\\xet-core\\xet_client\\src\\cas_client\\adaptive_concurrency\\controller.rs","line_number":581}
{"timestamp":"2026-07-31T15:20:49.004342Z","level":"INFO","fields":{"message":"Concurrency control for download: Decreased concurrency from 1 to 1; reason: success ratio below threshold (connection struggling) (success_ratio = 1.000, threshold = 0.500)"},"filename":"D:\\a\\xet-core\\xet-core\\xet_client\\src\\cas_client\\adaptive_concurrency\\controller.rs","line_number":581}
{"timestamp":"2026-07-31T15:20:49.521060Z","level":"INFO","fields":{"message":"Concurrency control for download: Decreased concurrency from 1 to 1; reason: success ratio below threshold (connection struggling) (success_ratio = 1.000, threshold = 0.500)"},"filename":"D:\\a\\xet-core\\xet-core\\xet_client\\src\\cas_client\\adaptive_concurrency\\controller.rs","line_number":581}
{"timestamp":"2026-07-31T15:20:50.046764Z","level":"INFO","fields":{"message":"Concurrency control for download: Decreased concurrency from 1 to 1; reason: success ratio below threshold (connection struggling) (success_ratio = 1.000, threshold = 0.500)"},"filename":"D:\\a\\xet-core\\xet-core\\xet_client\\src\\cas_client\\adaptive_concurrency\\controller.rs","line_number":581}
{"timestamp":"2026-07-31T15:20:50.583086Z","level":"INFO","fields":{"message":"Concurrency control for download: Decreased concurrency from 1 to 1; reason: success ratio below threshold (connection struggling) (success_ratio = 1.000, threshold = 0.500)"},"filename":"D:\\a\\xet-core\\xet-core\\xet_client\\src\\cas_client\\adaptive_concurrency\\controller.rs","line_number":581}
{"timestamp":"2026-07-31T15:20:51.100190Z","level":"INFO","fields":{"message":"Concurrency control for download: Decreased concurrency from 1 to 1; reason: success ratio below threshold (connection struggling) (success_ratio = 1.000, threshold = 0.500)"},"filename":"D:\\a\\xet-core\\xet-core\\xet_client\\src\\cas_client\\adaptive_concurrency\\controller.rs","line_number":581}
{"timestamp":"2026-07-31T15:20:51.680251Z","level":"INFO","fields":{"message":"Concurrency control for download: Decreased concurrency from 1 to 1; reason: success ratio below threshold (connection struggling) (success_ratio = 1.000, threshold = 0.500)"},"filename":"D:\\a\\xet-core\\xet-core\\xet_client\\src\\cas_client\\adaptive_concurrency\\controller.rs","line_number":581}
{"timestamp":"2026-07-31T15:20:52.183022Z","level":"INFO","fields":{"message":"Concurrency control for download: Decreased concurrency from 1 to 1; reason: success ratio below threshold (connection struggling) (success_ratio = 1.000, threshold = 0.500)"},"filename":"D:\\a\\xet-core\\xet-core\\xet_client\\src\\cas_client\\adaptive_concurrency\\controller.rs","line_number":581}
{"timestamp":"2026-07-31T15:20:52.715732Z","level":"INFO","fields":{"message":"Concurrency control for download: Decreased concurrency from 1 to 1; reason: success ratio below threshold (connection struggling) (success_ratio = 1.000, threshold = 0.500)"},"filename":"D:\\a\\xet-core\\xet-core\\xet_client\\src\\cas_client\\adaptive_concurrency\\controller.rs","line_number":581}
{"timestamp":"2026-07-31T15:20:53.231235Z","level":"INFO","fields":{"message":"Concurrency control for download: Decreased concurrency from 1 to 1; reason: success ratio below threshold (connection struggling) (success_ratio = 1.000, threshold = 0.500)"},"filename":"D:\\a\\xet-core\\xet-core\\xet_client\\src\\cas_client\\adaptive_concurrency\\controller.rs","line_number":581}
{"timestamp":"2026-07-31T15:20:53.732206Z","level":"INFO","fields":{"message":"Concurrency control for download: Decreased concurrency from 1 to 1; reason: success ratio below threshold (connection struggling) (success_ratio = 1.000, threshold = 0.500)"},"filename":"D:\\a\\xet-core\\xet-core\\xet_client\\src\\cas_client\\adaptive_concurrency\\controller.rs","line_number":581}
{"timestamp":"2026-07-31T15:20:54.097295Z","level":"INFO","fields":{"message":"Concurrency control for download: Current concurrency = 1; predicted bandwidth = 17310; success_ratio = 1.000; reference_size = 11.5MB; observed bytes sent so far = 594223357; completed transmissions = 163"},"filename":"D:\\a\\xet-core\\xet-core\\xet_client\\src\\cas_client\\adaptive_concurrency\\controller.rs","line_number":597}
{"timestamp":"2026-07-31T15:20:54.235059Z","level":"INFO","fields":{"message":"Concurrency control for download: Decreased concurrency from 1 to 1; reason: success ratio below threshold (connection struggling) (success_ratio = 1.000, threshold = 0.500)"},"filename":"D:\\a\\xet-core\\xet-core\\xet_client\\src\\cas_client\\adaptive_concurrency\\controller.rs","line_number":581}
{"timestamp":"2026-07-31T15:20:54.738360Z","level":"INFO","fields":{"message":"Concurrency control for download: Decreased concurrency from 1 to 1; reason: success ratio below threshold (connection struggling) (success_ratio = 1.000, threshold = 0.500)"},"filename":"D:\\a\\xet-core\\xet-core\\xet_client\\src\\cas_client\\adaptive_concurrency\\controller.rs","line_number":581}
{"timestamp":"2026-07-31T15:20:55.264760Z","level":"INFO","fields":{"message":"Concurrency control for download: Decreased concurrency from 1 to 1; reason: success ratio below threshold (connection struggling) (success_ratio = 1.000, threshold = 0.500)"},"filename":"D:\\a\\xet-core\\xet-core\\xet_client\\src\\cas_client\\adaptive_concurrency\\controller.rs","line_number":581}
{"timestamp":"2026-07-31T15:20:55.774976Z","level":"INFO","fields":{"message":"Concurrency control for download: Decreased concurrency from 1 to 1; reason: success ratio below threshold (connection struggling) (success_ratio = 1.000, threshold = 0.500)"},"filename":"D:\\a\\xet-core\\xet-core\\xet_client\\src\\cas_client\\adaptive_concurrency\\controller.rs","line_number":581}
{"timestamp":"2026-07-31T15:20:56.280500Z","level":"INFO","fields":{"message":"Concurrency control for download: Decreased concurrency from 1 to 1; reason: success ratio below threshold (connection struggling) (success_ratio = 1.000, threshold = 0.500)"},"filename":"D:\\a\\xet-core\\xet-core\\xet_client\\src\\cas_client\\adaptive_concurrency\\controller.rs","line_number":581}
{"timestamp":"2026-07-31T15:20:57.137547Z","level":"INFO","fields":{"message":"Concurrency control for download: Decreased concurrency from 1 to 1; reason: success ratio below threshold (connection struggling) (success_ratio = 1.000, threshold = 0.500)"},"filename":"D:\\a\\xet-core\\xet-core\\xet_client\\src\\cas_client\\adaptive_concurrency\\controller.rs","line_number":581}
{"timestamp":"2026-07-31T15:20:57.653538Z","level":"INFO","fields":{"message":"Concurrency control for download: Decreased concurrency from 1 to 1; reason: success ratio below threshold (connection struggling) (success_ratio = 1.000, threshold = 0.500)"},"filename":"D:\\a\\xet-core\\xet-core\\xet_client\\src\\cas_client\\adaptive_concurrency\\controller.rs","line_number":581}
{"timestamp":"2026-07-31T15:20:58.168249Z","level":"INFO","fields":{"message":"Concurrency control for download: Decreased concurrency from 1 to 1; reason: success ratio below threshold (connection struggling) (success_ratio = 1.000, threshold = 0.500)"},"filename":"D:\\a\\xet-core\\xet-core\\xet_client\\src\\cas_client\\adaptive_concurrency\\controller.rs","line_number":581}
{"timestamp":"2026-07-31T15:20:58.671799Z","level":"INFO","fields":{"message":"Concurrency control for download: Decreased concurrency from 1 to 1; reason: success ratio below threshold (connection struggling) (success_ratio = 1.000, threshold = 0.500)"},"filename":"D:\\a\\xet-core\\xet-core\\xet_client\\src\\cas_client\\adaptive_concurrency\\controller.rs","line_number":581}
{"timestamp":"2026-07-31T15:20:59.176446Z","level":"INFO","fields":{"message":"Concurrency control for download: Decreased concurrency from 1 to 1; reason: success ratio below threshold (connection struggling) (success_ratio = 1.000, threshold = 0.500)"},"filename":"D:\\a\\xet-core\\xet-core\\xet_client\\src\\cas_client\\adaptive_concurrency\\controller.rs","line_number":581}
{"timestamp":"2026-07-31T15:20:59.680126Z","level":"INFO","fields":{"message":"Concurrency control for download: Decreased concurrency from 1 to 1; reason: success ratio below threshold (connection struggling) (success_ratio = 1.000, threshold = 0.500)"},"filename":"D:\\a\\xet-core\\xet-core\\xet_client\\src\\cas_client\\adaptive_concurrency\\controller.rs","line_number":581}
{"timestamp":"2026-07-31T15:21:00.186102Z","level":"INFO","fields":{"message":"Concurrency control for download: Decreased concurrency from 1 to 1; reason: success ratio below threshold (connection struggling) (success_ratio = 1.000, threshold = 0.500)"},"filename":"D:\\a\\xet-core\\xet-core\\xet_client\\src\\cas_client\\adaptive_concurrency\\controller.rs","line_number":581}
{"timestamp":"2026-07-31T15:21:00.742900Z","level":"INFO","fields":{"message":"Concurrency control for download: Decreased concurrency from 1 to 1; reason: success ratio below threshold (connection struggling) (success_ratio = 1.000, threshold = 0.500)"},"filename":"D:\\a\\xet-core\\xet-core\\xet_client\\src\\cas_client\\adaptive_concurrency\\controller.rs","line_number":581}
{"timestamp":"2026-07-31T15:21:01.252747Z","level":"INFO","fields":{"message":"Concurrency control for download: Decreased concurrency from 1 to 1; reason: success ratio below threshold (connection struggling) (success_ratio = 1.000, threshold = 0.500)"},"filename":"D:\\a\\xet-core\\xet-core\\xet_client\\src\\cas_client\\adaptive_concurrency\\controller.rs","line_number":581}
{"timestamp":"2026-07-31T15:21:01.857603Z","level":"INFO","fields":{"message":"Concurrency control for download: Decreased concurrency from 1 to 1; reason: success ratio below threshold (connection struggling) (success_ratio = 1.000, threshold = 0.500)"},"filename":"D:\\a\\xet-core\\xet-core\\xet_client\\src\\cas_client\\adaptive_concurrency\\controller.rs","line_number":581}
{"timestamp":"2026-07-31T15:21:02.373115Z","level":"INFO","fields":{"message":"Concurrency control for download: Decreased concurrency from 1 to 1; reason: success ratio below threshold (connection struggling) (success_ratio = 1.000, threshold = 0.500)"},"filename":"D:\\a\\xet-core\\xet-core\\xet_client\\src\\cas_client\\adaptive_concurrency\\controller.rs","line_number":581}
{"timestamp":"2026-07-31T15:21:03.261532Z","level":"INFO","fields":{"message":"Concurrency control for download: Decreased concurrency from 1 to 1; reason: success ratio below threshold (connection struggling) (success_ratio = 1.000, threshold = 0.500)"},"filename":"D:\\a\\xet-core\\xet-core\\xet_client\\src\\cas_client\\adaptive_concurrency\\controller.rs","line_number":581}
{"timestamp":"2026-07-31T15:21:03.761811Z","level":"INFO","fields":{"message":"Concurrency control for download: Decreased concurrency from 1 to 1; reason: success ratio below threshold (connection struggling) (success_ratio = 1.000, threshold = 0.500)"},"filename":"D:\\a\\xet-core\\xet-core\\xet_client\\src\\cas_client\\adaptive_concurrency\\controller.rs","line_number":581}
{"timestamp":"2026-07-31T15:21:04.463799Z","level":"INFO","fields":{"message":"Concurrency control for download: Decreased concurrency from 1 to 1; reason: success ratio below threshold (connection struggling) (success_ratio = 1.000, threshold = 0.500)"},"filename":"D:\\a\\xet-core\\xet-core\\xet_client\\src\\cas_client\\adaptive_concurrency\\controller.rs","line_number":581}
{"timestamp":"2026-07-31T15:21:04.463827Z","level":"INFO","fields":{"message":"Concurrency control for download: Current concurrency = 1; predicted bandwidth = 16947; success_ratio = 1.000; reference_size = 11.5MB; observed bytes sent so far = 605446397; completed transmissions = 163"},"filename":"D:\\a\\xet-core\\xet-core\\xet_client\\src\\cas_client\\adaptive_concurrency\\controller.rs","line_number":597}
{"timestamp":"2026-07-31T15:21:05.279915Z","level":"INFO","fields":{"message":"Concurrency control for download: Decreased concurrency from 1 to 1; reason: success ratio below threshold (connection struggling) (success_ratio = 1.000, threshold = 0.500)"},"filename":"D:\\a\\xet-core\\xet-core\\xet_client\\src\\cas_client\\adaptive_concurrency\\controller.rs","line_number":581}
{"timestamp":"2026-07-31T15:21:05.801525Z","level":"INFO","fields":{"message":"Concurrency control for download: Decreased concurrency from 1 to 1; reason: success ratio below threshold (connection struggling) (success_ratio = 1.000, threshold = 0.500)"},"filename":"D:\\a\\xet-core\\xet-core\\xet_client\\src\\cas_client\\adaptive_concurrency\\controller.rs","line_number":581}
{"timestamp":"2026-07-31T15:21:06.338490Z","level":"INFO","fields":{"message":"Concurrency control for download: Decreased concurrency from 1 to 1; reason: success ratio below threshold (connection struggling) (success_ratio = 1.000, threshold = 0.500)"},"filename":"D:\\a\\xet-core\\xet-core\\xet_client\\src\\cas_client\\adaptive_concurrency\\controller.rs","line_number":581}
{"timestamp":"2026-07-31T15:21:06.939962Z","level":"INFO","fields":{"message":"Concurrency control for download: Decreased concurrency from 1 to 1; reason: success ratio below threshold (connection struggling) (success_ratio = 1.000, threshold = 0.500)"},"filename":"D:\\a\\xet-core\\xet-core\\xet_client\\src\\cas_client\\adaptive_concurrency\\controller.rs","line_number":581}
{"timestamp":"2026-07-31T15:21:07.583612Z","level":"INFO","fields":{"message":"Concurrency control for download: Decreased concurrency from 1 to 1; reason: success ratio below threshold (connection struggling) (success_ratio = 1.000, threshold = 0.500)"},"filename":"D:\\a\\xet-core\\xet-core\\xet_client\\src\\cas_client\\adaptive_concurrency\\controller.rs","line_number":581}
{"timestamp":"2026-07-31T15:21:08.463116Z","level":"INFO","fields":{"message":"Concurrency control for download: Decreased concurrency from 1 to 1; reason: success ratio below threshold (connection struggling) (success_ratio = 1.000, threshold = 0.500)"},"filename":"D:\\a\\xet-core\\xet-core\\xet_client\\src\\cas_client\\adaptive_concurrency\\controller.rs","line_number":581}
{"timestamp":"2026-07-31T15:21:09.002840Z","level":"INFO","fields":{"message":"Concurrency control for download: Decreased concurrency from 1 to 1; reason: success ratio below threshold (connection struggling) (success_ratio = 1.000, threshold = 0.500)"},"filename":"D:\\a\\xet-core\\xet-core\\xet_client\\src\\cas_client\\adaptive_concurrency\\controller.rs","line_number":581}
{"timestamp":"2026-07-31T15:21:09.564852Z","level":"INFO","fields":{"message":"Concurrency control for download: Decreased concurrency from 1 to 1; reason: success ratio below threshold (connection struggling) (success_ratio = 1.000, threshold = 0.500)"},"filename":"D:\\a\\xet-core\\xet-core\\xet_client\\src\\cas_client\\adaptive_concurrency\\controller.rs","line_number":581}
{"timestamp":"2026-07-31T15:21:10.073494Z","level":"INFO","fields":{"message":"Concurrency control for download: Decreased concurrency from 1 to 1; reason: success ratio below threshold (connection struggling) (success_ratio = 1.000, threshold = 0.500)"},"filename":"D:\\a\\xet-core\\xet-core\\xet_client\\src\\cas_client\\adaptive_concurrency\\controller.rs","line_number":581}
{"timestamp":"2026-07-31T15:21:10.586540Z","level":"INFO","fields":{"message":"Concurrency control for download: Decreased concurrency from 1 to 1; reason: success ratio below threshold (connection struggling) (success_ratio = 1.000, threshold = 0.500)"},"filename":"D:\\a\\xet-core\\xet-core\\xet_client\\src\\cas_client\\adaptive_concurrency\\controller.rs","line_number":581}
{"timestamp":"2026-07-31T15:21:11.089035Z","level":"INFO","fields":{"message":"Concurrency control for download: Decreased concurrency from 1 to 1; reason: success ratio below threshold (connection struggling) (success_ratio = 1.000, threshold = 0.500)"},"filename":"D:\\a\\xet-core\\xet-core\\xet_client\\src\\cas_client\\adaptive_concurrency\\controller.rs","line_number":581}
{"timestamp":"2026-07-31T15:21:11.592906Z","level":"INFO","fields":{"message":"Concurrency control for download: Decreased concurrency from 1 to 1; reason: success ratio below threshold (connection struggling) (success_ratio = 1.000, threshold = 0.500)"},"filename":"D:\\a\\xet-core\\xet-core\\xet_client\\src\\cas_client\\adaptive_concurrency\\controller.rs","line_number":581}
{"timestamp":"2026-07-31T15:21:12.110479Z","level":"INFO","fields":{"message":"Concurrency control for download: Decreased concurrency from 1 to 1; reason: success ratio below threshold (connection struggling) (success_ratio = 1.000, threshold = 0.500)"},"filename":"D:\\a\\xet-core\\xet-core\\xet_client\\src\\cas_client\\adaptive_concurrency\\controller.rs","line_number":581}
{"timestamp":"2026-07-31T15:21:12.631036Z","level":"INFO","fields":{"message":"Concurrency control for download: Decreased concurrency from 1 to 1; reason: success ratio below threshold (connection struggling) (success_ratio = 1.000, threshold = 0.500)"},"filename":"D:\\a\\xet-core\\xet-core\\xet_client\\src\\cas_client\\adaptive_concurrency\\controller.rs","line_number":581}
{"timestamp":"2026-07-31T15:21:13.140538Z","level":"INFO","fields":{"message":"Concurrency control for download: Decreased concurrency from 1 to 1; reason: success ratio below threshold (connection struggling) (success_ratio = 1.000, threshold = 0.500)"},"filename":"D:\\a\\xet-core\\xet-core\\xet_client\\src\\cas_client\\adaptive_concurrency\\controller.rs","line_number":581}
{"timestamp":"2026-07-31T15:21:13.669828Z","level":"INFO","fields":{"message":"Concurrency control for download: Decreased concurrency from 1 to 1; reason: success ratio below threshold (connection struggling) (success_ratio = 1.000, threshold = 0.500)"},"filename":"D:\\a\\xet-core\\xet-core\\xet_client\\src\\cas_client\\adaptive_concurrency\\controller.rs","line_number":581}
{"timestamp":"2026-07-31T15:21:14.294388Z","level":"INFO","fields":{"message":"Concurrency control for download: Decreased concurrency from 1 to 1; reason: success ratio below threshold (connection struggling) (success_ratio = 1.000, threshold = 0.500)"},"filename":"D:\\a\\xet-core\\xet-core\\xet_client\\src\\cas_client\\adaptive_concurrency\\controller.rs","line_number":581}
{"timestamp":"2026-07-31T15:21:14.529467Z","level":"INFO","fields":{"message":"Concurrency control for download: Current concurrency = 1; predicted bandwidth = 16760; success_ratio = 1.000; reference_size = 11.5MB; observed bytes sent so far = 611279101; completed transmissions = 163"},"filename":"D:\\a\\xet-core\\xet-core\\xet_client\\src\\cas_client\\adaptive_concurrency\\controller.rs","line_number":597}
{"timestamp":"2026-07-31T15:21:14.848213Z","level":"INFO","fields":{"message":"Concurrency control for download: Decreased concurrency from 1 to 1; reason: success ratio below threshold (connection struggling) (success_ratio = 1.000, threshold = 0.500)"},"filename":"D:\\a\\xet-core\\xet-core\\xet_client\\src\\cas_client\\adaptive_concurrency\\controller.rs","line_number":581}
{"timestamp":"2026-07-31T15:21:15.381414Z","level":"INFO","fields":{"message":"Concurrency control for download: Decreased concurrency from 1 to 1; reason: success ratio below threshold (connection struggling) (success_ratio = 1.000, threshold = 0.500)"},"filename":"D:\\a\\xet-core\\xet-core\\xet_client\\src\\cas_client\\adaptive_concurrency\\controller.rs","line_number":581}
{"timestamp":"2026-07-31T15:21:15.894949Z","level":"INFO","fields":{"message":"Concurrency control for download: Decreased concurrency from 1 to 1; reason: success ratio below threshold (connection struggling) (success_ratio = 1.000, threshold = 0.500)"},"filename":"D:\\a\\xet-core\\xet-core\\xet_client\\src\\cas_client\\adaptive_concurrency\\controller.rs","line_number":581}
{"timestamp":"2026-07-31T15:21:16.413289Z","level":"INFO","fields":{"message":"Concurrency control for download: Decreased concurrency from 1 to 1; reason: success ratio below threshold (connection struggling) (success_ratio = 1.000, threshold = 0.500)"},"filename":"D:\\a\\xet-core\\xet-core\\xet_client\\src\\cas_client\\adaptive_concurrency\\controller.rs","line_number":581}
{"timestamp":"2026-07-31T15:21:16.924377Z","level":"INFO","fields":{"message":"Concurrency control for download: Decreased concurrency from 1 to 1; reason: success ratio below threshold (connection struggling) (success_ratio = 1.000, threshold = 0.500)"},"filename":"D:\\a\\xet-core\\xet-core\\xet_client\\src\\cas_client\\adaptive_concurrency\\controller.rs","line_number":581}
{"timestamp":"2026-07-31T15:21:17.482139Z","level":"INFO","fields":{"message":"Concurrency control for download: Decreased concurrency from 1 to 1; reason: success ratio below threshold (connection struggling) (success_ratio = 1.000, threshold = 0.500)"},"filename":"D:\\a\\xet-core\\xet-core\\xet_client\\src\\cas_client\\adaptive_concurrency\\controller.rs","line_number":581}
{"timestamp":"2026-07-31T15:21:18.611806Z","level":"INFO","fields":{"message":"Concurrency control for download: Decreased concurrency from 1 to 1; reason: success ratio below threshold (connection struggling) (success_ratio = 1.000, threshold = 0.500)"},"filename":"D:\\a\\xet-core\\xet-core\\xet_client\\src\\cas_client\\adaptive_concurrency\\controller.rs","line_number":581}
{"timestamp":"2026-07-31T15:21:19.264918Z","level":"INFO","fields":{"message":"Concurrency control for download: Decreased concurrency from 1 to 1; reason: success ratio below threshold (connection struggling) (success_ratio = 1.000, threshold = 0.500)"},"filename":"D:\\a\\xet-core\\xet-core\\xet_client\\src\\cas_client\\adaptive_concurrency\\controller.rs","line_number":581}
{"timestamp":"2026-07-31T15:21:20.550993Z","level":"INFO","fields":{"message":"Concurrency control for download: Decreased concurrency from 1 to 1; reason: success ratio below threshold (connection struggling) (success_ratio = 1.000, threshold = 0.500)"},"filename":"D:\\a\\xet-core\\xet-core\\xet_client\\src\\cas_client\\adaptive_concurrency\\controller.rs","line_number":581}
{"timestamp":"2026-07-31T15:21:21.494649Z","level":"INFO","fields":{"message":"Concurrency control for download: Decreased concurrency from 1 to 1; reason: success ratio below threshold (connection struggling) (success_ratio = 1.000, threshold = 0.500)"},"filename":"D:\\a\\xet-core\\xet-core\\xet_client\\src\\cas_client\\adaptive_concurrency\\controller.rs","line_number":581}
{"timestamp":"2026-07-31T15:21:22.733354Z","level":"INFO","fields":{"message":"Concurrency control for download: Decreased concurrency from 1 to 1; reason: success ratio below threshold (connection struggling) (success_ratio = 1.000, threshold = 0.500)"},"filename":"D:\\a\\xet-core\\xet-core\\xet_client\\src\\cas_client\\adaptive_concurrency\\controller.rs","line_number":581}
{"timestamp":"2026-07-31T15:21:23.242953Z","level":"INFO","fields":{"message":"Concurrency control for download: Decreased concurrency from 1 to 1; reason: success ratio below threshold (connection struggling) (success_ratio = 1.000, threshold = 0.500)"},"filename":"D:\\a\\xet-core\\xet-core\\xet_client\\src\\cas_client\\adaptive_concurrency\\controller.rs","line_number":581}
{"timestamp":"2026-07-31T15:21:23.780002Z","level":"INFO","fields":{"message":"Concurrency control for download: Decreased concurrency from 1 to 1; reason: success ratio below threshold (connection struggling) (success_ratio = 1.000, threshold = 0.500)"},"filename":"D:\\a\\xet-core\\xet-core\\xet_client\\src\\cas_client\\adaptive_concurrency\\controller.rs","line_number":581}
{"timestamp":"2026-07-31T15:21:24.286900Z","level":"INFO","fields":{"message":"Concurrency control for download: Decreased concurrency from 1 to 1; reason: success ratio below threshold (connection struggling) (success_ratio = 1.000, threshold = 0.500)"},"filename":"D:\\a\\xet-core\\xet-core\\xet_client\\src\\cas_client\\adaptive_concurrency\\controller.rs","line_number":581}
{"timestamp":"2026-07-31T15:21:24.530650Z","level":"INFO","fields":{"message":"Concurrency control for download: Current concurrency = 1; predicted bandwidth = 15699; success_ratio = 1.000; reference_size = 11.5MB; observed bytes sent so far = 616898813; completed transmissions = 163"},"filename":"D:\\a\\xet-core\\xet-core\\xet_client\\src\\cas_client\\adaptive_concurrency\\controller.rs","line_number":597}
{"timestamp":"2026-07-31T15:21:24.802585Z","level":"INFO","fields":{"message":"Concurrency control for download: Decreased concurrency from 1 to 1; reason: success ratio below threshold (connection struggling) (success_ratio = 1.000, threshold = 0.500)"},"filename":"D:\\a\\xet-core\\xet-core\\xet_client\\src\\cas_client\\adaptive_concurrency\\controller.rs","line_number":581}
{"timestamp":"2026-07-31T15:21:25.319269Z","level":"INFO","fields":{"message":"Concurrency control for download: Decreased concurrency from 1 to 1; reason: success ratio below threshold (connection struggling) (success_ratio = 1.000, threshold = 0.500)"},"filename":"D:\\a\\xet-core\\xet-core\\xet_client\\src\\cas_client\\adaptive_concurrency\\controller.rs","line_number":581}
{"timestamp":"2026-07-31T15:21:25.960918Z","level":"INFO","fields":{"message":"Concurrency control for download: Decreased concurrency from 1 to 1; reason: success ratio below threshold (connection struggling) (success_ratio = 1.000, threshold = 0.500)"},"filename":"D:\\a\\xet-core\\xet-core\\xet_client\\src\\cas_client\\adaptive_concurrency\\controller.rs","line_number":581}
{"timestamp":"2026-07-31T15:21:26.610291Z","level":"INFO","fields":{"message":"Concurrency control for download: Decreased concurrency from 1 to 1; reason: success ratio below threshold (connection struggling) (success_ratio = 1.000, threshold = 0.500)"},"filename":"D:\\a\\xet-core\\xet-core\\xet_client\\src\\cas_client\\adaptive_concurrency\\controller.rs","line_number":581}
{"timestamp":"2026-07-31T15:21:27.205370Z","level":"INFO","fields":{"message":"Concurrency control for download: Decreased concurrency from 1 to 1; reason: success ratio below threshold (connection struggling) (success_ratio = 1.000, threshold = 0.500)"},"filename":"D:\\a\\xet-core\\xet-core\\xet_client\\src\\cas_client\\adaptive_concurrency\\controller.rs","line_number":581}
{"timestamp":"2026-07-31T15:21:27.722428Z","level":"INFO","fields":{"message":"Concurrency control for download: Decreased concurrency from 1 to 1; reason: success ratio below threshold (connection struggling) (success_ratio = 1.000, threshold = 0.500)"},"filename":"D:\\a\\xet-core\\xet-core\\xet_client\\src\\cas_client\\adaptive_concurrency\\controller.rs","line_number":581}
{"timestamp":"2026-07-31T15:21:28.277428Z","level":"INFO","fields":{"message":"Concurrency control for download: Decreased concurrency from 1 to 1; reason: success ratio below threshold (connection struggling) (success_ratio = 1.000, threshold = 0.500)"},"filename":"D:\\a\\xet-core\\xet-core\\xet_client\\src\\cas_client\\adaptive_concurrency\\controller.rs","line_number":581}
{"timestamp":"2026-07-31T15:21:28.779877Z","level":"INFO","fields":{"message":"Concurrency control for download: Decreased concurrency from 1 to 1; reason: success ratio below threshold (connection struggling) (success_ratio = 1.000, threshold = 0.500)"},"filename":"D:\\a\\xet-core\\xet-core\\xet_client\\src\\cas_client\\adaptive_concurrency\\controller.rs","line_number":581}
{"timestamp":"2026-07-31T15:21:29.304657Z","level":"INFO","fields":{"message":"Concurrency control for download: Decreased concurrency from 1 to 1; reason: success ratio below threshold (connection struggling) (success_ratio = 1.000, threshold = 0.500)"},"filename":"D:\\a\\xet-core\\xet-core\\xet_client\\src\\cas_client\\adaptive_concurrency\\controller.rs","line_number":581}
{"timestamp":"2026-07-31T15:21:29.812066Z","level":"INFO","fields":{"message":"Concurrency control for download: Decreased concurrency from 1 to 1; reason: success ratio below threshold (connection struggling) (success_ratio = 1.000, threshold = 0.500)"},"filename":"D:\\a\\xet-core\\xet-core\\xet_client\\src\\cas_client\\adaptive_concurrency\\controller.rs","line_number":581}
{"timestamp":"2026-07-31T15:21:30.730174Z","level":"INFO","fields":{"message":"Concurrency control for download: Decreased concurrency from 1 to 1; reason: success ratio below threshold (connection struggling) (success_ratio = 1.000, threshold = 0.500)"},"filename":"D:\\a\\xet-core\\xet-core\\xet_client\\src\\cas_client\\adaptive_concurrency\\controller.rs","line_number":581}
{"timestamp":"2026-07-31T15:21:31.737445Z","level":"INFO","fields":{"message":"Concurrency control for download: Decreased concurrency from 1 to 1; reason: success ratio below threshold (connection struggling) (success_ratio = 1.000, threshold = 0.500)"},"filename":"D:\\a\\xet-core\\xet-core\\xet_client\\src\\cas_client\\adaptive_concurrency\\controller.rs","line_number":581}
{"timestamp":"2026-07-31T15:21:32.280717Z","level":"INFO","fields":{"message":"Concurrency control for download: Decreased concurrency from 1 to 1; reason: success ratio below threshold (connection struggling) (success_ratio = 1.000, threshold = 0.500)"},"filename":"D:\\a\\xet-core\\xet-core\\xet_client\\src\\cas_client\\adaptive_concurrency\\controller.rs","line_number":581}
{"timestamp":"2026-07-31T15:21:32.784602Z","level":"INFO","fields":{"message":"Concurrency control for download: Decreased concurrency from 1 to 1; reason: success ratio below threshold (connection struggling) (success_ratio = 1.000, threshold = 0.500)"},"filename":"D:\\a\\xet-core\\xet-core\\xet_client\\src\\cas_client\\adaptive_concurrency\\controller.rs","line_number":581}
{"timestamp":"2026-07-31T15:21:33.302781Z","level":"INFO","fields":{"message":"Concurrency control for download: Decreased concurrency from 1 to 1; reason: success ratio below threshold (connection struggling) (success_ratio = 1.000, threshold = 0.500)"},"filename":"D:\\a\\xet-core\\xet-core\\xet_client\\src\\cas_client\\adaptive_concurrency\\controller.rs","line_number":581}
{"timestamp":"2026-07-31T15:21:34.077338Z","level":"INFO","fields":{"message":"Concurrency control for download: Decreased concurrency from 1 to 1; reason: success ratio below threshold (connection struggling) (success_ratio = 1.000, threshold = 0.500)"},"filename":"D:\\a\\xet-core\\xet-core\\xet_client\\src\\cas_client\\adaptive_concurrency\\controller.rs","line_number":581}
{"timestamp":"2026-07-31T15:21:34.734724Z","level":"INFO","fields":{"message":"Concurrency control for download: Decreased concurrency from 1 to 1; reason: success ratio below threshold (connection struggling) (success_ratio = 1.000, threshold = 0.500)"},"filename":"D:\\a\\xet-core\\xet-core\\xet_client\\src\\cas_client\\adaptive_concurrency\\controller.rs","line_number":581}
{"timestamp":"2026-07-31T15:21:34.734752Z","level":"INFO","fields":{"message":"Concurrency control for download: Current concurrency = 1; predicted bandwidth = 14628; success_ratio = 1.000; reference_size = 12.5MB; observed bytes sent so far = 622378176; completed transmissions = 164"},"filename":"D:\\a\\xet-core\\xet-core\\xet_client\\src\\cas_client\\adaptive_concurrency\\controller.rs","line_number":597}
{"timestamp":"2026-07-31T15:21:35.497632Z","level":"INFO","fields":{"message":"Concurrency control for download: Decreased concurrency from 1 to 1; reason: success ratio below threshold (connection struggling) (success_ratio = 1.000, threshold = 0.500)"},"filename":"D:\\a\\xet-core\\xet-core\\xet_client\\src\\cas_client\\adaptive_concurrency\\controller.rs","line_number":581}
{"timestamp":"2026-07-31T15:21:36.741644Z","level":"INFO","fields":{"message":"Concurrency control for download: Decreased concurrency from 1 to 1; reason: success ratio below threshold (connection struggling) (success_ratio = 1.000, threshold = 0.500)"},"filename":"D:\\a\\xet-core\\xet-core\\xet_client\\src\\cas_client\\adaptive_concurrency\\controller.rs","line_number":581}
{"timestamp":"2026-07-31T15:21:37.739896Z","level":"INFO","fields":{"message":"Concurrency control for download: Decreased concurrency from 1 to 1; reason: success ratio below threshold (connection struggling) (success_ratio = 1.000, threshold = 0.500)"},"filename":"D:\\a\\xet-core\\xet-core\\xet_client\\src\\cas_client\\adaptive_concurrency\\controller.rs","line_number":581}
{"timestamp":"2026-07-31T15:21:39.074712Z","level":"INFO","fields":{"message":"Concurrency control for download: Decreased concurrency from 1 to 1; reason: success ratio below threshold (connection struggling) (success_ratio = 1.000, threshold = 0.500)"},"filename":"D:\\a\\xet-core\\xet-core\\xet_client\\src\\cas_client\\adaptive_concurrency\\controller.rs","line_number":581}
{"timestamp":"2026-07-31T15:21:39.581484Z","level":"INFO","fields":{"message":"Concurrency control for download: Decreased concurrency from 1 to 1; reason: success ratio below threshold (connection struggling) (success_ratio = 1.000, threshold = 0.500)"},"filename":"D:\\a\\xet-core\\xet-core\\xet_client\\src\\cas_client\\adaptive_concurrency\\controller.rs","line_number":581}
{"timestamp":"2026-07-31T15:21:40.090439Z","level":"INFO","fields":{"message":"Concurrency control for download: Decreased concurrency from 1 to 1; reason: success ratio below threshold (connection struggling) (success_ratio = 1.000, threshold = 0.500)"},"filename":"D:\\a\\xet-core\\xet-core\\xet_client\\src\\cas_client\\adaptive_concurrency\\controller.rs","line_number":581}
{"timestamp":"2026-07-31T15:21:40.598190Z","level":"INFO","fields":{"message":"Concurrency control for download: Decreased concurrency from 1 to 1; reason: success ratio below threshold (connection struggling) (success_ratio = 1.000, threshold = 0.500)"},"filename":"D:\\a\\xet-core\\xet-core\\xet_client\\src\\cas_client\\adaptive_concurrency\\controller.rs","line_number":581}
{"timestamp":"2026-07-31T15:21:41.116284Z","level":"INFO","fields":{"message":"Concurrency control for download: Decreased concurrency from 1 to 1; reason: success ratio below threshold (connection struggling) (success_ratio = 1.000, threshold = 0.500)"},"filename":"D:\\a\\xet-core\\xet-core\\xet_client\\src\\cas_client\\adaptive_concurrency\\controller.rs","line_number":581}
{"timestamp":"2026-07-31T15:21:41.657535Z","level":"INFO","fields":{"message":"Concurrency control for download: Decreased concurrency from 1 to 1; reason: success ratio below threshold (connection struggling) (success_ratio = 1.000, threshold = 0.500)"},"filename":"D:\\a\\xet-core\\xet-core\\xet_client\\src\\cas_client\\adaptive_concurrency\\controller.rs","line_number":581}
{"timestamp":"2026-07-31T15:21:42.733382Z","level":"INFO","fields":{"message":"Concurrency control for download: Decreased concurrency from 1 to 1; reason: success ratio below threshold (connection struggling) (success_ratio = 1.000, threshold = 0.500)"},"filename":"D:\\a\\xet-core\\xet-core\\xet_client\\src\\cas_client\\adaptive_concurrency\\controller.rs","line_number":581}
{"timestamp":"2026-07-31T15:21:43.746185Z","level":"INFO","fields":{"message":"Concurrency control for download: Decreased concurrency from 1 to 1; reason: success ratio below threshold (connection struggling) (success_ratio = 1.000, threshold = 0.500)"},"filename":"D:\\a\\xet-core\\xet-core\\xet_client\\src\\cas_client\\adaptive_concurrency\\controller.rs","line_number":581}
{"timestamp":"2026-07-31T15:21:44.455348Z","level":"INFO","fields":{"message":"Concurrency control for download: Decreased concurrency from 1 to 1; reason: success ratio below threshold (connection struggling) (success_ratio = 1.000, threshold = 0.500)"},"filename":"D:\\a\\xet-core\\xet-core\\xet_client\\src\\cas_client\\adaptive_concurrency\\controller.rs","line_number":581}
{"timestamp":"2026-07-31T15:21:45.734165Z","level":"INFO","fields":{"message":"Concurrency control for download: Decreased concurrency from 1 to 1; reason: success ratio below threshold (connection struggling) (success_ratio = 1.000, threshold = 0.500)"},"filename":"D:\\a\\xet-core\\xet-core\\xet_client\\src\\cas_client\\adaptive_concurrency\\controller.rs","line_number":581}
{"timestamp":"2026-07-31T15:21:45.734198Z","level":"INFO","fields":{"message":"Concurrency control for download: Current concurrency = 1; predicted bandwidth = 11088; success_ratio = 1.000; reference_size = 13.9MB; observed bytes sent so far = 625493749; completed transmissions = 165"},"filename":"D:\\a\\xet-core\\xet-core\\xet_client\\src\\cas_client\\adaptive_concurrency\\controller.rs","line_number":597}
{"timestamp":"2026-07-31T15:21:46.690771Z","level":"INFO","fields":{"message":"Concurrency control for download: Decreased concurrency from 1 to 1; reason: success ratio below threshold (connection struggling) (success_ratio = 1.000, threshold = 0.500)"},"filename":"D:\\a\\xet-core\\xet-core\\xet_client\\src\\cas_client\\adaptive_concurrency\\controller.rs","line_number":581}
{"timestamp":"2026-07-31T15:21:47.629868Z","level":"INFO","fields":{"message":"Concurrency control for download: Decreased concurrency from 1 to 1; reason: success ratio below threshold (connection struggling) (success_ratio = 1.000, threshold = 0.500)"},"filename":"D:\\a\\xet-core\\xet-core\\xet_client\\src\\cas_client\\adaptive_concurrency\\controller.rs","line_number":581}
{"timestamp":"2026-07-31T15:21:48.742943Z","level":"INFO","fields":{"message":"Concurrency control for download: Decreased concurrency from 1 to 1; reason: success ratio below threshold (connection struggling) (success_ratio = 1.000, threshold = 0.500)"},"filename":"D:\\a\\xet-core\\xet-core\\xet_client\\src\\cas_client\\adaptive_concurrency\\controller.rs","line_number":581}
{"timestamp":"2026-07-31T15:21:49.751853Z","level":"INFO","fields":{"message":"Concurrency control for download: Decreased concurrency from 1 to 1; reason: success ratio below threshold (connection struggling) (success_ratio = 1.000, threshold = 0.500)"},"filename":"D:\\a\\xet-core\\xet-core\\xet_client\\src\\cas_client\\adaptive_concurrency\\controller.rs","line_number":581}
{"timestamp":"2026-07-31T15:21:50.735038Z","level":"INFO","fields":{"message":"Concurrency control for download: Decreased concurrency from 1 to 1; reason: success ratio below threshold (connection struggling) (success_ratio = 1.000, threshold = 0.500)"},"filename":"D:\\a\\xet-core\\xet-core\\xet_client\\src\\cas_client\\adaptive_concurrency\\controller.rs","line_number":581}
{"timestamp":"2026-07-31T15:21:51.777551Z","level":"INFO","fields":{"message":"Concurrency control for download: Decreased concurrency from 1 to 1; reason: success ratio below threshold (connection struggling) (success_ratio = 1.000, threshold = 0.500)"},"filename":"D:\\a\\xet-core\\xet-core\\xet_client\\src\\cas_client\\adaptive_concurrency\\controller.rs","line_number":581}
{"timestamp":"2026-07-31T15:21:52.742818Z","level":"INFO","fields":{"message":"Concurrency control for download: Decreased concurrency from 1 to 1; reason: success ratio below threshold (connection struggling) (success_ratio = 1.000, threshold = 0.500)"},"filename":"D:\\a\\xet-core\\xet-core\\xet_client\\src\\cas_client\\adaptive_concurrency\\controller.rs","line_number":581}
{"timestamp":"2026-07-31T15:21:53.741679Z","level":"INFO","fields":{"message":"Concurrency control for download: Decreased concurrency from 1 to 1; reason: success ratio below threshold (connection struggling) (success_ratio = 1.000, threshold = 0.500)"},"filename":"D:\\a\\xet-core\\xet-core\\xet_client\\src\\cas_client\\adaptive_concurrency\\controller.rs","line_number":581}
{"timestamp":"2026-07-31T15:21:54.451409Z","level":"INFO","fields":{"message":"Concurrency control for download: Decreased concurrency from 1 to 1; reason: success ratio below threshold (connection struggling) (success_ratio = 1.000, threshold = 0.500)"},"filename":"D:\\a\\xet-core\\xet-core\\xet_client\\src\\cas_client\\adaptive_concurrency\\controller.rs","line_number":581}
{"timestamp":"2026-07-31T15:21:55.427624Z","level":"INFO","fields":{"message":"Concurrency control for download: Decreased concurrency from 1 to 1; reason: success ratio below threshold (connection struggling) (success_ratio = 1.000, threshold = 0.500)"},"filename":"D:\\a\\xet-core\\xet-core\\xet_client\\src\\cas_client\\adaptive_concurrency\\controller.rs","line_number":581}
{"timestamp":"2026-07-31T15:21:55.738517Z","level":"INFO","fields":{"message":"Concurrency control for download: Current concurrency = 1; predicted bandwidth = 11525; success_ratio = 1.000; reference_size = 13.9MB; observed bytes sent so far = 626280181; completed transmissions = 165"},"filename":"D:\\a\\xet-core\\xet-core\\xet_client\\src\\cas_client\\adaptive_concurrency\\controller.rs","line_number":597}
{"timestamp":"2026-07-31T15:21:55.968372Z","level":"INFO","fields":{"message":"Concurrency control for download: Decreased concurrency from 1 to 1; reason: success ratio below threshold (connection struggling) (success_ratio = 1.000, threshold = 0.500)"},"filename":"D:\\a\\xet-core\\xet-core\\xet_client\\src\\cas_client\\adaptive_concurrency\\controller.rs","line_number":581}
{"timestamp":"2026-07-31T15:21:56.499713Z","level":"INFO","fields":{"message":"Concurrency control for download: Decreased concurrency from 1 to 1; reason: success ratio below threshold (connection struggling) (success_ratio = 1.000, threshold = 0.500)"},"filename":"D:\\a\\xet-core\\xet-core\\xet_client\\src\\cas_client\\adaptive_concurrency\\controller.rs","line_number":581}
{"timestamp":"2026-07-31T15:21:57.320161Z","level":"INFO","fields":{"message":"Concurrency control for download: Decreased concurrency from 1 to 1; reason: success ratio below threshold (connection struggling) (success_ratio = 1.000, threshold = 0.500)"},"filename":"D:\\a\\xet-core\\xet-core\\xet_client\\src\\cas_client\\adaptive_concurrency\\controller.rs","line_number":581}
{"timestamp":"2026-07-31T15:21:58.384452Z","level":"INFO","fields":{"message":"Concurrency control for download: Decreased concurrency from 1 to 1; reason: success ratio below threshold (connection struggling) (success_ratio = 1.000, threshold = 0.500)"},"filename":"D:\\a\\xet-core\\xet-core\\xet_client\\src\\cas_client\\adaptive_concurrency\\controller.rs","line_number":581}
{"timestamp":"2026-07-31T15:21:58.897793Z","level":"INFO","fields":{"message":"Concurrency control for download: Decreased concurrency from 1 to 1; reason: success ratio below threshold (connection struggling) (success_ratio = 1.000, threshold = 0.500)"},"filename":"D:\\a\\xet-core\\xet-core\\xet_client\\src\\cas_client\\adaptive_concurrency\\controller.rs","line_number":581}
{"timestamp":"2026-07-31T15:21:59.520103Z","level":"INFO","fields":{"message":"Concurrency control for download: Decreased concurrency from 1 to 1; reason: success ratio below threshold (connection struggling) (success_ratio = 1.000, threshold = 0.500)"},"filename":"D:\\a\\xet-core\\xet-core\\xet_client\\src\\cas_client\\adaptive_concurrency\\controller.rs","line_number":581}
{"timestamp":"2026-07-31T15:22:00.078910Z","level":"INFO","fields":{"message":"Concurrency control for download: Decreased concurrency from 1 to 1; reason: success ratio below threshold (connection struggling) (success_ratio = 1.000, threshold = 0.500)"},"filename":"D:\\a\\xet-core\\xet-core\\xet_client\\src\\cas_client\\adaptive_concurrency\\controller.rs","line_number":581}
{"timestamp":"2026-07-31T15:22:00.707284Z","level":"INFO","fields":{"message":"Concurrency control for download: Decreased concurrency from 1 to 1; reason: success ratio below threshold (connection struggling) (success_ratio = 1.000, threshold = 0.500)"},"filename":"D:\\a\\xet-core\\xet-core\\xet_client\\src\\cas_client\\adaptive_concurrency\\controller.rs","line_number":581}
{"timestamp":"2026-07-31T15:22:01.214681Z","level":"INFO","fields":{"message":"Concurrency control for download: Decreased concurrency from 1 to 1; reason: success ratio below threshold (connection struggling) (success_ratio = 1.000, threshold = 0.500)"},"filename":"D:\\a\\xet-core\\xet-core\\xet_client\\src\\cas_client\\adaptive_concurrency\\controller.rs","line_number":581}
{"timestamp":"2026-07-31T15:22:01.810107Z","level":"INFO","fields":{"message":"Concurrency control for download: Decreased concurrency from 1 to 1; reason: success ratio below threshold (connection struggling) (success_ratio = 1.000, threshold = 0.500)"},"filename":"D:\\a\\xet-core\\xet-core\\xet_client\\src\\cas_client\\adaptive_concurrency\\controller.rs","line_number":581}
{"timestamp":"2026-07-31T15:22:02.349292Z","level":"INFO","fields":{"message":"Concurrency control for download: Decreased concurrency from 1 to 1; reason: success ratio below threshold (connection struggling) (success_ratio = 1.000, threshold = 0.500)"},"filename":"D:\\a\\xet-core\\xet-core\\xet_client\\src\\cas_client\\adaptive_concurrency\\controller.rs","line_number":581}
{"timestamp":"2026-07-31T15:22:03.669461Z","level":"INFO","fields":{"message":"Concurrency control for download: Decreased concurrency from 1 to 1; reason: success ratio below threshold (connection struggling) (success_ratio = 1.000, threshold = 0.500)"},"filename":"D:\\a\\xet-core\\xet-core\\xet_client\\src\\cas_client\\adaptive_concurrency\\controller.rs","line_number":581}
{"timestamp":"2026-07-31T15:22:04.446847Z","level":"INFO","fields":{"message":"Concurrency control for download: Decreased concurrency from 1 to 1; reason: success ratio below threshold (connection struggling) (success_ratio = 1.000, threshold = 0.500)"},"filename":"D:\\a\\xet-core\\xet-core\\xet_client\\src\\cas_client\\adaptive_concurrency\\controller.rs","line_number":581}
{"timestamp":"2026-07-31T15:22:05.641020Z","level":"INFO","fields":{"message":"Concurrency control for download: Decreased concurrency from 1 to 1; reason: success ratio below threshold (connection struggling) (success_ratio = 1.000, threshold = 0.500)"},"filename":"D:\\a\\xet-core\\xet-core\\xet_client\\src\\cas_client\\adaptive_concurrency\\controller.rs","line_number":581}
{"timestamp":"2026-07-31T15:22:05.782541Z","level":"INFO","fields":{"message":"Concurrency control for download: Current concurrency = 1; predicted bandwidth = 12807; success_ratio = 1.000; reference_size = 13.9MB; observed bytes sent so far = 629720821; completed transmissions = 165"},"filename":"D:\\a\\xet-core\\xet-core\\xet_client\\src\\cas_client\\adaptive_concurrency\\controller.rs","line_number":597}
{"timestamp":"2026-07-31T15:22:06.300822Z","level":"INFO","fields":{"message":"Concurrency control for download: Decreased concurrency from 1 to 1; reason: success ratio below threshold (connection struggling) (success_ratio = 1.000, threshold = 0.500)"},"filename":"D:\\a\\xet-core\\xet-core\\xet_client\\src\\cas_client\\adaptive_concurrency\\controller.rs","line_number":581}
{"timestamp":"2026-07-31T15:22:07.133771Z","level":"INFO","fields":{"message":"Concurrency control for download: Decreased concurrency from 1 to 1; reason: success ratio below threshold (connection struggling) (success_ratio = 1.000, threshold = 0.500)"},"filename":"D:\\a\\xet-core\\xet-core\\xet_client\\src\\cas_client\\adaptive_concurrency\\controller.rs","line_number":581}
{"timestamp":"2026-07-31T15:22:07.883261Z","level":"INFO","fields":{"message":"Concurrency control for download: Decreased concurrency from 1 to 1; reason: success ratio below threshold (connection struggling) (success_ratio = 1.000, threshold = 0.500)"},"filename":"D:\\a\\xet-core\\xet-core\\xet_client\\src\\cas_client\\adaptive_concurrency\\controller.rs","line_number":581}
{"timestamp":"2026-07-31T15:22:08.393427Z","level":"INFO","fields":{"message":"Concurrency control for download: Decreased concurrency from 1 to 1; reason: success ratio below threshold (connection struggling) (success_ratio = 1.000, threshold = 0.500)"},"filename":"D:\\a\\xet-core\\xet-core\\xet_client\\src\\cas_client\\adaptive_concurrency\\controller.rs","line_number":581}
{"timestamp":"2026-07-31T15:22:08.964332Z","level":"INFO","fields":{"message":"Concurrency control for download: Decreased concurrency from 1 to 1; reason: success ratio below threshold (connection struggling) (success_ratio = 1.000, threshold = 0.500)"},"filename":"D:\\a\\xet-core\\xet-core\\xet_client\\src\\cas_client\\adaptive_concurrency\\controller.rs","line_number":581}
{"timestamp":"2026-07-31T15:22:09.731832Z","level":"INFO","fields":{"message":"Concurrency control for download: Decreased concurrency from 1 to 1; reason: success ratio below threshold (connection struggling) (success_ratio = 1.000, threshold = 0.500)"},"filename":"D:\\a\\xet-core\\xet-core\\xet_client\\src\\cas_client\\adaptive_concurrency\\controller.rs","line_number":581}
{"timestamp":"2026-07-31T15:22:10.471408Z","level":"INFO","fields":{"message":"Concurrency control for download: Decreased concurrency from 1 to 1; reason: success ratio below threshold (connection struggling) (success_ratio = 1.000, threshold = 0.500)"},"filename":"D:\\a\\xet-core\\xet-core\\xet_client\\src\\cas_client\\adaptive_concurrency\\controller.rs","line_number":581}
{"timestamp":"2026-07-31T15:22:10.992811Z","level":"INFO","fields":{"message":"Concurrency control for download: Decreased concurrency from 1 to 1; reason: success ratio below threshold (connection struggling) (success_ratio = 1.000, threshold = 0.500)"},"filename":"D:\\a\\xet-core\\xet-core\\xet_client\\src\\cas_client\\adaptive_concurrency\\controller.rs","line_number":581}
{"timestamp":"2026-07-31T15:22:11.525241Z","level":"INFO","fields":{"message":"Concurrency control for download: Decreased concurrency from 1 to 1; reason: success ratio below threshold (connection struggling) (success_ratio = 1.000, threshold = 0.500)"},"filename":"D:\\a\\xet-core\\xet-core\\xet_client\\src\\cas_client\\adaptive_concurrency\\controller.rs","line_number":581}
{"timestamp":"2026-07-31T15:22:12.129021Z","level":"INFO","fields":{"message":"Concurrency control for download: Decreased concurrency from 1 to 1; reason: success ratio below threshold (connection struggling) (success_ratio = 1.000, threshold = 0.500)"},"filename":"D:\\a\\xet-core\\xet-core\\xet_client\\src\\cas_client\\adaptive_concurrency\\controller.rs","line_number":581}
{"timestamp":"2026-07-31T15:22:12.675945Z","level":"INFO","fields":{"message":"Concurrency control for download: Decreased concurrency from 1 to 1; reason: success ratio below threshold (connection struggling) (success_ratio = 1.000, threshold = 0.500)"},"filename":"D:\\a\\xet-core\\xet-core\\xet_client\\src\\cas_client\\adaptive_concurrency\\controller.rs","line_number":581}
{"timestamp":"2026-07-31T15:22:13.190269Z","level":"INFO","fields":{"message":"Concurrency control for download: Decreased concurrency from 1 to 1; reason: success ratio below threshold (connection struggling) (success_ratio = 1.000, threshold = 0.500)"},"filename":"D:\\a\\xet-core\\xet-core\\xet_client\\src\\cas_client\\adaptive_concurrency\\controller.rs","line_number":581}
{"timestamp":"2026-07-31T15:22:13.701506Z","level":"INFO","fields":{"message":"Concurrency control for download: Decreased concurrency from 1 to 1; reason: success ratio below threshold (connection struggling) (success_ratio = 1.000, threshold = 0.500)"},"filename":"D:\\a\\xet-core\\xet-core\\xet_client\\src\\cas_client\\adaptive_concurrency\\controller.rs","line_number":581}
{"timestamp":"2026-07-31T15:22:14.212242Z","level":"INFO","fields":{"message":"Concurrency control for download: Decreased concurrency from 1 to 1; reason: success ratio below threshold (connection struggling) (success_ratio = 1.000, threshold = 0.500)"},"filename":"D:\\a\\xet-core\\xet-core\\xet_client\\src\\cas_client\\adaptive_concurrency\\controller.rs","line_number":581}
{"timestamp":"2026-07-31T15:22:14.737679Z","level":"INFO","fields":{"message":"Concurrency control for download: Decreased concurrency from 1 to 1; reason: success ratio below threshold (connection struggling) (success_ratio = 1.000, threshold = 0.500)"},"filename":"D:\\a\\xet-core\\xet-core\\xet_client\\src\\cas_client\\adaptive_concurrency\\controller.rs","line_number":581}
{"timestamp":"2026-07-31T15:22:15.255952Z","level":"INFO","fields":{"message":"Concurrency control for download: Decreased concurrency from 1 to 1; reason: success ratio below threshold (connection struggling) (success_ratio = 1.000, threshold = 0.500)"},"filename":"D:\\a\\xet-core\\xet-core\\xet_client\\src\\cas_client\\adaptive_concurrency\\controller.rs","line_number":581}
{"timestamp":"2026-07-31T15:22:15.764376Z","level":"INFO","fields":{"message":"Concurrency control for download: Decreased concurrency from 1 to 1; reason: success ratio below threshold (connection struggling) (success_ratio = 1.000, threshold = 0.500)"},"filename":"D:\\a\\xet-core\\xet-core\\xet_client\\src\\cas_client\\adaptive_concurrency\\controller.rs","line_number":581}
{"timestamp":"2026-07-31T15:22:15.876293Z","level":"INFO","fields":{"message":"Concurrency control for download: Current concurrency = 1; predicted bandwidth = 15018; success_ratio = 1.000; reference_size = 13.9MB; observed bytes sent so far = 634881781; completed transmissions = 165"},"filename":"D:\\a\\xet-core\\xet-core\\xet_client\\src\\cas_client\\adaptive_concurrency\\controller.rs","line_number":597}
{"timestamp":"2026-07-31T15:22:16.275326Z","level":"INFO","fields":{"message":"Concurrency control for download: Decreased concurrency from 1 to 1; reason: success ratio below threshold (connection struggling) (success_ratio = 1.000, threshold = 0.500)"},"filename":"D:\\a\\xet-core\\xet-core\\xet_client\\src\\cas_client\\adaptive_concurrency\\controller.rs","line_number":581}
{"timestamp":"2026-07-31T15:22:16.837965Z","level":"INFO","fields":{"message":"Concurrency control for download: Decreased concurrency from 1 to 1; reason: success ratio below threshold (connection struggling) (success_ratio = 1.000, threshold = 0.500)"},"filename":"D:\\a\\xet-core\\xet-core\\xet_client\\src\\cas_client\\adaptive_concurrency\\controller.rs","line_number":581}
{"timestamp":"2026-07-31T15:22:17.553684Z","level":"INFO","fields":{"message":"Concurrency control for download: Decreased concurrency from 1 to 1; reason: success ratio below threshold (connection struggling) (success_ratio = 1.000, threshold = 0.500)"},"filename":"D:\\a\\xet-core\\xet-core\\xet_client\\src\\cas_client\\adaptive_concurrency\\controller.rs","line_number":581}
{"timestamp":"2026-07-31T15:22:19.027627Z","level":"INFO","fields":{"message":"Concurrency control for download: Decreased concurrency from 1 to 1; reason: success ratio below threshold (connection struggling) (success_ratio = 1.000, threshold = 0.500)"},"filename":"D:\\a\\xet-core\\xet-core\\xet_client\\src\\cas_client\\adaptive_concurrency\\controller.rs","line_number":581}
{"timestamp":"2026-07-31T15:22:19.549714Z","level":"INFO","fields":{"message":"Concurrency control for download: Decreased concurrency from 1 to 1; reason: success ratio below threshold (connection struggling) (success_ratio = 1.000, threshold = 0.500)"},"filename":"D:\\a\\xet-core\\xet-core\\xet_client\\src\\cas_client\\adaptive_concurrency\\controller.rs","line_number":581}
{"timestamp":"2026-07-31T15:22:20.049985Z","level":"INFO","fields":{"message":"Concurrency control for download: Decreased concurrency from 1 to 1; reason: success ratio below threshold (connection struggling) (success_ratio = 1.000, threshold = 0.500)"},"filename":"D:\\a\\xet-core\\xet-core\\xet_client\\src\\cas_client\\adaptive_concurrency\\controller.rs","line_number":581}
{"timestamp":"2026-07-31T15:22:20.554306Z","level":"INFO","fields":{"message":"Concurrency control for download: Decreased concurrency from 1 to 1; reason: success ratio below threshold (connection struggling) (success_ratio = 1.000, threshold = 0.500)"},"filename":"D:\\a\\xet-core\\xet-core\\xet_client\\src\\cas_client\\adaptive_concurrency\\controller.rs","line_number":581}
{"timestamp":"2026-07-31T15:22:21.073814Z","level":"INFO","fields":{"message":"Concurrency control for download: Decreased concurrency from 1 to 1; reason: success ratio below threshold (connection struggling) (success_ratio = 1.000, threshold = 0.500)"},"filename":"D:\\a\\xet-core\\xet-core\\xet_client\\src\\cas_client\\adaptive_concurrency\\controller.rs","line_number":581}
{"timestamp":"2026-07-31T15:22:21.702934Z","level":"INFO","fields":{"message":"Concurrency control for download: Decreased concurrency from 1 to 1; reason: success ratio below threshold (connection struggling) (success_ratio = 1.000, threshold = 0.500)"},"filename":"D:\\a\\xet-core\\xet-core\\xet_client\\src\\cas_client\\adaptive_concurrency\\controller.rs","line_number":581}
{"timestamp":"2026-07-31T15:22:22.614170Z","level":"INFO","fields":{"message":"Concurrency control for download: Decreased concurrency from 1 to 1; reason: success ratio below threshold (connection struggling) (success_ratio = 1.000, threshold = 0.500)"},"filename":"D:\\a\\xet-core\\xet-core\\xet_client\\src\\cas_client\\adaptive_concurrency\\controller.rs","line_number":581}
{"timestamp":"2026-07-31T15:22:23.166246Z","level":"INFO","fields":{"message":"Concurrency control for download: Decreased concurrency from 1 to 1; reason: success ratio below threshold (connection struggling) (success_ratio = 1.000, threshold = 0.500)"},"filename":"D:\\a\\xet-core\\xet-core\\xet_client\\src\\cas_client\\adaptive_concurrency\\controller.rs","line_number":581}
{"timestamp":"2026-07-31T15:22:23.729204Z","level":"INFO","fields":{"message":"Concurrency control for download: Decreased concurrency from 1 to 1; reason: success ratio below threshold (connection struggling) (success_ratio = 1.000, threshold = 0.500)"},"filename":"D:\\a\\xet-core\\xet-core\\xet_client\\src\\cas_client\\adaptive_concurrency\\controller.rs","line_number":581}
{"timestamp":"2026-07-31T15:22:24.234898Z","level":"INFO","fields":{"message":"Concurrency control for download: Decreased concurrency from 1 to 1; reason: success ratio below threshold (connection struggling) (success_ratio = 1.000, threshold = 0.500)"},"filename":"D:\\a\\xet-core\\xet-core\\xet_client\\src\\cas_client\\adaptive_concurrency\\controller.rs","line_number":581}
{"timestamp":"2026-07-31T15:22:24.736203Z","level":"INFO","fields":{"message":"Concurrency control for download: Decreased concurrency from 1 to 1; reason: success ratio below threshold (connection struggling) (success_ratio = 1.000, threshold = 0.500)"},"filename":"D:\\a\\xet-core\\xet-core\\xet_client\\src\\cas_client\\adaptive_concurrency\\controller.rs","line_number":581}
{"timestamp":"2026-07-31T15:22:25.308369Z","level":"INFO","fields":{"message":"Concurrency control for download: Decreased concurrency from 1 to 1; reason: success ratio below threshold (connection struggling) (success_ratio = 1.000, threshold = 0.500)"},"filename":"D:\\a\\xet-core\\xet-core\\xet_client\\src\\cas_client\\adaptive_concurrency\\controller.rs","line_number":581}
{"timestamp":"2026-07-31T15:22:25.847772Z","level":"INFO","fields":{"message":"Concurrency control for download: Decreased concurrency from 1 to 1; reason: success ratio below threshold (connection struggling) (success_ratio = 1.000, threshold = 0.500)"},"filename":"D:\\a\\xet-core\\xet-core\\xet_client\\src\\cas_client\\adaptive_concurrency\\controller.rs","line_number":581}
{"timestamp":"2026-07-31T15:22:25.908776Z","level":"INFO","fields":{"message":"Concurrency control for download: Current concurrency = 1; predicted bandwidth = 16140; success_ratio = 1.000; reference_size = 13.9MB; observed bytes sent so far = 639354613; completed transmissions = 165"},"filename":"D:\\a\\xet-core\\xet-core\\xet_client\\src\\cas_client\\adaptive_concurrency\\controller.rs","line_number":597}
{"timestamp":"2026-07-31T15:22:26.487301Z","level":"INFO","fields":{"message":"Concurrency control for download: Decreased concurrency from 1 to 1; reason: success ratio below threshold (connection struggling) (success_ratio = 1.000, threshold = 0.500)"},"filename":"D:\\a\\xet-core\\xet-core\\xet_client\\src\\cas_client\\adaptive_concurrency\\controller.rs","line_number":581}
{"timestamp":"2026-07-31T15:22:26.992462Z","level":"INFO","fields":{"message":"Concurrency control for download: Decreased concurrency from 1 to 1; reason: success ratio below threshold (connection struggling) (success_ratio = 1.000, threshold = 0.500)"},"filename":"D:\\a\\xet-core\\xet-core\\xet_client\\src\\cas_client\\adaptive_concurrency\\controller.rs","line_number":581}
{"timestamp":"2026-07-31T15:22:27.727795Z","level":"INFO","fields":{"message":"Concurrency control for download: Decreased concurrency from 1 to 1; reason: success ratio below threshold (connection struggling) (success_ratio = 1.000, threshold = 0.500)"},"filename":"D:\\a\\xet-core\\xet-core\\xet_client\\src\\cas_client\\adaptive_concurrency\\controller.rs","line_number":581}
{"timestamp":"2026-07-31T15:22:28.258505Z","level":"INFO","fields":{"message":"Concurrency control for download: Decreased concurrency from 1 to 1; reason: success ratio below threshold (connection struggling) (success_ratio = 1.000, threshold = 0.500)"},"filename":"D:\\a\\xet-core\\xet-core\\xet_client\\src\\cas_client\\adaptive_concurrency\\controller.rs","line_number":581}
{"timestamp":"2026-07-31T15:22:28.815596Z","level":"INFO","fields":{"message":"Concurrency control for download: Decreased concurrency from 1 to 1; reason: success ratio below threshold (connection struggling) (success_ratio = 1.000, threshold = 0.500)"},"filename":"D:\\a\\xet-core\\xet-core\\xet_client\\src\\cas_client\\adaptive_concurrency\\controller.rs","line_number":581}
{"timestamp":"2026-07-31T15:22:29.625410Z","level":"INFO","fields":{"message":"Concurrency control for download: Decreased concurrency from 1 to 1; reason: success ratio below threshold (connection struggling) (success_ratio = 1.000, threshold = 0.500)"},"filename":"D:\\a\\xet-core\\xet-core\\xet_client\\src\\cas_client\\adaptive_concurrency\\controller.rs","line_number":581}
{"timestamp":"2026-07-31T15:22:30.250580Z","level":"INFO","fields":{"message":"Concurrency control for download: Decreased concurrency from 1 to 1; reason: success ratio below threshold (connection struggling) (success_ratio = 1.000, threshold = 0.500)"},"filename":"D:\\a\\xet-core\\xet-core\\xet_client\\src\\cas_client\\adaptive_concurrency\\controller.rs","line_number":581}
{"timestamp":"2026-07-31T15:22:30.941349Z","level":"INFO","fields":{"message":"Concurrency control for download: Decreased concurrency from 1 to 1; reason: success ratio below threshold (connection struggling) (success_ratio = 1.000, threshold = 0.500)"},"filename":"D:\\a\\xet-core\\xet-core\\xet_client\\src\\cas_client\\adaptive_concurrency\\controller.rs","line_number":581}
{"timestamp":"2026-07-31T15:22:31.464907Z","level":"INFO","fields":{"message":"Concurrency control for download: Decreased concurrency from 1 to 1; reason: success ratio below threshold (connection struggling) (success_ratio = 1.000, threshold = 0.500)"},"filename":"D:\\a\\xet-core\\xet-core\\xet_client\\src\\cas_client\\adaptive_concurrency\\controller.rs","line_number":581}
{"timestamp":"2026-07-31T15:22:32.270271Z","level":"INFO","fields":{"message":"Concurrency control for download: Decreased concurrency from 1 to 1; reason: success ratio below threshold (connection struggling) (success_ratio = 1.000, threshold = 0.500)"},"filename":"D:\\a\\xet-core\\xet-core\\xet_client\\src\\cas_client\\adaptive_concurrency\\controller.rs","line_number":581}
{"timestamp":"2026-07-31T15:22:34.120418Z","level":"INFO","fields":{"message":"Concurrency control for download: Decreased concurrency from 1 to 1; reason: success ratio below threshold (connection struggling) (success_ratio = 1.000, threshold = 0.500)"},"filename":"D:\\a\\xet-core\\xet-core\\xet_client\\src\\cas_client\\adaptive_concurrency\\controller.rs","line_number":581}
{"timestamp":"2026-07-31T15:22:34.628244Z","level":"INFO","fields":{"message":"Concurrency control for download: Decreased concurrency from 1 to 1; reason: success ratio below threshold (connection struggling) (success_ratio = 1.000, threshold = 0.500)"},"filename":"D:\\a\\xet-core\\xet-core\\xet_client\\src\\cas_client\\adaptive_concurrency\\controller.rs","line_number":581}
{"timestamp":"2026-07-31T15:22:35.152008Z","level":"INFO","fields":{"message":"Concurrency control for download: Decreased concurrency from 1 to 1; reason: success ratio below threshold (connection struggling) (success_ratio = 1.000, threshold = 0.500)"},"filename":"D:\\a\\xet-core\\xet-core\\xet_client\\src\\cas_client\\adaptive_concurrency\\controller.rs","line_number":581}
{"timestamp":"2026-07-31T15:22:35.670892Z","level":"INFO","fields":{"message":"Concurrency control for download: Decreased concurrency from 1 to 1; reason: success ratio below threshold (connection struggling) (success_ratio = 1.000, threshold = 0.500)"},"filename":"D:\\a\\xet-core\\xet-core\\xet_client\\src\\cas_client\\adaptive_concurrency\\controller.rs","line_number":581}
{"timestamp":"2026-07-31T15:22:36.568931Z","level":"INFO","fields":{"message":"Concurrency control for download: Decreased concurrency from 1 to 1; reason: success ratio below threshold (connection struggling) (success_ratio = 1.000, threshold = 0.500)"},"filename":"D:\\a\\xet-core\\xet-core\\xet_client\\src\\cas_client\\adaptive_concurrency\\controller.rs","line_number":581}
{"timestamp":"2026-07-31T15:22:36.568962Z","level":"INFO","fields":{"message":"Concurrency control for download: Current concurrency = 1; predicted bandwidth = 14325; success_ratio = 1.000; reference_size = 15.7MB; observed bytes sent so far = 643107692; completed transmissions = 166"},"filename":"D:\\a\\xet-core\\xet-core\\xet_client\\src\\cas_client\\adaptive_concurrency\\controller.rs","line_number":597}
{"timestamp":"2026-07-31T15:22:37.070670Z","level":"INFO","fields":{"message":"Concurrency control for download: Decreased concurrency from 1 to 1; reason: success ratio below threshold (connection struggling) (success_ratio = 1.000, threshold = 0.500)"},"filename":"D:\\a\\xet-core\\xet-core\\xet_client\\src\\cas_client\\adaptive_concurrency\\controller.rs","line_number":581}
{"timestamp":"2026-07-31T15:22:37.746144Z","level":"INFO","fields":{"message":"Concurrency control for download: Decreased concurrency from 1 to 1; reason: success ratio below threshold (connection struggling) (success_ratio = 1.000, threshold = 0.500)"},"filename":"D:\\a\\xet-core\\xet-core\\xet_client\\src\\cas_client\\adaptive_concurrency\\controller.rs","line_number":581}
{"timestamp":"2026-07-31T15:22:38.293771Z","level":"INFO","fields":{"message":"Concurrency control for download: Decreased concurrency from 1 to 1; reason: success ratio below threshold (connection struggling) (success_ratio = 1.000, threshold = 0.500)"},"filename":"D:\\a\\xet-core\\xet-core\\xet_client\\src\\cas_client\\adaptive_concurrency\\controller.rs","line_number":581}
{"timestamp":"2026-07-31T15:22:38.816895Z","level":"INFO","fields":{"message":"Concurrency control for download: Decreased concurrency from 1 to 1; reason: success ratio below threshold (connection struggling) (success_ratio = 1.000, threshold = 0.500)"},"filename":"D:\\a\\xet-core\\xet-core\\xet_client\\src\\cas_client\\adaptive_concurrency\\controller.rs","line_number":581}
{"timestamp":"2026-07-31T15:22:39.728159Z","level":"INFO","fields":{"message":"Concurrency control for download: Decreased concurrency from 1 to 1; reason: success ratio below threshold (connection struggling) (success_ratio = 1.000, threshold = 0.500)"},"filename":"D:\\a\\xet-core\\xet-core\\xet_client\\src\\cas_client\\adaptive_concurrency\\controller.rs","line_number":581}
{"timestamp":"2026-07-31T15:22:40.437303Z","level":"INFO","fields":{"message":"Concurrency control for download: Decreased concurrency from 1 to 1; reason: success ratio below threshold (connection struggling) (success_ratio = 1.000, threshold = 0.500)"},"filename":"D:\\a\\xet-core\\xet-core\\xet_client\\src\\cas_client\\adaptive_concurrency\\controller.rs","line_number":581}
{"timestamp":"2026-07-31T15:22:41.057806Z","level":"INFO","fields":{"message":"Concurrency control for download: Decreased concurrency from 1 to 1; reason: success ratio below threshold (connection struggling) (success_ratio = 1.000, threshold = 0.500)"},"filename":"D:\\a\\xet-core\\xet-core\\xet_client\\src\\cas_client\\adaptive_concurrency\\controller.rs","line_number":581}
{"timestamp":"2026-07-31T15:22:41.564220Z","level":"INFO","fields":{"message":"Concurrency control for download: Decreased concurrency from 1 to 1; reason: success ratio below threshold (connection struggling) (success_ratio = 1.000, threshold = 0.500)"},"filename":"D:\\a\\xet-core\\xet-core\\xet_client\\src\\cas_client\\adaptive_concurrency\\controller.rs","line_number":581}
{"timestamp":"2026-07-31T15:22:42.137798Z","level":"INFO","fields":{"message":"Concurrency control for download: Decreased concurrency from 1 to 1; reason: success ratio below threshold (connection struggling) (success_ratio = 1.000, threshold = 0.500)"},"filename":"D:\\a\\xet-core\\xet-core\\xet_client\\src\\cas_client\\adaptive_concurrency\\controller.rs","line_number":581}
{"timestamp":"2026-07-31T15:22:42.975385Z","level":"INFO","fields":{"message":"Concurrency control for download: Decreased concurrency from 1 to 1; reason: success ratio below threshold (connection struggling) (success_ratio = 1.000, threshold = 0.500)"},"filename":"D:\\a\\xet-core\\xet-core\\xet_client\\src\\cas_client\\adaptive_concurrency\\controller.rs","line_number":581}
{"timestamp":"2026-07-31T15:22:43.497844Z","level":"INFO","fields":{"message":"Concurrency control for download: Decreased concurrency from 1 to 1; reason: success ratio below threshold (connection struggling) (success_ratio = 1.000, threshold = 0.500)"},"filename":"D:\\a\\xet-core\\xet-core\\xet_client\\src\\cas_client\\adaptive_concurrency\\controller.rs","line_number":581}
{"timestamp":"2026-07-31T15:22:44.187330Z","level":"INFO","fields":{"message":"Concurrency control for download: Decreased concurrency from 1 to 1; reason: success ratio below threshold (connection struggling) (success_ratio = 1.000, threshold = 0.500)"},"filename":"D:\\a\\xet-core\\xet-core\\xet_client\\src\\cas_client\\adaptive_concurrency\\controller.rs","line_number":581}
{"timestamp":"2026-07-31T15:22:44.697221Z","level":"INFO","fields":{"message":"Concurrency control for download: Decreased concurrency from 1 to 1; reason: success ratio below threshold (connection struggling) (success_ratio = 1.000, threshold = 0.500)"},"filename":"D:\\a\\xet-core\\xet-core\\xet_client\\src\\cas_client\\adaptive_concurrency\\controller.rs","line_number":581}
{"timestamp":"2026-07-31T15:22:45.557411Z","level":"INFO","fields":{"message":"Concurrency control for download: Decreased concurrency from 1 to 1; reason: success ratio below threshold (connection struggling) (success_ratio = 1.000, threshold = 0.500)"},"filename":"D:\\a\\xet-core\\xet-core\\xet_client\\src\\cas_client\\adaptive_concurrency\\controller.rs","line_number":581}
{"timestamp":"2026-07-31T15:22:46.057417Z","level":"INFO","fields":{"message":"Concurrency control for download: Decreased concurrency from 1 to 1; reason: success ratio below threshold (connection struggling) (success_ratio = 1.000, threshold = 0.500)"},"filename":"D:\\a\\xet-core\\xet-core\\xet_client\\src\\cas_client\\adaptive_concurrency\\controller.rs","line_number":581}
{"timestamp":"2026-07-31T15:22:46.644887Z","level":"INFO","fields":{"message":"Concurrency control for download: Decreased concurrency from 1 to 1; reason: success ratio below threshold (connection struggling) (success_ratio = 1.000, threshold = 0.500)"},"filename":"D:\\a\\xet-core\\xet-core\\xet_client\\src\\cas_client\\adaptive_concurrency\\controller.rs","line_number":581}
{"timestamp":"2026-07-31T15:22:46.644912Z","level":"INFO","fields":{"message":"Concurrency control for download: Current concurrency = 1; predicted bandwidth = 14829; success_ratio = 1.000; reference_size = 15.7MB; observed bytes sent so far = 646712172; completed transmissions = 166"},"filename":"D:\\a\\xet-core\\xet-core\\xet_client\\src\\cas_client\\adaptive_concurrency\\controller.rs","line_number":597}
{"timestamp":"2026-07-31T15:22:47.406589Z","level":"INFO","fields":{"message":"Concurrency control for download: Decreased concurrency from 1 to 1; reason: success ratio below threshold (connection struggling) (success_ratio = 1.000, threshold = 0.500)"},"filename":"D:\\a\\xet-core\\xet-core\\xet_client\\src\\cas_client\\adaptive_concurrency\\controller.rs","line_number":581}
{"timestamp":"2026-07-31T15:22:48.027080Z","level":"INFO","fields":{"message":"Concurrency control for download: Decreased concurrency from 1 to 1; reason: success ratio below threshold (connection struggling) (success_ratio = 1.000, threshold = 0.500)"},"filename":"D:\\a\\xet-core\\xet-core\\xet_client\\src\\cas_client\\adaptive_concurrency\\controller.rs","line_number":581}
{"timestamp":"2026-07-31T15:22:48.599098Z","level":"INFO","fields":{"message":"Concurrency control for download: Decreased concurrency from 1 to 1; reason: success ratio below threshold (connection struggling) (success_ratio = 1.000, threshold = 0.500)"},"filename":"D:\\a\\xet-core\\xet-core\\xet_client\\src\\cas_client\\adaptive_concurrency\\controller.rs","line_number":581}
{"timestamp":"2026-07-31T15:22:49.315973Z","level":"INFO","fields":{"message":"Concurrency control for download: Decreased concurrency from 1 to 1; reason: success ratio below threshold (connection struggling) (success_ratio = 1.000, threshold = 0.500)"},"filename":"D:\\a\\xet-core\\xet-core\\xet_client\\src\\cas_client\\adaptive_concurrency\\controller.rs","line_number":581}
{"timestamp":"2026-07-31T15:22:50.156341Z","level":"INFO","fields":{"message":"Concurrency control for download: Decreased concurrency from 1 to 1; reason: success ratio below threshold (connection struggling) (success_ratio = 1.000, threshold = 0.500)"},"filename":"D:\\a\\xet-core\\xet-core\\xet_client\\src\\cas_client\\adaptive_concurrency\\controller.rs","line_number":581}
{"timestamp":"2026-07-31T15:22:50.685193Z","level":"INFO","fields":{"message":"Concurrency control for download: Decreased concurrency from 1 to 1; reason: success ratio below threshold (connection struggling) (success_ratio = 1.000, threshold = 0.500)"},"filename":"D:\\a\\xet-core\\xet-core\\xet_client\\src\\cas_client\\adaptive_concurrency\\controller.rs","line_number":581}
{"timestamp":"2026-07-31T15:22:51.191166Z","level":"INFO","fields":{"message":"Concurrency control for download: Decreased concurrency from 1 to 1; reason: success ratio below threshold (connection struggling) (success_ratio = 1.000, threshold = 0.500)"},"filename":"D:\\a\\xet-core\\xet-core\\xet_client\\src\\cas_client\\adaptive_concurrency\\controller.rs","line_number":581}
{"timestamp":"2026-07-31T15:22:51.732396Z","level":"INFO","fields":{"message":"Concurrency control for download: Decreased concurrency from 1 to 1; reason: success ratio below threshold (connection struggling) (success_ratio = 1.000, threshold = 0.500)"},"filename":"D:\\a\\xet-core\\xet-core\\xet_client\\src\\cas_client\\adaptive_concurrency\\controller.rs","line_number":581}
{"timestamp":"2026-07-31T15:22:52.733102Z","level":"INFO","fields":{"message":"Concurrency control for download: Decreased concurrency from 1 to 1; reason: success ratio below threshold (connection struggling) (success_ratio = 1.000, threshold = 0.500)"},"filename":"D:\\a\\xet-core\\xet-core\\xet_client\\src\\cas_client\\adaptive_concurrency\\controller.rs","line_number":581}
{"timestamp":"2026-07-31T15:22:53.284234Z","level":"INFO","fields":{"message":"Concurrency control for download: Decreased concurrency from 1 to 1; reason: success ratio below threshold (connection struggling) (success_ratio = 1.000, threshold = 0.500)"},"filename":"D:\\a\\xet-core\\xet-core\\xet_client\\src\\cas_client\\adaptive_concurrency\\controller.rs","line_number":581}
{"timestamp":"2026-07-31T15:22:53.969504Z","level":"INFO","fields":{"message":"Concurrency control for download: Decreased concurrency from 1 to 1; reason: success ratio below threshold (connection struggling) (success_ratio = 1.000, threshold = 0.500)"},"filename":"D:\\a\\xet-core\\xet-core\\xet_client\\src\\cas_client\\adaptive_concurrency\\controller.rs","line_number":581}
{"timestamp":"2026-07-31T15:22:54.597985Z","level":"INFO","fields":{"message":"Concurrency control for download: Decreased concurrency from 1 to 1; reason: success ratio below threshold (connection struggling) (success_ratio = 1.000, threshold = 0.500)"},"filename":"D:\\a\\xet-core\\xet-core\\xet_client\\src\\cas_client\\adaptive_concurrency\\controller.rs","line_number":581}
{"timestamp":"2026-07-31T15:22:55.126501Z","level":"INFO","fields":{"message":"Concurrency control for download: Decreased concurrency from 1 to 1; reason: success ratio below threshold (connection struggling) (success_ratio = 1.000, threshold = 0.500)"},"filename":"D:\\a\\xet-core\\xet-core\\xet_client\\src\\cas_client\\adaptive_concurrency\\controller.rs","line_number":581}
{"timestamp":"2026-07-31T15:22:55.641353Z","level":"INFO","fields":{"message":"Concurrency control for download: Decreased concurrency from 1 to 1; reason: success ratio below threshold (connection struggling) (success_ratio = 1.000, threshold = 0.500)"},"filename":"D:\\a\\xet-core\\xet-core\\xet_client\\src\\cas_client\\adaptive_concurrency\\controller.rs","line_number":581}
{"timestamp":"2026-07-31T15:22:56.162960Z","level":"INFO","fields":{"message":"Concurrency control for download: Decreased concurrency from 1 to 1; reason: success ratio below threshold (connection struggling) (success_ratio = 1.000, threshold = 0.500)"},"filename":"D:\\a\\xet-core\\xet-core\\xet_client\\src\\cas_client\\adaptive_concurrency\\controller.rs","line_number":581}
{"timestamp":"2026-07-31T15:22:56.678899Z","level":"INFO","fields":{"message":"Concurrency control for download: Decreased concurrency from 1 to 1; reason: success ratio below threshold (connection struggling) (success_ratio = 1.000, threshold = 0.500)"},"filename":"D:\\a\\xet-core\\xet-core\\xet_client\\src\\cas_client\\adaptive_concurrency\\controller.rs","line_number":581}
{"timestamp":"2026-07-31T15:22:56.678926Z","level":"INFO","fields":{"message":"Concurrency control for download: Current concurrency = 1; predicted bandwidth = 15861; success_ratio = 1.000; reference_size = 15.7MB; observed bytes sent so far = 651037548; completed transmissions = 166"},"filename":"D:\\a\\xet-core\\xet-core\\xet_client\\src\\cas_client\\adaptive_concurrency\\controller.rs","line_number":597}
{"timestamp":"2026-07-31T15:22:57.542605Z","level":"INFO","fields":{"message":"Concurrency control for download: Decreased concurrency from 1 to 1; reason: success ratio below threshold (connection struggling) (success_ratio = 1.000, threshold = 0.500)"},"filename":"D:\\a\\xet-core\\xet-core\\xet_client\\src\\cas_client\\adaptive_concurrency\\controller.rs","line_number":581}
{"timestamp":"2026-07-31T15:22:58.082455Z","level":"INFO","fields":{"message":"Concurrency control for download: Decreased concurrency from 1 to 1; reason: success ratio below threshold (connection struggling) (success_ratio = 1.000, threshold = 0.500)"},"filename":"D:\\a\\xet-core\\xet-core\\xet_client\\src\\cas_client\\adaptive_concurrency\\controller.rs","line_number":581}
{"timestamp":"2026-07-31T15:22:58.608135Z","level":"INFO","fields":{"message":"Concurrency control for download: Decreased concurrency from 1 to 1; reason: success ratio below threshold (connection struggling) (success_ratio = 1.000, threshold = 0.500)"},"filename":"D:\\a\\xet-core\\xet-core\\xet_client\\src\\cas_client\\adaptive_concurrency\\controller.rs","line_number":581}
{"timestamp":"2026-07-31T15:22:59.712391Z","level":"INFO","fields":{"message":"Concurrency control for download: Decreased concurrency from 1 to 1; reason: success ratio below threshold (connection struggling) (success_ratio = 1.000, threshold = 0.500)"},"filename":"D:\\a\\xet-core\\xet-core\\xet_client\\src\\cas_client\\adaptive_concurrency\\controller.rs","line_number":581}
{"timestamp":"2026-07-31T15:23:00.437911Z","level":"INFO","fields":{"message":"Concurrency control for download: Decreased concurrency from 1 to 1; reason: success ratio below threshold (connection struggling) (success_ratio = 1.000, threshold = 0.500)"},"filename":"D:\\a\\xet-core\\xet-core\\xet_client\\src\\cas_client\\adaptive_concurrency\\controller.rs","line_number":581}
{"timestamp":"2026-07-31T15:23:02.550424Z","level":"INFO","fields":{"message":"Concurrency control for download: Decreased concurrency from 1 to 1; reason: success ratio below threshold (connection struggling) (success_ratio = 1.000, threshold = 0.500)"},"filename":"D:\\a\\xet-core\\xet-core\\xet_client\\src\\cas_client\\adaptive_concurrency\\controller.rs","line_number":581}
{"timestamp":"2026-07-31T15:23:03.087149Z","level":"INFO","fields":{"message":"Concurrency control for download: Decreased concurrency from 1 to 1; reason: success ratio below threshold (connection struggling) (success_ratio = 1.000, threshold = 0.500)"},"filename":"D:\\a\\xet-core\\xet-core\\xet_client\\src\\cas_client\\adaptive_concurrency\\controller.rs","line_number":581}
{"timestamp":"2026-07-31T15:23:03.737388Z","level":"INFO","fields":{"message":"Concurrency control for download: Decreased concurrency from 1 to 1; reason: success ratio below threshold (connection struggling) (success_ratio = 1.000, threshold = 0.500)"},"filename":"D:\\a\\xet-core\\xet-core\\xet_client\\src\\cas_client\\adaptive_concurrency\\controller.rs","line_number":581}
{"timestamp":"2026-07-31T15:23:04.693518Z","level":"INFO","fields":{"message":"Concurrency control for download: Decreased concurrency from 1 to 1; reason: success ratio below threshold (connection struggling) (success_ratio = 1.000, threshold = 0.500)"},"filename":"D:\\a\\xet-core\\xet-core\\xet_client\\src\\cas_client\\adaptive_concurrency\\controller.rs","line_number":581}
{"timestamp":"2026-07-31T15:23:05.390606Z","level":"INFO","fields":{"message":"Concurrency control for download: Decreased concurrency from 1 to 1; reason: success ratio below threshold (connection struggling) (success_ratio = 1.000, threshold = 0.500)"},"filename":"D:\\a\\xet-core\\xet-core\\xet_client\\src\\cas_client\\adaptive_concurrency\\controller.rs","line_number":581}
{"timestamp":"2026-07-31T15:23:06.082389Z","level":"INFO","fields":{"message":"Concurrency control for download: Decreased concurrency from 1 to 1; reason: success ratio below threshold (connection struggling) (success_ratio = 1.000, threshold = 0.500)"},"filename":"D:\\a\\xet-core\\xet-core\\xet_client\\src\\cas_client\\adaptive_concurrency\\controller.rs","line_number":581}
{"timestamp":"2026-07-31T15:23:06.701528Z","level":"INFO","fields":{"message":"Concurrency control for download: Decreased concurrency from 1 to 1; reason: success ratio below threshold (connection struggling) (success_ratio = 1.000, threshold = 0.500)"},"filename":"D:\\a\\xet-core\\xet-core\\xet_client\\src\\cas_client\\adaptive_concurrency\\controller.rs","line_number":581}
{"timestamp":"2026-07-31T15:23:06.701555Z","level":"INFO","fields":{"message":"Concurrency control for download: Current concurrency = 1; predicted bandwidth = 16144; success_ratio = 1.000; reference_size = 15.7MB; observed bytes sent so far = 653478764; completed transmissions = 166"},"filename":"D:\\a\\xet-core\\xet-core\\xet_client\\src\\cas_client\\adaptive_concurrency\\controller.rs","line_number":597}
{"timestamp":"2026-07-31T15:23:08.083948Z","level":"INFO","fields":{"message":"Concurrency control for download: Decreased concurrency from 1 to 1; reason: success ratio below threshold (connection struggling) (success_ratio = 1.000, threshold = 0.500)"},"filename":"D:\\a\\xet-core\\xet-core\\xet_client\\src\\cas_client\\adaptive_concurrency\\controller.rs","line_number":581}
{"timestamp":"2026-07-31T15:23:08.637521Z","level":"INFO","fields":{"message":"Concurrency control for download: Decreased concurrency from 1 to 1; reason: success ratio below threshold (connection struggling) (success_ratio = 1.000, threshold = 0.500)"},"filename":"D:\\a\\xet-core\\xet-core\\xet_client\\src\\cas_client\\adaptive_concurrency\\controller.rs","line_number":581}
{"timestamp":"2026-07-31T15:23:09.319010Z","level":"INFO","fields":{"message":"Concurrency control for download: Decreased concurrency from 1 to 1; reason: success ratio below threshold (connection struggling) (success_ratio = 1.000, threshold = 0.500)"},"filename":"D:\\a\\xet-core\\xet-core\\xet_client\\src\\cas_client\\adaptive_concurrency\\controller.rs","line_number":581}
{"timestamp":"2026-07-31T15:23:10.440670Z","level":"INFO","fields":{"message":"Concurrency control for download: Decreased concurrency from 1 to 1; reason: success ratio below threshold (connection struggling) (success_ratio = 1.000, threshold = 0.500)"},"filename":"D:\\a\\xet-core\\xet-core\\xet_client\\src\\cas_client\\adaptive_concurrency\\controller.rs","line_number":581}
{"timestamp":"2026-07-31T15:23:11.564707Z","level":"INFO","fields":{"message":"Concurrency control for download: Decreased concurrency from 1 to 1; reason: success ratio below threshold (connection struggling) (success_ratio = 1.000, threshold = 0.500)"},"filename":"D:\\a\\xet-core\\xet-core\\xet_client\\src\\cas_client\\adaptive_concurrency\\controller.rs","line_number":581}
{"timestamp":"2026-07-31T15:23:12.350955Z","level":"INFO","fields":{"message":"Concurrency control for download: Decreased concurrency from 1 to 1; reason: success ratio below threshold (connection struggling) (success_ratio = 1.000, threshold = 0.500)"},"filename":"D:\\a\\xet-core\\xet-core\\xet_client\\src\\cas_client\\adaptive_concurrency\\controller.rs","line_number":581}
{"timestamp":"2026-07-31T15:23:13.053696Z","level":"INFO","fields":{"message":"Concurrency control for download: Decreased concurrency from 1 to 1; reason: success ratio below threshold (connection struggling) (success_ratio = 1.000, threshold = 0.500)"},"filename":"D:\\a\\xet-core\\xet-core\\xet_client\\src\\cas_client\\adaptive_concurrency\\controller.rs","line_number":581}
{"timestamp":"2026-07-31T15:23:13.594441Z","level":"INFO","fields":{"message":"Concurrency control for download: Decreased concurrency from 1 to 1; reason: success ratio below threshold (connection struggling) (success_ratio = 1.000, threshold = 0.500)"},"filename":"D:\\a\\xet-core\\xet-core\\xet_client\\src\\cas_client\\adaptive_concurrency\\controller.rs","line_number":581}
{"timestamp":"2026-07-31T15:23:14.329191Z","level":"INFO","fields":{"message":"Concurrency control for download: Decreased concurrency from 1 to 1; reason: success ratio below threshold (connection struggling) (success_ratio = 1.000, threshold = 0.500)"},"filename":"D:\\a\\xet-core\\xet-core\\xet_client\\src\\cas_client\\adaptive_concurrency\\controller.rs","line_number":581}
{"timestamp":"2026-07-31T15:23:14.936945Z","level":"INFO","fields":{"message":"Concurrency control for download: Decreased concurrency from 1 to 1; reason: success ratio below threshold (connection struggling) (success_ratio = 1.000, threshold = 0.500)"},"filename":"D:\\a\\xet-core\\xet-core\\xet_client\\src\\cas_client\\adaptive_concurrency\\controller.rs","line_number":581}
{"timestamp":"2026-07-31T15:23:15.524164Z","level":"INFO","fields":{"message":"Concurrency control for download: Decreased concurrency from 1 to 1; reason: success ratio below threshold (connection struggling) (success_ratio = 1.000, threshold = 0.500)"},"filename":"D:\\a\\xet-core\\xet-core\\xet_client\\src\\cas_client\\adaptive_concurrency\\controller.rs","line_number":581}
{"timestamp":"2026-07-31T15:23:16.169500Z","level":"INFO","fields":{"message":"Concurrency control for download: Decreased concurrency from 1 to 1; reason: success ratio below threshold (connection struggling) (success_ratio = 1.000, threshold = 0.500)"},"filename":"D:\\a\\xet-core\\xet-core\\xet_client\\src\\cas_client\\adaptive_concurrency\\controller.rs","line_number":581}
{"timestamp":"2026-07-31T15:23:16.702527Z","level":"INFO","fields":{"message":"Concurrency control for download: Decreased concurrency from 1 to 1; reason: success ratio below threshold (connection struggling) (success_ratio = 1.000, threshold = 0.500)"},"filename":"D:\\a\\xet-core\\xet-core\\xet_client\\src\\cas_client\\adaptive_concurrency\\controller.rs","line_number":581}
{"timestamp":"2026-07-31T15:23:16.702551Z","level":"INFO","fields":{"message":"Concurrency control for download: Current concurrency = 1; predicted bandwidth = 16121; success_ratio = 1.000; reference_size = 15.7MB; observed bytes sent so far = 655559532; completed transmissions = 166"},"filename":"D:\\a\\xet-core\\xet-core\\xet_client\\src\\cas_client\\adaptive_concurrency\\controller.rs","line_number":597}
{"timestamp":"2026-07-31T15:23:17.208810Z","level":"INFO","fields":{"message":"Concurrency control for download: Decreased concurrency from 1 to 1; reason: success ratio below threshold (connection struggling) (success_ratio = 1.000, threshold = 0.500)"},"filename":"D:\\a\\xet-core\\xet-core\\xet_client\\src\\cas_client\\adaptive_concurrency\\controller.rs","line_number":581}
{"timestamp":"2026-07-31T15:23:17.713600Z","level":"INFO","fields":{"message":"Concurrency control for download: Decreased concurrency from 1 to 1; reason: success ratio below threshold (connection struggling) (success_ratio = 1.000, threshold = 0.500)"},"filename":"D:\\a\\xet-core\\xet-core\\xet_client\\src\\cas_client\\adaptive_concurrency\\controller.rs","line_number":581}
{"timestamp":"2026-07-31T15:23:18.352766Z","level":"INFO","fields":{"message":"Concurrency control for download: Decreased concurrency from 1 to 1; reason: success ratio below threshold (connection struggling) (success_ratio = 1.000, threshold = 0.500)"},"filename":"D:\\a\\xet-core\\xet-core\\xet_client\\src\\cas_client\\adaptive_concurrency\\controller.rs","line_number":581}
{"timestamp":"2026-07-31T15:23:19.154162Z","level":"INFO","fields":{"message":"Concurrency control for download: Decreased concurrency from 1 to 1; reason: success ratio below threshold (connection struggling) (success_ratio = 1.000, threshold = 0.500)"},"filename":"D:\\a\\xet-core\\xet-core\\xet_client\\src\\cas_client\\adaptive_concurrency\\controller.rs","line_number":581}
{"timestamp":"2026-07-31T15:23:19.743370Z","level":"INFO","fields":{"message":"Concurrency control for download: Decreased concurrency from 1 to 1; reason: success ratio below threshold (connection struggling) (success_ratio = 1.000, threshold = 0.500)"},"filename":"D:\\a\\xet-core\\xet-core\\xet_client\\src\\cas_client\\adaptive_concurrency\\controller.rs","line_number":581}
{"timestamp":"2026-07-31T15:23:20.348644Z","level":"INFO","fields":{"message":"Concurrency control for download: Decreased concurrency from 1 to 1; reason: success ratio below threshold (connection struggling) (success_ratio = 1.000, threshold = 0.500)"},"filename":"D:\\a\\xet-core\\xet-core\\xet_client\\src\\cas_client\\adaptive_concurrency\\controller.rs","line_number":581}
{"timestamp":"2026-07-31T15:23:20.997321Z","level":"INFO","fields":{"message":"Concurrency control for download: Decreased concurrency from 1 to 1; reason: success ratio below threshold (connection struggling) (success_ratio = 1.000, threshold = 0.500)"},"filename":"D:\\a\\xet-core\\xet-core\\xet_client\\src\\cas_client\\adaptive_concurrency\\controller.rs","line_number":581}
{"timestamp":"2026-07-31T15:23:21.744564Z","level":"INFO","fields":{"message":"Concurrency control for download: Decreased concurrency from 1 to 1; reason: success ratio below threshold (connection struggling) (success_ratio = 1.000, threshold = 0.500)"},"filename":"D:\\a\\xet-core\\xet-core\\xet_client\\src\\cas_client\\adaptive_concurrency\\controller.rs","line_number":581}
{"timestamp":"2026-07-31T15:23:22.980356Z","level":"INFO","fields":{"message":"Concurrency control for download: Decreased concurrency from 1 to 1; reason: success ratio below threshold (connection struggling) (success_ratio = 1.000, threshold = 0.500)"},"filename":"D:\\a\\xet-core\\xet-core\\xet_client\\src\\cas_client\\adaptive_concurrency\\controller.rs","line_number":581}
{"timestamp":"2026-07-31T15:23:23.506362Z","level":"INFO","fields":{"message":"Concurrency control for download: Decreased concurrency from 1 to 1; reason: success ratio below threshold (connection struggling) (success_ratio = 1.000, threshold = 0.500)"},"filename":"D:\\a\\xet-core\\xet-core\\xet_client\\src\\cas_client\\adaptive_concurrency\\controller.rs","line_number":581}
{"timestamp":"2026-07-31T15:23:24.044883Z","level":"INFO","fields":{"message":"Concurrency control for download: Decreased concurrency from 1 to 1; reason: success ratio below threshold (connection struggling) (success_ratio = 1.000, threshold = 0.500)"},"filename":"D:\\a\\xet-core\\xet-core\\xet_client\\src\\cas_client\\adaptive_concurrency\\controller.rs","line_number":581}
{"timestamp":"2026-07-31T15:23:24.585249Z","level":"INFO","fields":{"message":"Concurrency control for download: Decreased concurrency from 1 to 1; reason: success ratio below threshold (connection struggling) (success_ratio = 1.000, threshold = 0.500)"},"filename":"D:\\a\\xet-core\\xet-core\\xet_client\\src\\cas_client\\adaptive_concurrency\\controller.rs","line_number":581}
{"timestamp":"2026-07-31T15:23:25.736977Z","level":"INFO","fields":{"message":"Concurrency control for download: Decreased concurrency from 1 to 1; reason: success ratio below threshold (connection struggling) (success_ratio = 1.000, threshold = 0.500)"},"filename":"D:\\a\\xet-core\\xet-core\\xet_client\\src\\cas_client\\adaptive_concurrency\\controller.rs","line_number":581}
{"timestamp":"2026-07-31T15:23:26.504929Z","level":"INFO","fields":{"message":"Concurrency control for download: Decreased concurrency from 1 to 1; reason: success ratio below threshold (connection struggling) (success_ratio = 1.000, threshold = 0.500)"},"filename":"D:\\a\\xet-core\\xet-core\\xet_client\\src\\cas_client\\adaptive_concurrency\\controller.rs","line_number":581}
{"timestamp":"2026-07-31T15:23:26.739042Z","level":"INFO","fields":{"message":"Concurrency control for download: Current concurrency = 1; predicted bandwidth = 15951; success_ratio = 1.000; reference_size = 15.7MB; observed bytes sent so far = 657722220; completed transmissions = 166"},"filename":"D:\\a\\xet-core\\xet-core\\xet_client\\src\\cas_client\\adaptive_concurrency\\controller.rs","line_number":597}
{"timestamp":"2026-07-31T15:23:28.731747Z","level":"INFO","fields":{"message":"Concurrency control for download: Decreased concurrency from 1 to 1; reason: success ratio below threshold (connection struggling) (success_ratio = 1.000, threshold = 0.500)"},"filename":"D:\\a\\xet-core\\xet-core\\xet_client\\src\\cas_client\\adaptive_concurrency\\controller.rs","line_number":581}
{"timestamp":"2026-07-31T15:23:30.405717Z","level":"INFO","fields":{"message":"Concurrency control for download: Decreased concurrency from 1 to 1; reason: success ratio below threshold (connection struggling) (success_ratio = 1.000, threshold = 0.500)"},"filename":"D:\\a\\xet-core\\xet-core\\xet_client\\src\\cas_client\\adaptive_concurrency\\controller.rs","line_number":581}
{"timestamp":"2026-07-31T15:23:31.027976Z","level":"INFO","fields":{"message":"Concurrency control for download: Decreased concurrency from 1 to 1; reason: success ratio below threshold (connection struggling) (success_ratio = 1.000, threshold = 0.500)"},"filename":"D:\\a\\xet-core\\xet-core\\xet_client\\src\\cas_client\\adaptive_concurrency\\controller.rs","line_number":581}
{"timestamp":"2026-07-31T15:23:31.561547Z","level":"INFO","fields":{"message":"Concurrency control for download: Decreased concurrency from 1 to 1; reason: success ratio below threshold (connection struggling) (success_ratio = 1.000, threshold = 0.500)"},"filename":"D:\\a\\xet-core\\xet-core\\xet_client\\src\\cas_client\\adaptive_concurrency\\controller.rs","line_number":581}
{"timestamp":"2026-07-31T15:23:32.116953Z","level":"INFO","fields":{"message":"Concurrency control for download: Decreased concurrency from 1 to 1; reason: success ratio below threshold (connection struggling) (success_ratio = 1.000, threshold = 0.500)"},"filename":"D:\\a\\xet-core\\xet-core\\xet_client\\src\\cas_client\\adaptive_concurrency\\controller.rs","line_number":581}
{"timestamp":"2026-07-31T15:23:32.673265Z","level":"INFO","fields":{"message":"Concurrency control for download: Decreased concurrency from 1 to 1; reason: success ratio below threshold (connection struggling) (success_ratio = 1.000, threshold = 0.500)"},"filename":"D:\\a\\xet-core\\xet-core\\xet_client\\src\\cas_client\\adaptive_concurrency\\controller.rs","line_number":581}
{"timestamp":"2026-07-31T15:23:33.503780Z","level":"INFO","fields":{"message":"Concurrency control for download: Decreased concurrency from 1 to 1; reason: success ratio below threshold (connection struggling) (success_ratio = 1.000, threshold = 0.500)"},"filename":"D:\\a\\xet-core\\xet-core\\xet_client\\src\\cas_client\\adaptive_concurrency\\controller.rs","line_number":581}
{"timestamp":"2026-07-31T15:23:34.079866Z","level":"INFO","fields":{"message":"Concurrency control for download: Decreased concurrency from 1 to 1; reason: success ratio below threshold (connection struggling) (success_ratio = 1.000, threshold = 0.500)"},"filename":"D:\\a\\xet-core\\xet-core\\xet_client\\src\\cas_client\\adaptive_concurrency\\controller.rs","line_number":581}
{"timestamp":"2026-07-31T15:23:34.596235Z","level":"INFO","fields":{"message":"Concurrency control for download: Decreased concurrency from 1 to 1; reason: success ratio below threshold (connection struggling) (success_ratio = 1.000, threshold = 0.500)"},"filename":"D:\\a\\xet-core\\xet-core\\xet_client\\src\\cas_client\\adaptive_concurrency\\controller.rs","line_number":581}
{"timestamp":"2026-07-31T15:23:35.100266Z","level":"INFO","fields":{"message":"Concurrency control for download: Decreased concurrency from 1 to 1; reason: success ratio below threshold (connection struggling) (success_ratio = 1.000, threshold = 0.500)"},"filename":"D:\\a\\xet-core\\xet-core\\xet_client\\src\\cas_client\\adaptive_concurrency\\controller.rs","line_number":581}
{"timestamp":"2026-07-31T15:23:35.685317Z","level":"INFO","fields":{"message":"Concurrency control for download: Decreased concurrency from 1 to 1; reason: success ratio below threshold (connection struggling) (success_ratio = 1.000, threshold = 0.500)"},"filename":"D:\\a\\xet-core\\xet-core\\xet_client\\src\\cas_client\\adaptive_concurrency\\controller.rs","line_number":581}
{"timestamp":"2026-07-31T15:23:36.217798Z","level":"INFO","fields":{"message":"Concurrency control for download: Decreased concurrency from 1 to 1; reason: success ratio below threshold (connection struggling) (success_ratio = 1.000, threshold = 0.500)"},"filename":"D:\\a\\xet-core\\xet-core\\xet_client\\src\\cas_client\\adaptive_concurrency\\controller.rs","line_number":581}
{"timestamp":"2026-07-31T15:23:36.723504Z","level":"INFO","fields":{"message":"Concurrency control for download: Decreased concurrency from 1 to 1; reason: success ratio below threshold (connection struggling) (success_ratio = 1.000, threshold = 0.500)"},"filename":"D:\\a\\xet-core\\xet-core\\xet_client\\src\\cas_client\\adaptive_concurrency\\controller.rs","line_number":581}
{"timestamp":"2026-07-31T15:23:36.752884Z","level":"INFO","fields":{"message":"Concurrency control for download: Current concurrency = 1; predicted bandwidth = 16711; success_ratio = 1.000; reference_size = 17.3MB; observed bytes sent so far = 661538068; completed transmissions = 167"},"filename":"D:\\a\\xet-core\\xet-core\\xet_client\\src\\cas_client\\adaptive_concurrency\\controller.rs","line_number":597}
{"timestamp":"2026-07-31T15:23:37.239474Z","level":"INFO","fields":{"message":"Concurrency control for download: Decreased concurrency from 1 to 1; reason: success ratio below threshold (connection struggling) (success_ratio = 1.000, threshold = 0.500)"},"filename":"D:\\a\\xet-core\\xet-core\\xet_client\\src\\cas_client\\adaptive_concurrency\\controller.rs","line_number":581}
{"timestamp":"2026-07-31T15:23:37.741640Z","level":"INFO","fields":{"message":"Concurrency control for download: Decreased concurrency from 1 to 1; reason: success ratio below threshold (connection struggling) (success_ratio = 1.000, threshold = 0.500)"},"filename":"D:\\a\\xet-core\\xet-core\\xet_client\\src\\cas_client\\adaptive_concurrency\\controller.rs","line_number":581}
{"timestamp":"2026-07-31T15:23:38.246336Z","level":"INFO","fields":{"message":"Concurrency control for download: Decreased concurrency from 1 to 1; reason: success ratio below threshold (connection struggling) (success_ratio = 1.000, threshold = 0.500)"},"filename":"D:\\a\\xet-core\\xet-core\\xet_client\\src\\cas_client\\adaptive_concurrency\\controller.rs","line_number":581}
{"timestamp":"2026-07-31T15:23:38.757588Z","level":"INFO","fields":{"message":"Concurrency control for download: Decreased concurrency from 1 to 1; reason: success ratio below threshold (connection struggling) (success_ratio = 1.000, threshold = 0.500)"},"filename":"D:\\a\\xet-core\\xet-core\\xet_client\\src\\cas_client\\adaptive_concurrency\\controller.rs","line_number":581}
{"timestamp":"2026-07-31T15:23:39.272751Z","level":"INFO","fields":{"message":"Concurrency control for download: Decreased concurrency from 1 to 1; reason: success ratio below threshold (connection struggling) (success_ratio = 1.000, threshold = 0.500)"},"filename":"D:\\a\\xet-core\\xet-core\\xet_client\\src\\cas_client\\adaptive_concurrency\\controller.rs","line_number":581}
{"timestamp":"2026-07-31T15:23:39.820241Z","level":"INFO","fields":{"message":"Concurrency control for download: Decreased concurrency from 1 to 1; reason: success ratio below threshold (connection struggling) (success_ratio = 1.000, threshold = 0.500)"},"filename":"D:\\a\\xet-core\\xet-core\\xet_client\\src\\cas_client\\adaptive_concurrency\\controller.rs","line_number":581}
{"timestamp":"2026-07-31T15:23:40.421684Z","level":"INFO","fields":{"message":"Concurrency control for download: Decreased concurrency from 1 to 1; reason: success ratio below threshold (connection struggling) (success_ratio = 1.000, threshold = 0.500)"},"filename":"D:\\a\\xet-core\\xet-core\\xet_client\\src\\cas_client\\adaptive_concurrency\\controller.rs","line_number":581}
{"timestamp":"2026-07-31T15:23:40.922243Z","level":"INFO","fields":{"message":"Concurrency control for download: Decreased concurrency from 1 to 1; reason: success ratio below threshold (connection struggling) (success_ratio = 1.000, threshold = 0.500)"},"filename":"D:\\a\\xet-core\\xet-core\\xet_client\\src\\cas_client\\adaptive_concurrency\\controller.rs","line_number":581}
{"timestamp":"2026-07-31T15:23:41.444472Z","level":"INFO","fields":{"message":"Concurrency control for download: Decreased concurrency from 1 to 1; reason: success ratio below threshold (connection struggling) (success_ratio = 1.000, threshold = 0.500)"},"filename":"D:\\a\\xet-core\\xet-core\\xet_client\\src\\cas_client\\adaptive_concurrency\\controller.rs","line_number":581}
{"timestamp":"2026-07-31T15:23:41.984466Z","level":"INFO","fields":{"message":"Concurrency control for download: Decreased concurrency from 1 to 1; reason: success ratio below threshold (connection struggling) (success_ratio = 1.000, threshold = 0.500)"},"filename":"D:\\a\\xet-core\\xet-core\\xet_client\\src\\cas_client\\adaptive_concurrency\\controller.rs","line_number":581}
{"timestamp":"2026-07-31T15:23:42.573637Z","level":"INFO","fields":{"message":"Concurrency control for download: Decreased concurrency from 1 to 1; reason: success ratio below threshold (connection struggling) (success_ratio = 1.000, threshold = 0.500)"},"filename":"D:\\a\\xet-core\\xet-core\\xet_client\\src\\cas_client\\adaptive_concurrency\\controller.rs","line_number":581}
{"timestamp":"2026-07-31T15:23:43.082309Z","level":"INFO","fields":{"message":"Concurrency control for download: Decreased concurrency from 1 to 1; reason: success ratio below threshold (connection struggling) (success_ratio = 1.000, threshold = 0.500)"},"filename":"D:\\a\\xet-core\\xet-core\\xet_client\\src\\cas_client\\adaptive_concurrency\\controller.rs","line_number":581}
{"timestamp":"2026-07-31T15:23:43.722167Z","level":"INFO","fields":{"message":"Concurrency control for download: Decreased concurrency from 1 to 1; reason: success ratio below threshold (connection struggling) (success_ratio = 1.000, threshold = 0.500)"},"filename":"D:\\a\\xet-core\\xet-core\\xet_client\\src\\cas_client\\adaptive_concurrency\\controller.rs","line_number":581}
{"timestamp":"2026-07-31T15:23:44.225680Z","level":"INFO","fields":{"message":"Concurrency control for download: Decreased concurrency from 1 to 1; reason: success ratio below threshold (connection struggling) (success_ratio = 1.000, threshold = 0.500)"},"filename":"D:\\a\\xet-core\\xet-core\\xet_client\\src\\cas_client\\adaptive_concurrency\\controller.rs","line_number":581}
{"timestamp":"2026-07-31T15:23:44.731467Z","level":"INFO","fields":{"message":"Concurrency control for download: Decreased concurrency from 1 to 1; reason: success ratio below threshold (connection struggling) (success_ratio = 1.000, threshold = 0.500)"},"filename":"D:\\a\\xet-core\\xet-core\\xet_client\\src\\cas_client\\adaptive_concurrency\\controller.rs","line_number":581}
{"timestamp":"2026-07-31T15:23:45.250476Z","level":"INFO","fields":{"message":"Concurrency control for download: Decreased concurrency from 1 to 1; reason: success ratio below threshold (connection struggling) (success_ratio = 1.000, threshold = 0.500)"},"filename":"D:\\a\\xet-core\\xet-core\\xet_client\\src\\cas_client\\adaptive_concurrency\\controller.rs","line_number":581}
{"timestamp":"2026-07-31T15:23:45.766948Z","level":"INFO","fields":{"message":"Concurrency control for download: Decreased concurrency from 1 to 1; reason: success ratio below threshold (connection struggling) (success_ratio = 1.000, threshold = 0.500)"},"filename":"D:\\a\\xet-core\\xet-core\\xet_client\\src\\cas_client\\adaptive_concurrency\\controller.rs","line_number":581}
{"timestamp":"2026-07-31T15:23:46.362214Z","level":"INFO","fields":{"message":"Concurrency control for download: Decreased concurrency from 1 to 1; reason: success ratio below threshold (connection struggling) (success_ratio = 1.000, threshold = 0.500)"},"filename":"D:\\a\\xet-core\\xet-core\\xet_client\\src\\cas_client\\adaptive_concurrency\\controller.rs","line_number":581}
{"timestamp":"2026-07-31T15:23:46.788106Z","level":"INFO","fields":{"message":"Concurrency control for download: Current concurrency = 1; predicted bandwidth = 15369; success_ratio = 1.000; reference_size = 20.6MB; observed bytes sent so far = 669735353; completed transmissions = 169"},"filename":"D:\\a\\xet-core\\xet-core\\xet_client\\src\\cas_client\\adaptive_concurrency\\controller.rs","line_number":597}
{"timestamp":"2026-07-31T15:23:47.078218Z","level":"INFO","fields":{"message":"Concurrency control for download: Decreased concurrency from 1 to 1; reason: success ratio below threshold (connection struggling) (success_ratio = 1.000, threshold = 0.500)"},"filename":"D:\\a\\xet-core\\xet-core\\xet_client\\src\\cas_client\\adaptive_concurrency\\controller.rs","line_number":581}
{"timestamp":"2026-07-31T15:23:47.603648Z","level":"INFO","fields":{"message":"Concurrency control for download: Decreased concurrency from 1 to 1; reason: success ratio below threshold (connection struggling) (success_ratio = 1.000, threshold = 0.500)"},"filename":"D:\\a\\xet-core\\xet-core\\xet_client\\src\\cas_client\\adaptive_concurrency\\controller.rs","line_number":581}
{"timestamp":"2026-07-31T15:23:48.132896Z","level":"INFO","fields":{"message":"Concurrency control for download: Decreased concurrency from 1 to 1; reason: success ratio below threshold (connection struggling) (success_ratio = 1.000, threshold = 0.500)"},"filename":"D:\\a\\xet-core\\xet-core\\xet_client\\src\\cas_client\\adaptive_concurrency\\controller.rs","line_number":581}
{"timestamp":"2026-07-31T15:23:48.651751Z","level":"INFO","fields":{"message":"Concurrency control for download: Decreased concurrency from 1 to 1; reason: success ratio below threshold (connection struggling) (success_ratio = 1.000, threshold = 0.500)"},"filename":"D:\\a\\xet-core\\xet-core\\xet_client\\src\\cas_client\\adaptive_concurrency\\controller.rs","line_number":581}
{"timestamp":"2026-07-31T15:23:49.283094Z","level":"INFO","fields":{"message":"Concurrency control for download: Decreased concurrency from 1 to 1; reason: success ratio below threshold (connection struggling) (success_ratio = 1.000, threshold = 0.500)"},"filename":"D:\\a\\xet-core\\xet-core\\xet_client\\src\\cas_client\\adaptive_concurrency\\controller.rs","line_number":581}
{"timestamp":"2026-07-31T15:23:50.593592Z","level":"INFO","fields":{"message":"Concurrency control for download: Decreased concurrency from 1 to 1; reason: success ratio below threshold (connection struggling) (success_ratio = 1.000, threshold = 0.500)"},"filename":"D:\\a\\xet-core\\xet-core\\xet_client\\src\\cas_client\\adaptive_concurrency\\controller.rs","line_number":581}
{"timestamp":"2026-07-31T15:23:51.094615Z","level":"INFO","fields":{"message":"Concurrency control for download: Decreased concurrency from 1 to 1; reason: success ratio below threshold (connection struggling) (success_ratio = 1.000, threshold = 0.500)"},"filename":"D:\\a\\xet-core\\xet-core\\xet_client\\src\\cas_client\\adaptive_concurrency\\controller.rs","line_number":581}
{"timestamp":"2026-07-31T15:23:51.622974Z","level":"INFO","fields":{"message":"Concurrency control for download: Decreased concurrency from 1 to 1; reason: success ratio below threshold (connection struggling) (success_ratio = 1.000, threshold = 0.500)"},"filename":"D:\\a\\xet-core\\xet-core\\xet_client\\src\\cas_client\\adaptive_concurrency\\controller.rs","line_number":581}
{"timestamp":"2026-07-31T15:23:52.364478Z","level":"INFO","fields":{"message":"Concurrency control for download: Decreased concurrency from 1 to 1; reason: success ratio below threshold (connection struggling) (success_ratio = 1.000, threshold = 0.500)"},"filename":"D:\\a\\xet-core\\xet-core\\xet_client\\src\\cas_client\\adaptive_concurrency\\controller.rs","line_number":581}
{"timestamp":"2026-07-31T15:23:52.870097Z","level":"INFO","fields":{"message":"Concurrency control for download: Decreased concurrency from 1 to 1; reason: success ratio below threshold (connection struggling) (success_ratio = 1.000, threshold = 0.500)"},"filename":"D:\\a\\xet-core\\xet-core\\xet_client\\src\\cas_client\\adaptive_concurrency\\controller.rs","line_number":581}
{"timestamp":"2026-07-31T15:23:53.400472Z","level":"INFO","fields":{"message":"Concurrency control for download: Decreased concurrency from 1 to 1; reason: success ratio below threshold (connection struggling) (success_ratio = 1.000, threshold = 0.500)"},"filename":"D:\\a\\xet-core\\xet-core\\xet_client\\src\\cas_client\\adaptive_concurrency\\controller.rs","line_number":581}
{"timestamp":"2026-07-31T15:23:53.917365Z","level":"INFO","fields":{"message":"Concurrency control for download: Decreased concurrency from 1 to 1; reason: success ratio below threshold (connection struggling) (success_ratio = 1.000, threshold = 0.500)"},"filename":"D:\\a\\xet-core\\xet-core\\xet_client\\src\\cas_client\\adaptive_concurrency\\controller.rs","line_number":581}
{"timestamp":"2026-07-31T15:23:54.440905Z","level":"INFO","fields":{"message":"Concurrency control for download: Decreased concurrency from 1 to 1; reason: success ratio below threshold (connection struggling) (success_ratio = 1.000, threshold = 0.500)"},"filename":"D:\\a\\xet-core\\xet-core\\xet_client\\src\\cas_client\\adaptive_concurrency\\controller.rs","line_number":581}
{"timestamp":"2026-07-31T15:23:55.083304Z","level":"INFO","fields":{"message":"Concurrency control for download: Decreased concurrency from 1 to 1; reason: success ratio below threshold (connection struggling) (success_ratio = 1.000, threshold = 0.500)"},"filename":"D:\\a\\xet-core\\xet-core\\xet_client\\src\\cas_client\\adaptive_concurrency\\controller.rs","line_number":581}
{"timestamp":"2026-07-31T15:23:55.730495Z","level":"INFO","fields":{"message":"Concurrency control for download: Decreased concurrency from 1 to 1; reason: success ratio below threshold (connection struggling) (success_ratio = 1.000, threshold = 0.500)"},"filename":"D:\\a\\xet-core\\xet-core\\xet_client\\src\\cas_client\\adaptive_concurrency\\controller.rs","line_number":581}
{"timestamp":"2026-07-31T15:23:56.235422Z","level":"INFO","fields":{"message":"Concurrency control for download: Decreased concurrency from 1 to 1; reason: success ratio below threshold (connection struggling) (success_ratio = 1.000, threshold = 0.500)"},"filename":"D:\\a\\xet-core\\xet-core\\xet_client\\src\\cas_client\\adaptive_concurrency\\controller.rs","line_number":581}
{"timestamp":"2026-07-31T15:23:57.489300Z","level":"INFO","fields":{"message":"Concurrency control for download: Decreased concurrency from 1 to 1; reason: success ratio below threshold (connection struggling) (success_ratio = 1.000, threshold = 0.500)"},"filename":"D:\\a\\xet-core\\xet-core\\xet_client\\src\\cas_client\\adaptive_concurrency\\controller.rs","line_number":581}
{"timestamp":"2026-07-31T15:23:57.489329Z","level":"INFO","fields":{"message":"Concurrency control for download: Current concurrency = 1; predicted bandwidth = 15638; success_ratio = 1.000; reference_size = 20.6MB; observed bytes sent so far = 673782201; completed transmissions = 169"},"filename":"D:\\a\\xet-core\\xet-core\\xet_client\\src\\cas_client\\adaptive_concurrency\\controller.rs","line_number":597}
{"timestamp":"2026-07-31T15:23:58.101259Z","level":"INFO","fields":{"message":"Concurrency control for download: Decreased concurrency from 1 to 1; reason: success ratio below threshold (connection struggling) (success_ratio = 1.000, threshold = 0.500)"},"filename":"D:\\a\\xet-core\\xet-core\\xet_client\\src\\cas_client\\adaptive_concurrency\\controller.rs","line_number":581}
{"timestamp":"2026-07-31T15:23:58.603351Z","level":"INFO","fields":{"message":"Concurrency control for download: Decreased concurrency from 1 to 1; reason: success ratio below threshold (connection struggling) (success_ratio = 1.000, threshold = 0.500)"},"filename":"D:\\a\\xet-core\\xet-core\\xet_client\\src\\cas_client\\adaptive_concurrency\\controller.rs","line_number":581}
{"timestamp":"2026-07-31T15:23:59.122594Z","level":"INFO","fields":{"message":"Concurrency control for download: Decreased concurrency from 1 to 1; reason: success ratio below threshold (connection struggling) (success_ratio = 1.000, threshold = 0.500)"},"filename":"D:\\a\\xet-core\\xet-core\\xet_client\\src\\cas_client\\adaptive_concurrency\\controller.rs","line_number":581}
{"timestamp":"2026-07-31T15:23:59.730990Z","level":"INFO","fields":{"message":"Concurrency control for download: Decreased concurrency from 1 to 1; reason: success ratio below threshold (connection struggling) (success_ratio = 1.000, threshold = 0.500)"},"filename":"D:\\a\\xet-core\\xet-core\\xet_client\\src\\cas_client\\adaptive_concurrency\\controller.rs","line_number":581}
{"timestamp":"2026-07-31T15:24:00.729115Z","level":"INFO","fields":{"message":"Concurrency control for download: Decreased concurrency from 1 to 1; reason: success ratio below threshold (connection struggling) (success_ratio = 1.000, threshold = 0.500)"},"filename":"D:\\a\\xet-core\\xet-core\\xet_client\\src\\cas_client\\adaptive_concurrency\\controller.rs","line_number":581}
{"timestamp":"2026-07-31T15:24:01.310544Z","level":"INFO","fields":{"message":"Concurrency control for download: Decreased concurrency from 1 to 1; reason: success ratio below threshold (connection struggling) (success_ratio = 1.000, threshold = 0.500)"},"filename":"D:\\a\\xet-core\\xet-core\\xet_client\\src\\cas_client\\adaptive_concurrency\\controller.rs","line_number":581}
{"timestamp":"2026-07-31T15:24:01.863875Z","level":"INFO","fields":{"message":"Concurrency control for download: Decreased concurrency from 1 to 1; reason: success ratio below threshold (connection struggling) (success_ratio = 1.000, threshold = 0.500)"},"filename":"D:\\a\\xet-core\\xet-core\\xet_client\\src\\cas_client\\adaptive_concurrency\\controller.rs","line_number":581}
{"timestamp":"2026-07-31T15:24:02.733771Z","level":"INFO","fields":{"message":"Concurrency control for download: Decreased concurrency from 1 to 1; reason: success ratio below threshold (connection struggling) (success_ratio = 1.000, threshold = 0.500)"},"filename":"D:\\a\\xet-core\\xet-core\\xet_client\\src\\cas_client\\adaptive_concurrency\\controller.rs","line_number":581}
{"timestamp":"2026-07-31T15:24:03.528153Z","level":"INFO","fields":{"message":"Concurrency control for download: Decreased concurrency from 1 to 1; reason: success ratio below threshold (connection struggling) (success_ratio = 1.000, threshold = 0.500)"},"filename":"D:\\a\\xet-core\\xet-core\\xet_client\\src\\cas_client\\adaptive_concurrency\\controller.rs","line_number":581}
{"timestamp":"2026-07-31T15:24:04.377698Z","level":"INFO","fields":{"message":"Concurrency control for download: Decreased concurrency from 1 to 1; reason: success ratio below threshold (connection struggling) (success_ratio = 1.000, threshold = 0.500)"},"filename":"D:\\a\\xet-core\\xet-core\\xet_client\\src\\cas_client\\adaptive_concurrency\\controller.rs","line_number":581}
{"timestamp":"2026-07-31T15:24:04.914347Z","level":"INFO","fields":{"message":"Concurrency control for download: Decreased concurrency from 1 to 1; reason: success ratio below threshold (connection struggling) (success_ratio = 1.000, threshold = 0.500)"},"filename":"D:\\a\\xet-core\\xet-core\\xet_client\\src\\cas_client\\adaptive_concurrency\\controller.rs","line_number":581}
{"timestamp":"2026-07-31T15:24:05.420013Z","level":"INFO","fields":{"message":"Concurrency control for download: Decreased concurrency from 1 to 1; reason: success ratio below threshold (connection struggling) (success_ratio = 1.000, threshold = 0.500)"},"filename":"D:\\a\\xet-core\\xet-core\\xet_client\\src\\cas_client\\adaptive_concurrency\\controller.rs","line_number":581}
{"timestamp":"2026-07-31T15:24:05.927883Z","level":"INFO","fields":{"message":"Concurrency control for download: Decreased concurrency from 1 to 1; reason: success ratio below threshold (connection struggling) (success_ratio = 1.000, threshold = 0.500)"},"filename":"D:\\a\\xet-core\\xet-core\\xet_client\\src\\cas_client\\adaptive_concurrency\\controller.rs","line_number":581}
{"timestamp":"2026-07-31T15:24:06.476362Z","level":"INFO","fields":{"message":"Concurrency control for download: Decreased concurrency from 1 to 1; reason: success ratio below threshold (connection struggling) (success_ratio = 1.000, threshold = 0.500)"},"filename":"D:\\a\\xet-core\\xet-core\\xet_client\\src\\cas_client\\adaptive_concurrency\\controller.rs","line_number":581}
{"timestamp":"2026-07-31T15:24:06.993352Z","level":"INFO","fields":{"message":"Concurrency control for download: Decreased concurrency from 1 to 1; reason: success ratio below threshold (connection struggling) (success_ratio = 1.000, threshold = 0.500)"},"filename":"D:\\a\\xet-core\\xet-core\\xet_client\\src\\cas_client\\adaptive_concurrency\\controller.rs","line_number":581}
{"timestamp":"2026-07-31T15:24:07.708144Z","level":"INFO","fields":{"message":"Concurrency control for download: Decreased concurrency from 1 to 1; reason: success ratio below threshold (connection struggling) (success_ratio = 1.000, threshold = 0.500)"},"filename":"D:\\a\\xet-core\\xet-core\\xet_client\\src\\cas_client\\adaptive_concurrency\\controller.rs","line_number":581}
{"timestamp":"2026-07-31T15:24:07.708171Z","level":"INFO","fields":{"message":"Concurrency control for download: Current concurrency = 1; predicted bandwidth = 15209; success_ratio = 1.000; reference_size = 20.6MB; observed bytes sent so far = 677796281; completed transmissions = 169"},"filename":"D:\\a\\xet-core\\xet-core\\xet_client\\src\\cas_client\\adaptive_concurrency\\controller.rs","line_number":597}
{"timestamp":"2026-07-31T15:24:08.218335Z","level":"INFO","fields":{"message":"Concurrency control for download: Decreased concurrency from 1 to 1; reason: success ratio below threshold (connection struggling) (success_ratio = 1.000, threshold = 0.500)"},"filename":"D:\\a\\xet-core\\xet-core\\xet_client\\src\\cas_client\\adaptive_concurrency\\controller.rs","line_number":581}
{"timestamp":"2026-07-31T15:24:08.729253Z","level":"INFO","fields":{"message":"Concurrency control for download: Decreased concurrency from 1 to 1; reason: success ratio below threshold (connection struggling) (success_ratio = 1.000, threshold = 0.500)"},"filename":"D:\\a\\xet-core\\xet-core\\xet_client\\src\\cas_client\\adaptive_concurrency\\controller.rs","line_number":581}
{"timestamp":"2026-07-31T15:24:09.243552Z","level":"INFO","fields":{"message":"Concurrency control for download: Decreased concurrency from 1 to 1; reason: success ratio below threshold (connection struggling) (success_ratio = 1.000, threshold = 0.500)"},"filename":"D:\\a\\xet-core\\xet-core\\xet_client\\src\\cas_client\\adaptive_concurrency\\controller.rs","line_number":581}
{"timestamp":"2026-07-31T15:24:09.793235Z","level":"INFO","fields":{"message":"Concurrency control for download: Decreased concurrency from 1 to 1; reason: success ratio below threshold (connection struggling) (success_ratio = 1.000, threshold = 0.500)"},"filename":"D:\\a\\xet-core\\xet-core\\xet_client\\src\\cas_client\\adaptive_concurrency\\controller.rs","line_number":581}
{"timestamp":"2026-07-31T15:24:10.347354Z","level":"INFO","fields":{"message":"Concurrency control for download: Decreased concurrency from 1 to 1; reason: success ratio below threshold (connection struggling) (success_ratio = 1.000, threshold = 0.500)"},"filename":"D:\\a\\xet-core\\xet-core\\xet_client\\src\\cas_client\\adaptive_concurrency\\controller.rs","line_number":581}
{"timestamp":"2026-07-31T15:24:11.447389Z","level":"INFO","fields":{"message":"Concurrency control for download: Decreased concurrency from 1 to 1; reason: success ratio below threshold (connection struggling) (success_ratio = 1.000, threshold = 0.500)"},"filename":"D:\\a\\xet-core\\xet-core\\xet_client\\src\\cas_client\\adaptive_concurrency\\controller.rs","line_number":581}
{"timestamp":"2026-07-31T15:24:11.995666Z","level":"INFO","fields":{"message":"Concurrency control for download: Decreased concurrency from 1 to 1; reason: success ratio below threshold (connection struggling) (success_ratio = 1.000, threshold = 0.500)"},"filename":"D:\\a\\xet-core\\xet-core\\xet_client\\src\\cas_client\\adaptive_concurrency\\controller.rs","line_number":581}
{"timestamp":"2026-07-31T15:24:12.497821Z","level":"INFO","fields":{"message":"Concurrency control for download: Decreased concurrency from 1 to 1; reason: success ratio below threshold (connection struggling) (success_ratio = 1.000, threshold = 0.500)"},"filename":"D:\\a\\xet-core\\xet-core\\xet_client\\src\\cas_client\\adaptive_concurrency\\controller.rs","line_number":581}
{"timestamp":"2026-07-31T15:24:13.005202Z","level":"INFO","fields":{"message":"Concurrency control for download: Decreased concurrency from 1 to 1; reason: success ratio below threshold (connection struggling) (success_ratio = 1.000, threshold = 0.500)"},"filename":"D:\\a\\xet-core\\xet-core\\xet_client\\src\\cas_client\\adaptive_concurrency\\controller.rs","line_number":581}
{"timestamp":"2026-07-31T15:24:13.529243Z","level":"INFO","fields":{"message":"Concurrency control for download: Decreased concurrency from 1 to 1; reason: success ratio below threshold (connection struggling) (success_ratio = 1.000, threshold = 0.500)"},"filename":"D:\\a\\xet-core\\xet-core\\xet_client\\src\\cas_client\\adaptive_concurrency\\controller.rs","line_number":581}
{"timestamp":"2026-07-31T15:24:14.201052Z","level":"INFO","fields":{"message":"Concurrency control for download: Decreased concurrency from 1 to 1; reason: success ratio below threshold (connection struggling) (success_ratio = 1.000, threshold = 0.500)"},"filename":"D:\\a\\xet-core\\xet-core\\xet_client\\src\\cas_client\\adaptive_concurrency\\controller.rs","line_number":581}
{"timestamp":"2026-07-31T15:24:14.756191Z","level":"INFO","fields":{"message":"Concurrency control for download: Decreased concurrency from 1 to 1; reason: success ratio below threshold (connection struggling) (success_ratio = 1.000, threshold = 0.500)"},"filename":"D:\\a\\xet-core\\xet-core\\xet_client\\src\\cas_client\\adaptive_concurrency\\controller.rs","line_number":581}
{"timestamp":"2026-07-31T15:24:15.323172Z","level":"INFO","fields":{"message":"Concurrency control for download: Decreased concurrency from 1 to 1; reason: success ratio below threshold (connection struggling) (success_ratio = 1.000, threshold = 0.500)"},"filename":"D:\\a\\xet-core\\xet-core\\xet_client\\src\\cas_client\\adaptive_concurrency\\controller.rs","line_number":581}
{"timestamp":"2026-07-31T15:24:15.827053Z","level":"INFO","fields":{"message":"Concurrency control for download: Decreased concurrency from 1 to 1; reason: success ratio below threshold (connection struggling) (success_ratio = 1.000, threshold = 0.500)"},"filename":"D:\\a\\xet-core\\xet-core\\xet_client\\src\\cas_client\\adaptive_concurrency\\controller.rs","line_number":581}
{"timestamp":"2026-07-31T15:24:16.360549Z","level":"INFO","fields":{"message":"Concurrency control for download: Decreased concurrency from 1 to 1; reason: success ratio below threshold (connection struggling) (success_ratio = 1.000, threshold = 0.500)"},"filename":"D:\\a\\xet-core\\xet-core\\xet_client\\src\\cas_client\\adaptive_concurrency\\controller.rs","line_number":581}
{"timestamp":"2026-07-31T15:24:16.921350Z","level":"INFO","fields":{"message":"Concurrency control for download: Decreased concurrency from 1 to 1; reason: success ratio below threshold (connection struggling) (success_ratio = 1.000, threshold = 0.500)"},"filename":"D:\\a\\xet-core\\xet-core\\xet_client\\src\\cas_client\\adaptive_concurrency\\controller.rs","line_number":581}
{"timestamp":"2026-07-31T15:24:17.423418Z","level":"INFO","fields":{"message":"Concurrency control for download: Decreased concurrency from 1 to 1; reason: success ratio below threshold (connection struggling) (success_ratio = 1.000, threshold = 0.500)"},"filename":"D:\\a\\xet-core\\xet-core\\xet_client\\src\\cas_client\\adaptive_concurrency\\controller.rs","line_number":581}
{"timestamp":"2026-07-31T15:24:17.833176Z","level":"INFO","fields":{"message":"Concurrency control for download: Current concurrency = 1; predicted bandwidth = 15273; success_ratio = 1.000; reference_size = 22.4MB; observed bytes sent so far = 687419059; completed transmissions = 170"},"filename":"D:\\a\\xet-core\\xet-core\\xet_client\\src\\cas_client\\adaptive_concurrency\\controller.rs","line_number":597}
{"timestamp":"2026-07-31T15:24:17.926428Z","level":"INFO","fields":{"message":"Concurrency control for download: Decreased concurrency from 1 to 1; reason: success ratio below threshold (connection struggling) (success_ratio = 1.000, threshold = 0.500)"},"filename":"D:\\a\\xet-core\\xet-core\\xet_client\\src\\cas_client\\adaptive_concurrency\\controller.rs","line_number":581}
{"timestamp":"2026-07-31T15:24:18.446105Z","level":"INFO","fields":{"message":"Concurrency control for download: Decreased concurrency from 1 to 1; reason: success ratio below threshold (connection struggling) (success_ratio = 1.000, threshold = 0.500)"},"filename":"D:\\a\\xet-core\\xet-core\\xet_client\\src\\cas_client\\adaptive_concurrency\\controller.rs","line_number":581}
{"timestamp":"2026-07-31T15:24:18.972672Z","level":"INFO","fields":{"message":"Concurrency control for download: Decreased concurrency from 1 to 1; reason: success ratio below threshold (connection struggling) (success_ratio = 1.000, threshold = 0.500)"},"filename":"D:\\a\\xet-core\\xet-core\\xet_client\\src\\cas_client\\adaptive_concurrency\\controller.rs","line_number":581}
{"timestamp":"2026-07-31T15:24:19.544119Z","level":"INFO","fields":{"message":"Concurrency control for download: Decreased concurrency from 1 to 1; reason: success ratio below threshold (connection struggling) (success_ratio = 1.000, threshold = 0.500)"},"filename":"D:\\a\\xet-core\\xet-core\\xet_client\\src\\cas_client\\adaptive_concurrency\\controller.rs","line_number":581}
{"timestamp":"2026-07-31T15:24:20.067903Z","level":"INFO","fields":{"message":"Concurrency control for download: Decreased concurrency from 1 to 1; reason: success ratio below threshold (connection struggling) (success_ratio = 1.000, threshold = 0.500)"},"filename":"D:\\a\\xet-core\\xet-core\\xet_client\\src\\cas_client\\adaptive_concurrency\\controller.rs","line_number":581}
{"timestamp":"2026-07-31T15:24:20.572674Z","level":"INFO","fields":{"message":"Concurrency control for download: Decreased concurrency from 1 to 1; reason: success ratio below threshold (connection struggling) (success_ratio = 1.000, threshold = 0.500)"},"filename":"D:\\a\\xet-core\\xet-core\\xet_client\\src\\cas_client\\adaptive_concurrency\\controller.rs","line_number":581}
{"timestamp":"2026-07-31T15:24:21.094886Z","level":"INFO","fields":{"message":"Concurrency control for download: Decreased concurrency from 1 to 1; reason: success ratio below threshold (connection struggling) (success_ratio = 1.000, threshold = 0.500)"},"filename":"D:\\a\\xet-core\\xet-core\\xet_client\\src\\cas_client\\adaptive_concurrency\\controller.rs","line_number":581}
{"timestamp":"2026-07-31T15:24:21.755557Z","level":"INFO","fields":{"message":"Concurrency control for download: Decreased concurrency from 1 to 1; reason: success ratio below threshold (connection struggling) (success_ratio = 1.000, threshold = 0.500)"},"filename":"D:\\a\\xet-core\\xet-core\\xet_client\\src\\cas_client\\adaptive_concurrency\\controller.rs","line_number":581}
{"timestamp":"2026-07-31T15:24:22.735028Z","level":"INFO","fields":{"message":"Concurrency control for download: Decreased concurrency from 1 to 1; reason: success ratio below threshold (connection struggling) (success_ratio = 1.000, threshold = 0.500)"},"filename":"D:\\a\\xet-core\\xet-core\\xet_client\\src\\cas_client\\adaptive_concurrency\\controller.rs","line_number":581}
{"timestamp":"2026-07-31T15:24:24.753665Z","level":"INFO","fields":{"message":"Concurrency control for download: Decreased concurrency from 1 to 1; reason: success ratio below threshold (connection struggling) (success_ratio = 1.000, threshold = 0.500)"},"filename":"D:\\a\\xet-core\\xet-core\\xet_client\\src\\cas_client\\adaptive_concurrency\\controller.rs","line_number":581}
{"timestamp":"2026-07-31T15:24:25.614103Z","level":"INFO","fields":{"message":"Concurrency control for download: Decreased concurrency from 1 to 1; reason: success ratio below threshold (connection struggling) (success_ratio = 1.000, threshold = 0.500)"},"filename":"D:\\a\\xet-core\\xet-core\\xet_client\\src\\cas_client\\adaptive_concurrency\\controller.rs","line_number":581}
{"timestamp":"2026-07-31T15:24:26.262566Z","level":"INFO","fields":{"message":"Concurrency control for download: Decreased concurrency from 1 to 1; reason: success ratio below threshold (connection struggling) (success_ratio = 1.000, threshold = 0.500)"},"filename":"D:\\a\\xet-core\\xet-core\\xet_client\\src\\cas_client\\adaptive_concurrency\\controller.rs","line_number":581}
{"timestamp":"2026-07-31T15:24:26.780412Z","level":"INFO","fields":{"message":"Concurrency control for download: Decreased concurrency from 1 to 1; reason: success ratio below threshold (connection struggling) (success_ratio = 1.000, threshold = 0.500)"},"filename":"D:\\a\\xet-core\\xet-core\\xet_client\\src\\cas_client\\adaptive_concurrency\\controller.rs","line_number":581}
{"timestamp":"2026-07-31T15:24:27.312767Z","level":"INFO","fields":{"message":"Concurrency control for download: Decreased concurrency from 1 to 1; reason: success ratio below threshold (connection struggling) (success_ratio = 1.000, threshold = 0.500)"},"filename":"D:\\a\\xet-core\\xet-core\\xet_client\\src\\cas_client\\adaptive_concurrency\\controller.rs","line_number":581}
{"timestamp":"2026-07-31T15:24:27.884979Z","level":"INFO","fields":{"message":"Concurrency control for download: Decreased concurrency from 1 to 1; reason: success ratio below threshold (connection struggling) (success_ratio = 1.000, threshold = 0.500)"},"filename":"D:\\a\\xet-core\\xet-core\\xet_client\\src\\cas_client\\adaptive_concurrency\\controller.rs","line_number":581}
{"timestamp":"2026-07-31T15:24:27.885008Z","level":"INFO","fields":{"message":"Concurrency control for download: Current concurrency = 1; predicted bandwidth = 15262; success_ratio = 1.000; reference_size = 22.4MB; observed bytes sent so far = 690433715; completed transmissions = 170"},"filename":"D:\\a\\xet-core\\xet-core\\xet_client\\src\\cas_client\\adaptive_concurrency\\controller.rs","line_number":597}
{"timestamp":"2026-07-31T15:24:28.396870Z","level":"INFO","fields":{"message":"Concurrency control for download: Decreased concurrency from 1 to 1; reason: success ratio below threshold (connection struggling) (success_ratio = 1.000, threshold = 0.500)"},"filename":"D:\\a\\xet-core\\xet-core\\xet_client\\src\\cas_client\\adaptive_concurrency\\controller.rs","line_number":581}
{"timestamp":"2026-07-31T15:24:28.906509Z","level":"INFO","fields":{"message":"Concurrency control for download: Decreased concurrency from 1 to 1; reason: success ratio below threshold (connection struggling) (success_ratio = 1.000, threshold = 0.500)"},"filename":"D:\\a\\xet-core\\xet-core\\xet_client\\src\\cas_client\\adaptive_concurrency\\controller.rs","line_number":581}
{"timestamp":"2026-07-31T15:24:29.571524Z","level":"INFO","fields":{"message":"Concurrency control for download: Decreased concurrency from 1 to 1; reason: success ratio below threshold (connection struggling) (success_ratio = 1.000, threshold = 0.500)"},"filename":"D:\\a\\xet-core\\xet-core\\xet_client\\src\\cas_client\\adaptive_concurrency\\controller.rs","line_number":581}
{"timestamp":"2026-07-31T15:24:30.103039Z","level":"INFO","fields":{"message":"Concurrency control for download: Decreased concurrency from 1 to 1; reason: success ratio below threshold (connection struggling) (success_ratio = 1.000, threshold = 0.500)"},"filename":"D:\\a\\xet-core\\xet-core\\xet_client\\src\\cas_client\\adaptive_concurrency\\controller.rs","line_number":581}
{"timestamp":"2026-07-31T15:24:30.655561Z","level":"INFO","fields":{"message":"Concurrency control for download: Decreased concurrency from 1 to 1; reason: success ratio below threshold (connection struggling) (success_ratio = 1.000, threshold = 0.500)"},"filename":"D:\\a\\xet-core\\xet-core\\xet_client\\src\\cas_client\\adaptive_concurrency\\controller.rs","line_number":581}
{"timestamp":"2026-07-31T15:24:31.188054Z","level":"INFO","fields":{"message":"Concurrency control for download: Decreased concurrency from 1 to 1; reason: success ratio below threshold (connection struggling) (success_ratio = 1.000, threshold = 0.500)"},"filename":"D:\\a\\xet-core\\xet-core\\xet_client\\src\\cas_client\\adaptive_concurrency\\controller.rs","line_number":581}
{"timestamp":"2026-07-31T15:24:31.735644Z","level":"INFO","fields":{"message":"Concurrency control for download: Decreased concurrency from 1 to 1; reason: success ratio below threshold (connection struggling) (success_ratio = 1.000, threshold = 0.500)"},"filename":"D:\\a\\xet-core\\xet-core\\xet_client\\src\\cas_client\\adaptive_concurrency\\controller.rs","line_number":581}
{"timestamp":"2026-07-31T15:24:32.245806Z","level":"INFO","fields":{"message":"Concurrency control for download: Decreased concurrency from 1 to 1; reason: success ratio below threshold (connection struggling) (success_ratio = 1.000, threshold = 0.500)"},"filename":"D:\\a\\xet-core\\xet-core\\xet_client\\src\\cas_client\\adaptive_concurrency\\controller.rs","line_number":581}
{"timestamp":"2026-07-31T15:24:32.775774Z","level":"INFO","fields":{"message":"Concurrency control for download: Decreased concurrency from 1 to 1; reason: success ratio below threshold (connection struggling) (success_ratio = 1.000, threshold = 0.500)"},"filename":"D:\\a\\xet-core\\xet-core\\xet_client\\src\\cas_client\\adaptive_concurrency\\controller.rs","line_number":581}
{"timestamp":"2026-07-31T15:24:33.729368Z","level":"INFO","fields":{"message":"Concurrency control for download: Decreased concurrency from 1 to 1; reason: success ratio below threshold (connection struggling) (success_ratio = 1.000, threshold = 0.500)"},"filename":"D:\\a\\xet-core\\xet-core\\xet_client\\src\\cas_client\\adaptive_concurrency\\controller.rs","line_number":581}
{"timestamp":"2026-07-31T15:24:34.275641Z","level":"INFO","fields":{"message":"Concurrency control for download: Decreased concurrency from 1 to 1; reason: success ratio below threshold (connection struggling) (success_ratio = 1.000, threshold = 0.500)"},"filename":"D:\\a\\xet-core\\xet-core\\xet_client\\src\\cas_client\\adaptive_concurrency\\controller.rs","line_number":581}
{"timestamp":"2026-07-31T15:24:34.777455Z","level":"INFO","fields":{"message":"Concurrency control for download: Decreased concurrency from 1 to 1; reason: success ratio below threshold (connection struggling) (success_ratio = 1.000, threshold = 0.500)"},"filename":"D:\\a\\xet-core\\xet-core\\xet_client\\src\\cas_client\\adaptive_concurrency\\controller.rs","line_number":581}
{"timestamp":"2026-07-31T15:24:35.361775Z","level":"INFO","fields":{"message":"Concurrency control for download: Decreased concurrency from 1 to 1; reason: success ratio below threshold (connection struggling) (success_ratio = 1.000, threshold = 0.500)"},"filename":"D:\\a\\xet-core\\xet-core\\xet_client\\src\\cas_client\\adaptive_concurrency\\controller.rs","line_number":581}
{"timestamp":"2026-07-31T15:24:35.906478Z","level":"INFO","fields":{"message":"Concurrency control for download: Decreased concurrency from 1 to 1; reason: success ratio below threshold (connection struggling) (success_ratio = 1.000, threshold = 0.500)"},"filename":"D:\\a\\xet-core\\xet-core\\xet_client\\src\\cas_client\\adaptive_concurrency\\controller.rs","line_number":581}
{"timestamp":"2026-07-31T15:24:36.457012Z","level":"INFO","fields":{"message":"Concurrency control for download: Decreased concurrency from 1 to 1; reason: success ratio below threshold (connection struggling) (success_ratio = 1.000, threshold = 0.500)"},"filename":"D:\\a\\xet-core\\xet-core\\xet_client\\src\\cas_client\\adaptive_concurrency\\controller.rs","line_number":581}
{"timestamp":"2026-07-31T15:24:38.738980Z","level":"INFO","fields":{"message":"Concurrency control for download: Decreased concurrency from 1 to 1; reason: success ratio below threshold (connection struggling) (success_ratio = 1.000, threshold = 0.500)"},"filename":"D:\\a\\xet-core\\xet-core\\xet_client\\src\\cas_client\\adaptive_concurrency\\controller.rs","line_number":581}
{"timestamp":"2026-07-31T15:24:38.739002Z","level":"INFO","fields":{"message":"Concurrency control for download: Current concurrency = 1; predicted bandwidth = 14874; success_ratio = 1.000; reference_size = 22.4MB; observed bytes sent so far = 697200307; completed transmissions = 170"},"filename":"D:\\a\\xet-core\\xet-core\\xet_client\\src\\cas_client\\adaptive_concurrency\\controller.rs","line_number":597}
{"timestamp":"2026-07-31T15:24:39.297551Z","level":"INFO","fields":{"message":"Concurrency control for download: Decreased concurrency from 1 to 1; reason: success ratio below threshold (connection struggling) (success_ratio = 1.000, threshold = 0.500)"},"filename":"D:\\a\\xet-core\\xet-core\\xet_client\\src\\cas_client\\adaptive_concurrency\\controller.rs","line_number":581}
{"timestamp":"2026-07-31T15:24:39.897879Z","level":"INFO","fields":{"message":"Concurrency control for download: Decreased concurrency from 1 to 1; reason: success ratio below threshold (connection struggling) (success_ratio = 1.000, threshold = 0.500)"},"filename":"D:\\a\\xet-core\\xet-core\\xet_client\\src\\cas_client\\adaptive_concurrency\\controller.rs","line_number":581}
{"timestamp":"2026-07-31T15:24:40.468615Z","level":"INFO","fields":{"message":"Concurrency control for download: Decreased concurrency from 1 to 1; reason: success ratio below threshold (connection struggling) (success_ratio = 1.000, threshold = 0.500)"},"filename":"D:\\a\\xet-core\\xet-core\\xet_client\\src\\cas_client\\adaptive_concurrency\\controller.rs","line_number":581}
{"timestamp":"2026-07-31T15:24:40.981535Z","level":"INFO","fields":{"message":"Concurrency control for download: Decreased concurrency from 1 to 1; reason: success ratio below threshold (connection struggling) (success_ratio = 1.000, threshold = 0.500)"},"filename":"D:\\a\\xet-core\\xet-core\\xet_client\\src\\cas_client\\adaptive_concurrency\\controller.rs","line_number":581}
{"timestamp":"2026-07-31T15:24:41.640410Z","level":"INFO","fields":{"message":"Concurrency control for download: Decreased concurrency from 1 to 1; reason: success ratio below threshold (connection struggling) (success_ratio = 1.000, threshold = 0.500)"},"filename":"D:\\a\\xet-core\\xet-core\\xet_client\\src\\cas_client\\adaptive_concurrency\\controller.rs","line_number":581}
{"timestamp":"2026-07-31T15:24:42.300086Z","level":"INFO","fields":{"message":"Concurrency control for download: Decreased concurrency from 1 to 1; reason: success ratio below threshold (connection struggling) (success_ratio = 1.000, threshold = 0.500)"},"filename":"D:\\a\\xet-core\\xet-core\\xet_client\\src\\cas_client\\adaptive_concurrency\\controller.rs","line_number":581}
{"timestamp":"2026-07-31T15:24:42.883627Z","level":"INFO","fields":{"message":"Concurrency control for download: Decreased concurrency from 1 to 1; reason: success ratio below threshold (connection struggling) (success_ratio = 1.000, threshold = 0.500)"},"filename":"D:\\a\\xet-core\\xet-core\\xet_client\\src\\cas_client\\adaptive_concurrency\\controller.rs","line_number":581}
{"timestamp":"2026-07-31T15:24:43.411412Z","level":"INFO","fields":{"message":"Concurrency control for download: Decreased concurrency from 1 to 1; reason: success ratio below threshold (connection struggling) (success_ratio = 1.000, threshold = 0.500)"},"filename":"D:\\a\\xet-core\\xet-core\\xet_client\\src\\cas_client\\adaptive_concurrency\\controller.rs","line_number":581}
{"timestamp":"2026-07-31T15:24:43.960821Z","level":"INFO","fields":{"message":"Concurrency control for download: Decreased concurrency from 1 to 1; reason: success ratio below threshold (connection struggling) (success_ratio = 1.000, threshold = 0.500)"},"filename":"D:\\a\\xet-core\\xet-core\\xet_client\\src\\cas_client\\adaptive_concurrency\\controller.rs","line_number":581}
{"timestamp":"2026-07-31T15:24:44.462091Z","level":"INFO","fields":{"message":"Concurrency control for download: Decreased concurrency from 1 to 1; reason: success ratio below threshold (connection struggling) (success_ratio = 1.000, threshold = 0.500)"},"filename":"D:\\a\\xet-core\\xet-core\\xet_client\\src\\cas_client\\adaptive_concurrency\\controller.rs","line_number":581}
{"timestamp":"2026-07-31T15:24:44.986971Z","level":"INFO","fields":{"message":"Concurrency control for download: Decreased concurrency from 1 to 1; reason: success ratio below threshold (connection struggling) (success_ratio = 1.000, threshold = 0.500)"},"filename":"D:\\a\\xet-core\\xet-core\\xet_client\\src\\cas_client\\adaptive_concurrency\\controller.rs","line_number":581}
{"timestamp":"2026-07-31T15:24:45.491803Z","level":"INFO","fields":{"message":"Concurrency control for download: Decreased concurrency from 1 to 1; reason: success ratio below threshold (connection struggling) (success_ratio = 1.000, threshold = 0.500)"},"filename":"D:\\a\\xet-core\\xet-core\\xet_client\\src\\cas_client\\adaptive_concurrency\\controller.rs","line_number":581}
{"timestamp":"2026-07-31T15:24:46.331668Z","level":"INFO","fields":{"message":"Concurrency control for download: Decreased concurrency from 1 to 1; reason: success ratio below threshold (connection struggling) (success_ratio = 1.000, threshold = 0.500)"},"filename":"D:\\a\\xet-core\\xet-core\\xet_client\\src\\cas_client\\adaptive_concurrency\\controller.rs","line_number":581}
{"timestamp":"2026-07-31T15:24:46.867994Z","level":"INFO","fields":{"message":"Concurrency control for download: Decreased concurrency from 1 to 1; reason: success ratio below threshold (connection struggling) (success_ratio = 1.000, threshold = 0.500)"},"filename":"D:\\a\\xet-core\\xet-core\\xet_client\\src\\cas_client\\adaptive_concurrency\\controller.rs","line_number":581}
{"timestamp":"2026-07-31T15:24:47.413079Z","level":"INFO","fields":{"message":"Concurrency control for download: Decreased concurrency from 1 to 1; reason: success ratio below threshold (connection struggling) (success_ratio = 1.000, threshold = 0.500)"},"filename":"D:\\a\\xet-core\\xet-core\\xet_client\\src\\cas_client\\adaptive_concurrency\\controller.rs","line_number":581}
{"timestamp":"2026-07-31T15:24:47.928159Z","level":"INFO","fields":{"message":"Concurrency control for download: Decreased concurrency from 1 to 1; reason: success ratio below threshold (connection struggling) (success_ratio = 1.000, threshold = 0.500)"},"filename":"D:\\a\\xet-core\\xet-core\\xet_client\\src\\cas_client\\adaptive_concurrency\\controller.rs","line_number":581}
{"timestamp":"2026-07-31T15:24:48.432768Z","level":"INFO","fields":{"message":"Concurrency control for download: Decreased concurrency from 1 to 1; reason: success ratio below threshold (connection struggling) (success_ratio = 1.000, threshold = 0.500)"},"filename":"D:\\a\\xet-core\\xet-core\\xet_client\\src\\cas_client\\adaptive_concurrency\\controller.rs","line_number":581}
{"timestamp":"2026-07-31T15:24:48.844274Z","level":"INFO","fields":{"message":"Concurrency control for download: Current concurrency = 1; predicted bandwidth = 13810; success_ratio = 1.000; reference_size = 22.4MB; observed bytes sent so far = 710028979; completed transmissions = 170"},"filename":"D:\\a\\xet-core\\xet-core\\xet_client\\src\\cas_client\\adaptive_concurrency\\controller.rs","line_number":597}
{"timestamp":"2026-07-31T15:24:48.943208Z","level":"INFO","fields":{"message":"Concurrency control for download: Decreased concurrency from 1 to 1; reason: success ratio below threshold (connection struggling) (success_ratio = 1.000, threshold = 0.500)"},"filename":"D:\\a\\xet-core\\xet-core\\xet_client\\src\\cas_client\\adaptive_concurrency\\controller.rs","line_number":581}
{"timestamp":"2026-07-31T15:24:49.450170Z","level":"INFO","fields":{"message":"Concurrency control for download: Decreased concurrency from 1 to 1; reason: success ratio below threshold (connection struggling) (success_ratio = 1.000, threshold = 0.500)"},"filename":"D:\\a\\xet-core\\xet-core\\xet_client\\src\\cas_client\\adaptive_concurrency\\controller.rs","line_number":581}
{"timestamp":"2026-07-31T15:24:50.000001Z","level":"INFO","fields":{"message":"Concurrency control for download: Decreased concurrency from 1 to 1; reason: success ratio below threshold (connection struggling) (success_ratio = 1.000, threshold = 0.500)"},"filename":"D:\\a\\xet-core\\xet-core\\xet_client\\src\\cas_client\\adaptive_concurrency\\controller.rs","line_number":581}
{"timestamp":"2026-07-31T15:24:50.512690Z","level":"INFO","fields":{"message":"Concurrency control for download: Decreased concurrency from 1 to 1; reason: success ratio below threshold (connection struggling) (success_ratio = 1.000, threshold = 0.500)"},"filename":"D:\\a\\xet-core\\xet-core\\xet_client\\src\\cas_client\\adaptive_concurrency\\controller.rs","line_number":581}
{"timestamp":"2026-07-31T15:24:51.056295Z","level":"INFO","fields":{"message":"Concurrency control for download: Decreased concurrency from 1 to 1; reason: success ratio below threshold (connection struggling) (success_ratio = 1.000, threshold = 0.500)"},"filename":"D:\\a\\xet-core\\xet-core\\xet_client\\src\\cas_client\\adaptive_concurrency\\controller.rs","line_number":581}
{"timestamp":"2026-07-31T15:24:51.566856Z","level":"INFO","fields":{"message":"Concurrency control for download: Decreased concurrency from 1 to 1; reason: success ratio below threshold (connection struggling) (success_ratio = 1.000, threshold = 0.500)"},"filename":"D:\\a\\xet-core\\xet-core\\xet_client\\src\\cas_client\\adaptive_concurrency\\controller.rs","line_number":581}
{"timestamp":"2026-07-31T15:24:52.069431Z","level":"INFO","fields":{"message":"Concurrency control for download: Decreased concurrency from 1 to 1; reason: success ratio below threshold (connection struggling) (success_ratio = 1.000, threshold = 0.500)"},"filename":"D:\\a\\xet-core\\xet-core\\xet_client\\src\\cas_client\\adaptive_concurrency\\controller.rs","line_number":581}
{"timestamp":"2026-07-31T15:24:52.622681Z","level":"INFO","fields":{"message":"Concurrency control for download: Decreased concurrency from 1 to 1; reason: success ratio below threshold (connection struggling) (success_ratio = 1.000, threshold = 0.500)"},"filename":"D:\\a\\xet-core\\xet-core\\xet_client\\src\\cas_client\\adaptive_concurrency\\controller.rs","line_number":581}
{"timestamp":"2026-07-31T15:24:53.152264Z","level":"INFO","fields":{"message":"Concurrency control for download: Decreased concurrency from 1 to 1; reason: success ratio below threshold (connection struggling) (success_ratio = 1.000, threshold = 0.500)"},"filename":"D:\\a\\xet-core\\xet-core\\xet_client\\src\\cas_client\\adaptive_concurrency\\controller.rs","line_number":581}
{"timestamp":"2026-07-31T15:24:53.655061Z","level":"INFO","fields":{"message":"Concurrency control for download: Decreased concurrency from 1 to 1; reason: success ratio below threshold (connection struggling) (success_ratio = 1.000, threshold = 0.500)"},"filename":"D:\\a\\xet-core\\xet-core\\xet_client\\src\\cas_client\\adaptive_concurrency\\controller.rs","line_number":581}
{"timestamp":"2026-07-31T15:24:54.162307Z","level":"INFO","fields":{"message":"Concurrency control for download: Decreased concurrency from 1 to 1; reason: success ratio below threshold (connection struggling) (success_ratio = 1.000, threshold = 0.500)"},"filename":"D:\\a\\xet-core\\xet-core\\xet_client\\src\\cas_client\\adaptive_concurrency\\controller.rs","line_number":581}
{"timestamp":"2026-07-31T15:24:54.686494Z","level":"INFO","fields":{"message":"Concurrency control for download: Decreased concurrency from 1 to 1; reason: success ratio below threshold (connection struggling) (success_ratio = 1.000, threshold = 0.500)"},"filename":"D:\\a\\xet-core\\xet-core\\xet_client\\src\\cas_client\\adaptive_concurrency\\controller.rs","line_number":581}
{"timestamp":"2026-07-31T15:24:55.204856Z","level":"INFO","fields":{"message":"Concurrency control for download: Decreased concurrency from 1 to 1; reason: success ratio below threshold (connection struggling) (success_ratio = 1.000, threshold = 0.500)"},"filename":"D:\\a\\xet-core\\xet-core\\xet_client\\src\\cas_client\\adaptive_concurrency\\controller.rs","line_number":581}
{"timestamp":"2026-07-31T15:24:55.734639Z","level":"INFO","fields":{"message":"Concurrency control for download: Decreased concurrency from 1 to 1; reason: success ratio below threshold (connection struggling) (success_ratio = 1.000, threshold = 0.500)"},"filename":"D:\\a\\xet-core\\xet-core\\xet_client\\src\\cas_client\\adaptive_concurrency\\controller.rs","line_number":581}
{"timestamp":"2026-07-31T15:24:56.242282Z","level":"INFO","fields":{"message":"Concurrency control for download: Decreased concurrency from 1 to 1; reason: success ratio below threshold (connection struggling) (success_ratio = 1.000, threshold = 0.500)"},"filename":"D:\\a\\xet-core\\xet-core\\xet_client\\src\\cas_client\\adaptive_concurrency\\controller.rs","line_number":581}
{"timestamp":"2026-07-31T15:24:56.839868Z","level":"INFO","fields":{"message":"Concurrency control for download: Decreased concurrency from 1 to 1; reason: success ratio below threshold (connection struggling) (success_ratio = 1.000, threshold = 0.500)"},"filename":"D:\\a\\xet-core\\xet-core\\xet_client\\src\\cas_client\\adaptive_concurrency\\controller.rs","line_number":581}
{"timestamp":"2026-07-31T15:24:57.341828Z","level":"INFO","fields":{"message":"Concurrency control for download: Decreased concurrency from 1 to 1; reason: success ratio below threshold (connection struggling) (success_ratio = 1.000, threshold = 0.500)"},"filename":"D:\\a\\xet-core\\xet-core\\xet_client\\src\\cas_client\\adaptive_concurrency\\controller.rs","line_number":581}
{"timestamp":"2026-07-31T15:24:57.877922Z","level":"INFO","fields":{"message":"Concurrency control for download: Decreased concurrency from 1 to 1; reason: success ratio below threshold (connection struggling) (success_ratio = 1.000, threshold = 0.500)"},"filename":"D:\\a\\xet-core\\xet-core\\xet_client\\src\\cas_client\\adaptive_concurrency\\controller.rs","line_number":581}
{"timestamp":"2026-07-31T15:24:58.390536Z","level":"INFO","fields":{"message":"Concurrency control for download: Decreased concurrency from 1 to 1; reason: success ratio below threshold (connection struggling) (success_ratio = 1.000, threshold = 0.500)"},"filename":"D:\\a\\xet-core\\xet-core\\xet_client\\src\\cas_client\\adaptive_concurrency\\controller.rs","line_number":581}
{"timestamp":"2026-07-31T15:24:58.892934Z","level":"INFO","fields":{"message":"Concurrency control for download: Decreased concurrency from 1 to 1; reason: success ratio below threshold (connection struggling) (success_ratio = 1.000, threshold = 0.500)"},"filename":"D:\\a\\xet-core\\xet-core\\xet_client\\src\\cas_client\\adaptive_concurrency\\controller.rs","line_number":581}
{"timestamp":"2026-07-31T15:24:58.892963Z","level":"INFO","fields":{"message":"Concurrency control for download: Current concurrency = 1; predicted bandwidth = 13477; success_ratio = 1.000; reference_size = 28.2MB; observed bytes sent so far = 727959427; completed transmissions = 173"},"filename":"D:\\a\\xet-core\\xet-core\\xet_client\\src\\cas_client\\adaptive_concurrency\\controller.rs","line_number":597}
{"timestamp":"2026-07-31T15:24:59.433850Z","level":"INFO","fields":{"message":"Concurrency control for download: Decreased concurrency from 1 to 1; reason: success ratio below threshold (connection struggling) (success_ratio = 1.000, threshold = 0.500)"},"filename":"D:\\a\\xet-core\\xet-core\\xet_client\\src\\cas_client\\adaptive_concurrency\\controller.rs","line_number":581}
{"timestamp":"2026-07-31T15:24:59.965892Z","level":"INFO","fields":{"message":"Concurrency control for download: Decreased concurrency from 1 to 1; reason: success ratio below threshold (connection struggling) (success_ratio = 1.000, threshold = 0.500)"},"filename":"D:\\a\\xet-core\\xet-core\\xet_client\\src\\cas_client\\adaptive_concurrency\\controller.rs","line_number":581}
{"timestamp":"2026-07-31T15:25:00.534273Z","level":"INFO","fields":{"message":"Concurrency control for download: Decreased concurrency from 1 to 1; reason: success ratio below threshold (connection struggling) (success_ratio = 1.000, threshold = 0.500)"},"filename":"D:\\a\\xet-core\\xet-core\\xet_client\\src\\cas_client\\adaptive_concurrency\\controller.rs","line_number":581}
{"timestamp":"2026-07-31T15:25:01.065106Z","level":"INFO","fields":{"message":"Concurrency control for download: Decreased concurrency from 1 to 1; reason: success ratio below threshold (connection struggling) (success_ratio = 1.000, threshold = 0.500)"},"filename":"D:\\a\\xet-core\\xet-core\\xet_client\\src\\cas_client\\adaptive_concurrency\\controller.rs","line_number":581}
{"timestamp":"2026-07-31T15:25:01.573479Z","level":"INFO","fields":{"message":"Concurrency control for download: Decreased concurrency from 1 to 1; reason: success ratio below threshold (connection struggling) (success_ratio = 1.000, threshold = 0.500)"},"filename":"D:\\a\\xet-core\\xet-core\\xet_client\\src\\cas_client\\adaptive_concurrency\\controller.rs","line_number":581}
{"timestamp":"2026-07-31T15:25:02.141042Z","level":"INFO","fields":{"message":"Concurrency control for download: Decreased concurrency from 1 to 1; reason: success ratio below threshold (connection struggling) (success_ratio = 1.000, threshold = 0.500)"},"filename":"D:\\a\\xet-core\\xet-core\\xet_client\\src\\cas_client\\adaptive_concurrency\\controller.rs","line_number":581}
{"timestamp":"2026-07-31T15:25:02.700190Z","level":"INFO","fields":{"message":"Concurrency control for download: Decreased concurrency from 1 to 1; reason: success ratio below threshold (connection struggling) (success_ratio = 1.000, threshold = 0.500)"},"filename":"D:\\a\\xet-core\\xet-core\\xet_client\\src\\cas_client\\adaptive_concurrency\\controller.rs","line_number":581}
{"timestamp":"2026-07-31T15:25:03.216467Z","level":"INFO","fields":{"message":"Concurrency control for download: Decreased concurrency from 1 to 1; reason: success ratio below threshold (connection struggling) (success_ratio = 1.000, threshold = 0.500)"},"filename":"D:\\a\\xet-core\\xet-core\\xet_client\\src\\cas_client\\adaptive_concurrency\\controller.rs","line_number":581}
{"timestamp":"2026-07-31T15:25:03.724742Z","level":"INFO","fields":{"message":"Concurrency control for download: Decreased concurrency from 1 to 1; reason: success ratio below threshold (connection struggling) (success_ratio = 1.000, threshold = 0.500)"},"filename":"D:\\a\\xet-core\\xet-core\\xet_client\\src\\cas_client\\adaptive_concurrency\\controller.rs","line_number":581}
{"timestamp":"2026-07-31T15:25:04.271173Z","level":"INFO","fields":{"message":"Concurrency control for download: Decreased concurrency from 1 to 1; reason: success ratio below threshold (connection struggling) (success_ratio = 1.000, threshold = 0.500)"},"filename":"D:\\a\\xet-core\\xet-core\\xet_client\\src\\cas_client\\adaptive_concurrency\\controller.rs","line_number":581}
{"timestamp":"2026-07-31T15:25:04.780179Z","level":"INFO","fields":{"message":"Concurrency control for download: Decreased concurrency from 1 to 1; reason: success ratio below threshold (connection struggling) (success_ratio = 1.000, threshold = 0.500)"},"filename":"D:\\a\\xet-core\\xet-core\\xet_client\\src\\cas_client\\adaptive_concurrency\\controller.rs","line_number":581}
{"timestamp":"2026-07-31T15:25:05.376227Z","level":"INFO","fields":{"message":"Concurrency control for download: Decreased concurrency from 1 to 1; reason: success ratio below threshold (connection struggling) (success_ratio = 1.000, threshold = 0.500)"},"filename":"D:\\a\\xet-core\\xet-core\\xet_client\\src\\cas_client\\adaptive_concurrency\\controller.rs","line_number":581}
{"timestamp":"2026-07-31T15:25:05.946571Z","level":"INFO","fields":{"message":"Concurrency control for download: Decreased concurrency from 1 to 1; reason: success ratio below threshold (connection struggling) (success_ratio = 1.000, threshold = 0.500)"},"filename":"D:\\a\\xet-core\\xet-core\\xet_client\\src\\cas_client\\adaptive_concurrency\\controller.rs","line_number":581}
{"timestamp":"2026-07-31T15:25:06.452548Z","level":"INFO","fields":{"message":"Concurrency control for download: Decreased concurrency from 1 to 1; reason: success ratio below threshold (connection struggling) (success_ratio = 1.000, threshold = 0.500)"},"filename":"D:\\a\\xet-core\\xet-core\\xet_client\\src\\cas_client\\adaptive_concurrency\\controller.rs","line_number":581}
{"timestamp":"2026-07-31T15:25:07.021616Z","level":"INFO","fields":{"message":"Concurrency control for download: Decreased concurrency from 1 to 1; reason: success ratio below threshold (connection struggling) (success_ratio = 1.000, threshold = 0.500)"},"filename":"D:\\a\\xet-core\\xet-core\\xet_client\\src\\cas_client\\adaptive_concurrency\\controller.rs","line_number":581}
{"timestamp":"2026-07-31T15:25:07.524008Z","level":"INFO","fields":{"message":"Concurrency control for download: Decreased concurrency from 1 to 1; reason: success ratio below threshold (connection struggling) (success_ratio = 1.000, threshold = 0.500)"},"filename":"D:\\a\\xet-core\\xet-core\\xet_client\\src\\cas_client\\adaptive_concurrency\\controller.rs","line_number":581}
{"timestamp":"2026-07-31T15:25:08.028938Z","level":"INFO","fields":{"message":"Concurrency control for download: Decreased concurrency from 1 to 1; reason: success ratio below threshold (connection struggling) (success_ratio = 1.000, threshold = 0.500)"},"filename":"D:\\a\\xet-core\\xet-core\\xet_client\\src\\cas_client\\adaptive_concurrency\\controller.rs","line_number":581}
{"timestamp":"2026-07-31T15:25:08.551849Z","level":"INFO","fields":{"message":"Concurrency control for download: Decreased concurrency from 1 to 1; reason: success ratio below threshold (connection struggling) (success_ratio = 1.000, threshold = 0.500)"},"filename":"D:\\a\\xet-core\\xet-core\\xet_client\\src\\cas_client\\adaptive_concurrency\\controller.rs","line_number":581}
{"timestamp":"2026-07-31T15:25:08.908202Z","level":"INFO","fields":{"message":"Concurrency control for download: Current concurrency = 1; predicted bandwidth = 13771; success_ratio = 1.000; reference_size = 31.3MB; observed bytes sent so far = 742604088; completed transmissions = 174"},"filename":"D:\\a\\xet-core\\xet-core\\xet_client\\src\\cas_client\\adaptive_concurrency\\controller.rs","line_number":597}
{"timestamp":"2026-07-31T15:25:09.161225Z","level":"INFO","fields":{"message":"Concurrency control for download: Decreased concurrency from 1 to 1; reason: success ratio below threshold (connection struggling) (success_ratio = 1.000, threshold = 0.500)"},"filename":"D:\\a\\xet-core\\xet-core\\xet_client\\src\\cas_client\\adaptive_concurrency\\controller.rs","line_number":581}
{"timestamp":"2026-07-31T15:25:09.692148Z","level":"INFO","fields":{"message":"Concurrency control for download: Decreased concurrency from 1 to 1; reason: success ratio below threshold (connection struggling) (success_ratio = 1.000, threshold = 0.500)"},"filename":"D:\\a\\xet-core\\xet-core\\xet_client\\src\\cas_client\\adaptive_concurrency\\controller.rs","line_number":581}
{"timestamp":"2026-07-31T15:25:10.196289Z","level":"INFO","fields":{"message":"Concurrency control for download: Decreased concurrency from 1 to 1; reason: success ratio below threshold (connection struggling) (success_ratio = 1.000, threshold = 0.500)"},"filename":"D:\\a\\xet-core\\xet-core\\xet_client\\src\\cas_client\\adaptive_concurrency\\controller.rs","line_number":581}
{"timestamp":"2026-07-31T15:25:10.844539Z","level":"INFO","fields":{"message":"Concurrency control for download: Decreased concurrency from 1 to 1; reason: success ratio below threshold (connection struggling) (success_ratio = 1.000, threshold = 0.500)"},"filename":"D:\\a\\xet-core\\xet-core\\xet_client\\src\\cas_client\\adaptive_concurrency\\controller.rs","line_number":581}
{"timestamp":"2026-07-31T15:25:11.403256Z","level":"INFO","fields":{"message":"Concurrency control for download: Decreased concurrency from 1 to 1; reason: success ratio below threshold (connection struggling) (success_ratio = 1.000, threshold = 0.500)"},"filename":"D:\\a\\xet-core\\xet-core\\xet_client\\src\\cas_client\\adaptive_concurrency\\controller.rs","line_number":581}
{"timestamp":"2026-07-31T15:25:11.942133Z","level":"INFO","fields":{"message":"Concurrency control for download: Decreased concurrency from 1 to 1; reason: success ratio below threshold (connection struggling) (success_ratio = 1.000, threshold = 0.500)"},"filename":"D:\\a\\xet-core\\xet-core\\xet_client\\src\\cas_client\\adaptive_concurrency\\controller.rs","line_number":581}
{"timestamp":"2026-07-31T15:25:12.472013Z","level":"INFO","fields":{"message":"Concurrency control for download: Decreased concurrency from 1 to 1; reason: success ratio below threshold (connection struggling) (success_ratio = 1.000, threshold = 0.500)"},"filename":"D:\\a\\xet-core\\xet-core\\xet_client\\src\\cas_client\\adaptive_concurrency\\controller.rs","line_number":581}
{"timestamp":"2026-07-31T15:25:13.010687Z","level":"INFO","fields":{"message":"Concurrency control for download: Decreased concurrency from 1 to 1; reason: success ratio below threshold (connection struggling) (success_ratio = 1.000, threshold = 0.500)"},"filename":"D:\\a\\xet-core\\xet-core\\xet_client\\src\\cas_client\\adaptive_concurrency\\controller.rs","line_number":581}
{"timestamp":"2026-07-31T15:25:13.686007Z","level":"INFO","fields":{"message":"Concurrency control for download: Decreased concurrency from 1 to 1; reason: success ratio below threshold (connection struggling) (success_ratio = 1.000, threshold = 0.500)"},"filename":"D:\\a\\xet-core\\xet-core\\xet_client\\src\\cas_client\\adaptive_concurrency\\controller.rs","line_number":581}
{"timestamp":"2026-07-31T15:25:14.304322Z","level":"INFO","fields":{"message":"Concurrency control for download: Decreased concurrency from 1 to 1; reason: success ratio below threshold (connection struggling) (success_ratio = 1.000, threshold = 0.500)"},"filename":"D:\\a\\xet-core\\xet-core\\xet_client\\src\\cas_client\\adaptive_concurrency\\controller.rs","line_number":581}
{"timestamp":"2026-07-31T15:25:14.956171Z","level":"INFO","fields":{"message":"Concurrency control for download: Decreased concurrency from 1 to 1; reason: success ratio below threshold (connection struggling) (success_ratio = 1.000, threshold = 0.500)"},"filename":"D:\\a\\xet-core\\xet-core\\xet_client\\src\\cas_client\\adaptive_concurrency\\controller.rs","line_number":581}
{"timestamp":"2026-07-31T15:25:15.515621Z","level":"INFO","fields":{"message":"Concurrency control for download: Decreased concurrency from 1 to 1; reason: success ratio below threshold (connection struggling) (success_ratio = 1.000, threshold = 0.500)"},"filename":"D:\\a\\xet-core\\xet-core\\xet_client\\src\\cas_client\\adaptive_concurrency\\controller.rs","line_number":581}
{"timestamp":"2026-07-31T15:25:16.059069Z","level":"INFO","fields":{"message":"Concurrency control for download: Decreased concurrency from 1 to 1; reason: success ratio below threshold (connection struggling) (success_ratio = 1.000, threshold = 0.500)"},"filename":"D:\\a\\xet-core\\xet-core\\xet_client\\src\\cas_client\\adaptive_concurrency\\controller.rs","line_number":581}
{"timestamp":"2026-07-31T15:25:16.587565Z","level":"INFO","fields":{"message":"Concurrency control for download: Decreased concurrency from 1 to 1; reason: success ratio below threshold (connection struggling) (success_ratio = 1.000, threshold = 0.500)"},"filename":"D:\\a\\xet-core\\xet-core\\xet_client\\src\\cas_client\\adaptive_concurrency\\controller.rs","line_number":581}
{"timestamp":"2026-07-31T15:25:17.142631Z","level":"INFO","fields":{"message":"Concurrency control for download: Decreased concurrency from 1 to 1; reason: success ratio below threshold (connection struggling) (success_ratio = 1.000, threshold = 0.500)"},"filename":"D:\\a\\xet-core\\xet-core\\xet_client\\src\\cas_client\\adaptive_concurrency\\controller.rs","line_number":581}
{"timestamp":"2026-07-31T15:25:17.682754Z","level":"INFO","fields":{"message":"Concurrency control for download: Decreased concurrency from 1 to 1; reason: success ratio below threshold (connection struggling) (success_ratio = 1.000, threshold = 0.500)"},"filename":"D:\\a\\xet-core\\xet-core\\xet_client\\src\\cas_client\\adaptive_concurrency\\controller.rs","line_number":581}
{"timestamp":"2026-07-31T15:25:18.185779Z","level":"INFO","fields":{"message":"Concurrency control for download: Decreased concurrency from 1 to 1; reason: success ratio below threshold (connection struggling) (success_ratio = 1.000, threshold = 0.500)"},"filename":"D:\\a\\xet-core\\xet-core\\xet_client\\src\\cas_client\\adaptive_concurrency\\controller.rs","line_number":581}
{"timestamp":"2026-07-31T15:25:18.702781Z","level":"INFO","fields":{"message":"Concurrency control for download: Decreased concurrency from 1 to 1; reason: success ratio below threshold (connection struggling) (success_ratio = 1.000, threshold = 0.500)"},"filename":"D:\\a\\xet-core\\xet-core\\xet_client\\src\\cas_client\\adaptive_concurrency\\controller.rs","line_number":581}
{"timestamp":"2026-07-31T15:25:18.961858Z","level":"INFO","fields":{"message":"Concurrency control for download: Current concurrency = 1; predicted bandwidth = 13435; success_ratio = 1.000; reference_size = 31.3MB; observed bytes sent so far = 754761016; completed transmissions = 174"},"filename":"D:\\a\\xet-core\\xet-core\\xet_client\\src\\cas_client\\adaptive_concurrency\\controller.rs","line_number":597}
{"timestamp":"2026-07-31T15:25:19.231714Z","level":"INFO","fields":{"message":"Concurrency control for download: Decreased concurrency from 1 to 1; reason: success ratio below threshold (connection struggling) (success_ratio = 1.000, threshold = 0.500)"},"filename":"D:\\a\\xet-core\\xet-core\\xet_client\\src\\cas_client\\adaptive_concurrency\\controller.rs","line_number":581}
{"timestamp":"2026-07-31T15:25:19.753194Z","level":"INFO","fields":{"message":"Concurrency control for download: Decreased concurrency from 1 to 1; reason: success ratio below threshold (connection struggling) (success_ratio = 1.000, threshold = 0.500)"},"filename":"D:\\a\\xet-core\\xet-core\\xet_client\\src\\cas_client\\adaptive_concurrency\\controller.rs","line_number":581}
{"timestamp":"2026-07-31T15:25:20.253479Z","level":"INFO","fields":{"message":"Concurrency control for download: Decreased concurrency from 1 to 1; reason: success ratio below threshold (connection struggling) (success_ratio = 1.000, threshold = 0.500)"},"filename":"D:\\a\\xet-core\\xet-core\\xet_client\\src\\cas_client\\adaptive_concurrency\\controller.rs","line_number":581}
{"timestamp":"2026-07-31T15:25:20.868446Z","level":"INFO","fields":{"message":"Concurrency control for download: Decreased concurrency from 1 to 1; reason: success ratio below threshold (connection struggling) (success_ratio = 1.000, threshold = 0.500)"},"filename":"D:\\a\\xet-core\\xet-core\\xet_client\\src\\cas_client\\adaptive_concurrency\\controller.rs","line_number":581}
{"timestamp":"2026-07-31T15:25:21.377338Z","level":"INFO","fields":{"message":"Concurrency control for download: Decreased concurrency from 1 to 1; reason: success ratio below threshold (connection struggling) (success_ratio = 1.000, threshold = 0.500)"},"filename":"D:\\a\\xet-core\\xet-core\\xet_client\\src\\cas_client\\adaptive_concurrency\\controller.rs","line_number":581}
{"timestamp":"2026-07-31T15:25:21.905838Z","level":"INFO","fields":{"message":"Concurrency control for download: Decreased concurrency from 1 to 1; reason: success ratio below threshold (connection struggling) (success_ratio = 1.000, threshold = 0.500)"},"filename":"D:\\a\\xet-core\\xet-core\\xet_client\\src\\cas_client\\adaptive_concurrency\\controller.rs","line_number":581}
{"timestamp":"2026-07-31T15:25:22.424695Z","level":"INFO","fields":{"message":"Concurrency control for download: Decreased concurrency from 1 to 1; reason: success ratio below threshold (connection struggling) (success_ratio = 1.000, threshold = 0.500)"},"filename":"D:\\a\\xet-core\\xet-core\\xet_client\\src\\cas_client\\adaptive_concurrency\\controller.rs","line_number":581}
{"timestamp":"2026-07-31T15:25:22.954793Z","level":"INFO","fields":{"message":"Concurrency control for download: Decreased concurrency from 1 to 1; reason: success ratio below threshold (connection struggling) (success_ratio = 1.000, threshold = 0.500)"},"filename":"D:\\a\\xet-core\\xet-core\\xet_client\\src\\cas_client\\adaptive_concurrency\\controller.rs","line_number":581}
{"timestamp":"2026-07-31T15:25:23.476502Z","level":"INFO","fields":{"message":"Concurrency control for download: Decreased concurrency from 1 to 1; reason: success ratio below threshold (connection struggling) (success_ratio = 1.000, threshold = 0.500)"},"filename":"D:\\a\\xet-core\\xet-core\\xet_client\\src\\cas_client\\adaptive_concurrency\\controller.rs","line_number":581}
{"timestamp":"2026-07-31T15:25:23.990328Z","level":"INFO","fields":{"message":"Concurrency control for download: Decreased concurrency from 1 to 1; reason: success ratio below threshold (connection struggling) (success_ratio = 1.000, threshold = 0.500)"},"filename":"D:\\a\\xet-core\\xet-core\\xet_client\\src\\cas_client\\adaptive_concurrency\\controller.rs","line_number":581}
{"timestamp":"2026-07-31T15:25:24.572139Z","level":"INFO","fields":{"message":"Concurrency control for download: Decreased concurrency from 1 to 1; reason: success ratio below threshold (connection struggling) (success_ratio = 1.000, threshold = 0.500)"},"filename":"D:\\a\\xet-core\\xet-core\\xet_client\\src\\cas_client\\adaptive_concurrency\\controller.rs","line_number":581}
{"timestamp":"2026-07-31T15:25:25.129821Z","level":"INFO","fields":{"message":"Concurrency control for download: Decreased concurrency from 1 to 1; reason: success ratio below threshold (connection struggling) (success_ratio = 1.000, threshold = 0.500)"},"filename":"D:\\a\\xet-core\\xet-core\\xet_client\\src\\cas_client\\adaptive_concurrency\\controller.rs","line_number":581}
{"timestamp":"2026-07-31T15:25:25.675694Z","level":"INFO","fields":{"message":"Concurrency control for download: Decreased concurrency from 1 to 1; reason: success ratio below threshold (connection struggling) (success_ratio = 1.000, threshold = 0.500)"},"filename":"D:\\a\\xet-core\\xet-core\\xet_client\\src\\cas_client\\adaptive_concurrency\\controller.rs","line_number":581}
{"timestamp":"2026-07-31T15:25:26.330051Z","level":"INFO","fields":{"message":"Concurrency control for download: Decreased concurrency from 1 to 1; reason: success ratio below threshold (connection struggling) (success_ratio = 1.000, threshold = 0.500)"},"filename":"D:\\a\\xet-core\\xet-core\\xet_client\\src\\cas_client\\adaptive_concurrency\\controller.rs","line_number":581}
{"timestamp":"2026-07-31T15:25:26.832280Z","level":"INFO","fields":{"message":"Concurrency control for download: Decreased concurrency from 1 to 1; reason: success ratio below threshold (connection struggling) (success_ratio = 1.000, threshold = 0.500)"},"filename":"D:\\a\\xet-core\\xet-core\\xet_client\\src\\cas_client\\adaptive_concurrency\\controller.rs","line_number":581}
{"timestamp":"2026-07-31T15:25:27.422205Z","level":"INFO","fields":{"message":"Concurrency control for download: Decreased concurrency from 1 to 1; reason: success ratio below threshold (connection struggling) (success_ratio = 1.000, threshold = 0.500)"},"filename":"D:\\a\\xet-core\\xet-core\\xet_client\\src\\cas_client\\adaptive_concurrency\\controller.rs","line_number":581}
{"timestamp":"2026-07-31T15:25:27.924036Z","level":"INFO","fields":{"message":"Concurrency control for download: Decreased concurrency from 1 to 1; reason: success ratio below threshold (connection struggling) (success_ratio = 1.000, threshold = 0.500)"},"filename":"D:\\a\\xet-core\\xet-core\\xet_client\\src\\cas_client\\adaptive_concurrency\\controller.rs","line_number":581}
{"timestamp":"2026-07-31T15:25:28.444533Z","level":"INFO","fields":{"message":"Concurrency control for download: Decreased concurrency from 1 to 1; reason: success ratio below threshold (connection struggling) (success_ratio = 1.000, threshold = 0.500)"},"filename":"D:\\a\\xet-core\\xet-core\\xet_client\\src\\cas_client\\adaptive_concurrency\\controller.rs","line_number":581}
{"timestamp":"2026-07-31T15:25:29.048697Z","level":"INFO","fields":{"message":"Concurrency control for download: Decreased concurrency from 1 to 1; reason: success ratio below threshold (connection struggling) (success_ratio = 1.000, threshold = 0.500)"},"filename":"D:\\a\\xet-core\\xet-core\\xet_client\\src\\cas_client\\adaptive_concurrency\\controller.rs","line_number":581}
{"timestamp":"2026-07-31T15:25:29.048729Z","level":"INFO","fields":{"message":"Concurrency control for download: Current concurrency = 1; predicted bandwidth = 12479; success_ratio = 1.000; reference_size = 35.0MB; observed bytes sent so far = 770147409; completed transmissions = 175"},"filename":"D:\\a\\xet-core\\xet-core\\xet_client\\src\\cas_client\\adaptive_concurrency\\controller.rs","line_number":597}
{"timestamp":"2026-07-31T15:25:29.583222Z","level":"INFO","fields":{"message":"Concurrency control for download: Decreased concurrency from 1 to 1; reason: success ratio below threshold (connection struggling) (success_ratio = 1.000, threshold = 0.500)"},"filename":"D:\\a\\xet-core\\xet-core\\xet_client\\src\\cas_client\\adaptive_concurrency\\controller.rs","line_number":581}
{"timestamp":"2026-07-31T15:25:30.243848Z","level":"INFO","fields":{"message":"Concurrency control for download: Decreased concurrency from 1 to 1; reason: success ratio below threshold (connection struggling) (success_ratio = 1.000, threshold = 0.500)"},"filename":"D:\\a\\xet-core\\xet-core\\xet_client\\src\\cas_client\\adaptive_concurrency\\controller.rs","line_number":581}
{"timestamp":"2026-07-31T15:25:30.823963Z","level":"INFO","fields":{"message":"Concurrency control for download: Decreased concurrency from 1 to 1; reason: success ratio below threshold (connection struggling) (success_ratio = 1.000, threshold = 0.500)"},"filename":"D:\\a\\xet-core\\xet-core\\xet_client\\src\\cas_client\\adaptive_concurrency\\controller.rs","line_number":581}
{"timestamp":"2026-07-31T15:25:31.337643Z","level":"INFO","fields":{"message":"Concurrency control for download: Decreased concurrency from 1 to 1; reason: success ratio below threshold (connection struggling) (success_ratio = 1.000, threshold = 0.500)"},"filename":"D:\\a\\xet-core\\xet-core\\xet_client\\src\\cas_client\\adaptive_concurrency\\controller.rs","line_number":581}
{"timestamp":"2026-07-31T15:25:31.842733Z","level":"INFO","fields":{"message":"Concurrency control for download: Decreased concurrency from 1 to 1; reason: success ratio below threshold (connection struggling) (success_ratio = 1.000, threshold = 0.500)"},"filename":"D:\\a\\xet-core\\xet-core\\xet_client\\src\\cas_client\\adaptive_concurrency\\controller.rs","line_number":581}
{"timestamp":"2026-07-31T15:25:32.412239Z","level":"INFO","fields":{"message":"Concurrency control for download: Decreased concurrency from 1 to 1; reason: success ratio below threshold (connection struggling) (success_ratio = 1.000, threshold = 0.500)"},"filename":"D:\\a\\xet-core\\xet-core\\xet_client\\src\\cas_client\\adaptive_concurrency\\controller.rs","line_number":581}
{"timestamp":"2026-07-31T15:25:33.018816Z","level":"INFO","fields":{"message":"Concurrency control for download: Decreased concurrency from 1 to 1; reason: success ratio below threshold (connection struggling) (success_ratio = 1.000, threshold = 0.500)"},"filename":"D:\\a\\xet-core\\xet-core\\xet_client\\src\\cas_client\\adaptive_concurrency\\controller.rs","line_number":581}
{"timestamp":"2026-07-31T15:25:33.543580Z","level":"INFO","fields":{"message":"Concurrency control for download: Decreased concurrency from 1 to 1; reason: success ratio below threshold (connection struggling) (success_ratio = 1.000, threshold = 0.500)"},"filename":"D:\\a\\xet-core\\xet-core\\xet_client\\src\\cas_client\\adaptive_concurrency\\controller.rs","line_number":581}
{"timestamp":"2026-07-31T15:25:34.181587Z","level":"INFO","fields":{"message":"Concurrency control for download: Decreased concurrency from 1 to 1; reason: success ratio below threshold (connection struggling) (success_ratio = 1.000, threshold = 0.500)"},"filename":"D:\\a\\xet-core\\xet-core\\xet_client\\src\\cas_client\\adaptive_concurrency\\controller.rs","line_number":581}
{"timestamp":"2026-07-31T15:25:34.762645Z","level":"INFO","fields":{"message":"Concurrency control for download: Decreased concurrency from 1 to 1; reason: success ratio below threshold (connection struggling) (success_ratio = 1.000, threshold = 0.500)"},"filename":"D:\\a\\xet-core\\xet-core\\xet_client\\src\\cas_client\\adaptive_concurrency\\controller.rs","line_number":581}
{"timestamp":"2026-07-31T15:25:35.438954Z","level":"INFO","fields":{"message":"Concurrency control for download: Decreased concurrency from 1 to 1; reason: success ratio below threshold (connection struggling) (success_ratio = 1.000, threshold = 0.500)"},"filename":"D:\\a\\xet-core\\xet-core\\xet_client\\src\\cas_client\\adaptive_concurrency\\controller.rs","line_number":581}
{"timestamp":"2026-07-31T15:25:35.993621Z","level":"INFO","fields":{"message":"Concurrency control for download: Decreased concurrency from 1 to 1; reason: success ratio below threshold (connection struggling) (success_ratio = 1.000, threshold = 0.500)"},"filename":"D:\\a\\xet-core\\xet-core\\xet_client\\src\\cas_client\\adaptive_concurrency\\controller.rs","line_number":581}
{"timestamp":"2026-07-31T15:25:36.530136Z","level":"INFO","fields":{"message":"Concurrency control for download: Decreased concurrency from 1 to 1; reason: success ratio below threshold (connection struggling) (success_ratio = 1.000, threshold = 0.500)"},"filename":"D:\\a\\xet-core\\xet-core\\xet_client\\src\\cas_client\\adaptive_concurrency\\controller.rs","line_number":581}
{"timestamp":"2026-07-31T15:25:37.112240Z","level":"INFO","fields":{"message":"Concurrency control for download: Decreased concurrency from 1 to 1; reason: success ratio below threshold (connection struggling) (success_ratio = 1.000, threshold = 0.500)"},"filename":"D:\\a\\xet-core\\xet-core\\xet_client\\src\\cas_client\\adaptive_concurrency\\controller.rs","line_number":581}
{"timestamp":"2026-07-31T15:25:37.680630Z","level":"INFO","fields":{"message":"Concurrency control for download: Decreased concurrency from 1 to 1; reason: success ratio below threshold (connection struggling) (success_ratio = 1.000, threshold = 0.500)"},"filename":"D:\\a\\xet-core\\xet-core\\xet_client\\src\\cas_client\\adaptive_concurrency\\controller.rs","line_number":581}
{"timestamp":"2026-07-31T15:25:38.674904Z","level":"INFO","fields":{"message":"Concurrency control for download: Decreased concurrency from 1 to 1; reason: success ratio below threshold (connection struggling) (success_ratio = 1.000, threshold = 0.500)"},"filename":"D:\\a\\xet-core\\xet-core\\xet_client\\src\\cas_client\\adaptive_concurrency\\controller.rs","line_number":581}
{"timestamp":"2026-07-31T15:25:39.095519Z","level":"INFO","fields":{"message":"Concurrency control for download: Current concurrency = 1; predicted bandwidth = 13142; success_ratio = 1.000; reference_size = 38.9MB; observed bytes sent so far = 782528931; completed transmissions = 176"},"filename":"D:\\a\\xet-core\\xet-core\\xet_client\\src\\cas_client\\adaptive_concurrency\\controller.rs","line_number":597}
{"timestamp":"2026-07-31T15:25:39.309834Z","level":"INFO","fields":{"message":"Concurrency control for download: Decreased concurrency from 1 to 1; reason: success ratio below threshold (connection struggling) (success_ratio = 1.000, threshold = 0.500)"},"filename":"D:\\a\\xet-core\\xet-core\\xet_client\\src\\cas_client\\adaptive_concurrency\\controller.rs","line_number":581}
{"timestamp":"2026-07-31T15:25:39.928611Z","level":"INFO","fields":{"message":"Concurrency control for download: Decreased concurrency from 1 to 1; reason: success ratio below threshold (connection struggling) (success_ratio = 1.000, threshold = 0.500)"},"filename":"D:\\a\\xet-core\\xet-core\\xet_client\\src\\cas_client\\adaptive_concurrency\\controller.rs","line_number":581}
{"timestamp":"2026-07-31T15:25:40.557023Z","level":"INFO","fields":{"message":"Concurrency control for download: Decreased concurrency from 1 to 1; reason: success ratio below threshold (connection struggling) (success_ratio = 1.000, threshold = 0.500)"},"filename":"D:\\a\\xet-core\\xet-core\\xet_client\\src\\cas_client\\adaptive_concurrency\\controller.rs","line_number":581}
{"timestamp":"2026-07-31T15:25:41.133032Z","level":"INFO","fields":{"message":"Concurrency control for download: Decreased concurrency from 1 to 1; reason: success ratio below threshold (connection struggling) (success_ratio = 1.000, threshold = 0.500)"},"filename":"D:\\a\\xet-core\\xet-core\\xet_client\\src\\cas_client\\adaptive_concurrency\\controller.rs","line_number":581}
{"timestamp":"2026-07-31T15:25:41.812143Z","level":"INFO","fields":{"message":"Concurrency control for download: Decreased concurrency from 1 to 1; reason: success ratio below threshold (connection struggling) (success_ratio = 1.000, threshold = 0.500)"},"filename":"D:\\a\\xet-core\\xet-core\\xet_client\\src\\cas_client\\adaptive_concurrency\\controller.rs","line_number":581}
{"timestamp":"2026-07-31T15:25:42.477000Z","level":"INFO","fields":{"message":"Concurrency control for download: Decreased concurrency from 1 to 1; reason: success ratio below threshold (connection struggling) (success_ratio = 1.000, threshold = 0.500)"},"filename":"D:\\a\\xet-core\\xet-core\\xet_client\\src\\cas_client\\adaptive_concurrency\\controller.rs","line_number":581}
{"timestamp":"2026-07-31T15:25:43.031567Z","level":"INFO","fields":{"message":"Concurrency control for download: Decreased concurrency from 1 to 1; reason: success ratio below threshold (connection struggling) (success_ratio = 1.000, threshold = 0.500)"},"filename":"D:\\a\\xet-core\\xet-core\\xet_client\\src\\cas_client\\adaptive_concurrency\\controller.rs","line_number":581}
{"timestamp":"2026-07-31T15:25:43.571534Z","level":"INFO","fields":{"message":"Concurrency control for download: Decreased concurrency from 1 to 1; reason: success ratio below threshold (connection struggling) (success_ratio = 1.000, threshold = 0.500)"},"filename":"D:\\a\\xet-core\\xet-core\\xet_client\\src\\cas_client\\adaptive_concurrency\\controller.rs","line_number":581}
{"timestamp":"2026-07-31T15:25:44.268100Z","level":"INFO","fields":{"message":"Concurrency control for download: Decreased concurrency from 1 to 1; reason: success ratio below threshold (connection struggling) (success_ratio = 1.000, threshold = 0.500)"},"filename":"D:\\a\\xet-core\\xet-core\\xet_client\\src\\cas_client\\adaptive_concurrency\\controller.rs","line_number":581}
{"timestamp":"2026-07-31T15:25:44.892629Z","level":"INFO","fields":{"message":"Concurrency control for download: Decreased concurrency from 1 to 1; reason: success ratio below threshold (connection struggling) (success_ratio = 1.000, threshold = 0.500)"},"filename":"D:\\a\\xet-core\\xet-core\\xet_client\\src\\cas_client\\adaptive_concurrency\\controller.rs","line_number":581}
{"timestamp":"2026-07-31T15:25:45.488212Z","level":"INFO","fields":{"message":"Concurrency control for download: Decreased concurrency from 1 to 1; reason: success ratio below threshold (connection struggling) (success_ratio = 1.000, threshold = 0.500)"},"filename":"D:\\a\\xet-core\\xet-core\\xet_client\\src\\cas_client\\adaptive_concurrency\\controller.rs","line_number":581}
{"timestamp":"2026-07-31T15:25:46.181272Z","level":"INFO","fields":{"message":"Concurrency control for download: Decreased concurrency from 1 to 1; reason: success ratio below threshold (connection struggling) (success_ratio = 1.000, threshold = 0.500)"},"filename":"D:\\a\\xet-core\\xet-core\\xet_client\\src\\cas_client\\adaptive_concurrency\\controller.rs","line_number":581}
{"timestamp":"2026-07-31T15:25:46.682227Z","level":"INFO","fields":{"message":"Concurrency control for download: Decreased concurrency from 1 to 1; reason: success ratio below threshold (connection struggling) (success_ratio = 1.000, threshold = 0.500)"},"filename":"D:\\a\\xet-core\\xet-core\\xet_client\\src\\cas_client\\adaptive_concurrency\\controller.rs","line_number":581}
{"timestamp":"2026-07-31T15:25:47.317445Z","level":"INFO","fields":{"message":"Concurrency control for download: Decreased concurrency from 1 to 1; reason: success ratio below threshold (connection struggling) (success_ratio = 1.000, threshold = 0.500)"},"filename":"D:\\a\\xet-core\\xet-core\\xet_client\\src\\cas_client\\adaptive_concurrency\\controller.rs","line_number":581}
{"timestamp":"2026-07-31T15:25:47.944486Z","level":"INFO","fields":{"message":"Concurrency control for download: Decreased concurrency from 1 to 1; reason: success ratio below threshold (connection struggling) (success_ratio = 1.000, threshold = 0.500)"},"filename":"D:\\a\\xet-core\\xet-core\\xet_client\\src\\cas_client\\adaptive_concurrency\\controller.rs","line_number":581}
{"timestamp":"2026-07-31T15:25:48.454252Z","level":"INFO","fields":{"message":"Concurrency control for download: Decreased concurrency from 1 to 1; reason: success ratio below threshold (connection struggling) (success_ratio = 1.000, threshold = 0.500)"},"filename":"D:\\a\\xet-core\\xet-core\\xet_client\\src\\cas_client\\adaptive_concurrency\\controller.rs","line_number":581}
{"timestamp":"2026-07-31T15:25:49.003155Z","level":"INFO","fields":{"message":"Concurrency control for download: Decreased concurrency from 1 to 1; reason: success ratio below threshold (connection struggling) (success_ratio = 1.000, threshold = 0.500)"},"filename":"D:\\a\\xet-core\\xet-core\\xet_client\\src\\cas_client\\adaptive_concurrency\\controller.rs","line_number":581}
{"timestamp":"2026-07-31T15:25:49.148618Z","level":"INFO","fields":{"message":"Concurrency control for download: Current concurrency = 1; predicted bandwidth = 13127; success_ratio = 1.000; reference_size = 38.9MB; observed bytes sent so far = 788689315; completed transmissions = 176"},"filename":"D:\\a\\xet-core\\xet-core\\xet_client\\src\\cas_client\\adaptive_concurrency\\controller.rs","line_number":597}
{"timestamp":"2026-07-31T15:25:49.731077Z","level":"INFO","fields":{"message":"Concurrency control for download: Decreased concurrency from 1 to 1; reason: success ratio below threshold (connection struggling) (success_ratio = 1.000, threshold = 0.500)"},"filename":"D:\\a\\xet-core\\xet-core\\xet_client\\src\\cas_client\\adaptive_concurrency\\controller.rs","line_number":581}
{"timestamp":"2026-07-31T15:25:50.303528Z","level":"INFO","fields":{"message":"Concurrency control for download: Decreased concurrency from 1 to 1; reason: success ratio below threshold (connection struggling) (success_ratio = 1.000, threshold = 0.500)"},"filename":"D:\\a\\xet-core\\xet-core\\xet_client\\src\\cas_client\\adaptive_concurrency\\controller.rs","line_number":581}
{"timestamp":"2026-07-31T15:25:50.833283Z","level":"INFO","fields":{"message":"Concurrency control for download: Decreased concurrency from 1 to 1; reason: success ratio below threshold (connection struggling) (success_ratio = 1.000, threshold = 0.500)"},"filename":"D:\\a\\xet-core\\xet-core\\xet_client\\src\\cas_client\\adaptive_concurrency\\controller.rs","line_number":581}
{"timestamp":"2026-07-31T15:25:51.481459Z","level":"INFO","fields":{"message":"Concurrency control for download: Decreased concurrency from 1 to 1; reason: success ratio below threshold (connection struggling) (success_ratio = 1.000, threshold = 0.500)"},"filename":"D:\\a\\xet-core\\xet-core\\xet_client\\src\\cas_client\\adaptive_concurrency\\controller.rs","line_number":581}
{"timestamp":"2026-07-31T15:25:52.149614Z","level":"INFO","fields":{"message":"Concurrency control for download: Decreased concurrency from 1 to 1; reason: success ratio below threshold (connection struggling) (success_ratio = 1.000, threshold = 0.500)"},"filename":"D:\\a\\xet-core\\xet-core\\xet_client\\src\\cas_client\\adaptive_concurrency\\controller.rs","line_number":581}
{"timestamp":"2026-07-31T15:25:52.807058Z","level":"INFO","fields":{"message":"Concurrency control for download: Decreased concurrency from 1 to 1; reason: success ratio below threshold (connection struggling) (success_ratio = 1.000, threshold = 0.500)"},"filename":"D:\\a\\xet-core\\xet-core\\xet_client\\src\\cas_client\\adaptive_concurrency\\controller.rs","line_number":581}
{"timestamp":"2026-07-31T15:25:53.576128Z","level":"INFO","fields":{"message":"Concurrency control for download: Decreased concurrency from 1 to 1; reason: success ratio below threshold (connection struggling) (success_ratio = 1.000, threshold = 0.500)"},"filename":"D:\\a\\xet-core\\xet-core\\xet_client\\src\\cas_client\\adaptive_concurrency\\controller.rs","line_number":581}
{"timestamp":"2026-07-31T15:25:54.256499Z","level":"INFO","fields":{"message":"Concurrency control for download: Decreased concurrency from 1 to 1; reason: success ratio below threshold (connection struggling) (success_ratio = 1.000, threshold = 0.500)"},"filename":"D:\\a\\xet-core\\xet-core\\xet_client\\src\\cas_client\\adaptive_concurrency\\controller.rs","line_number":581}
{"timestamp":"2026-07-31T15:25:54.762867Z","level":"INFO","fields":{"message":"Concurrency control for download: Decreased concurrency from 1 to 1; reason: success ratio below threshold (connection struggling) (success_ratio = 1.000, threshold = 0.500)"},"filename":"D:\\a\\xet-core\\xet-core\\xet_client\\src\\cas_client\\adaptive_concurrency\\controller.rs","line_number":581}
{"timestamp":"2026-07-31T15:25:55.405251Z","level":"INFO","fields":{"message":"Concurrency control for download: Decreased concurrency from 1 to 1; reason: success ratio below threshold (connection struggling) (success_ratio = 1.000, threshold = 0.500)"},"filename":"D:\\a\\xet-core\\xet-core\\xet_client\\src\\cas_client\\adaptive_concurrency\\controller.rs","line_number":581}
{"timestamp":"2026-07-31T15:25:56.785428Z","level":"INFO","fields":{"message":"Concurrency control for download: Decreased concurrency from 1 to 1; reason: success ratio below threshold (connection struggling) (success_ratio = 1.000, threshold = 0.500)"},"filename":"D:\\a\\xet-core\\xet-core\\xet_client\\src\\cas_client\\adaptive_concurrency\\controller.rs","line_number":581}
{"timestamp":"2026-07-31T15:25:57.399891Z","level":"INFO","fields":{"message":"Concurrency control for download: Decreased concurrency from 1 to 1; reason: success ratio below threshold (connection struggling) (success_ratio = 1.000, threshold = 0.500)"},"filename":"D:\\a\\xet-core\\xet-core\\xet_client\\src\\cas_client\\adaptive_concurrency\\controller.rs","line_number":581}
{"timestamp":"2026-07-31T15:25:58.010245Z","level":"INFO","fields":{"message":"Concurrency control for download: Decreased concurrency from 1 to 1; reason: success ratio below threshold (connection struggling) (success_ratio = 1.000, threshold = 0.500)"},"filename":"D:\\a\\xet-core\\xet-core\\xet_client\\src\\cas_client\\adaptive_concurrency\\controller.rs","line_number":581}
{"timestamp":"2026-07-31T15:25:58.542188Z","level":"INFO","fields":{"message":"Concurrency control for download: Decreased concurrency from 1 to 1; reason: success ratio below threshold (connection struggling) (success_ratio = 1.000, threshold = 0.500)"},"filename":"D:\\a\\xet-core\\xet-core\\xet_client\\src\\cas_client\\adaptive_concurrency\\controller.rs","line_number":581}
{"timestamp":"2026-07-31T15:25:59.737774Z","level":"INFO","fields":{"message":"Concurrency control for download: Decreased concurrency from 1 to 1; reason: success ratio below threshold (connection struggling) (success_ratio = 1.000, threshold = 0.500)"},"filename":"D:\\a\\xet-core\\xet-core\\xet_client\\src\\cas_client\\adaptive_concurrency\\controller.rs","line_number":581}
{"timestamp":"2026-07-31T15:25:59.737803Z","level":"INFO","fields":{"message":"Concurrency control for download: Current concurrency = 1; predicted bandwidth = 13044; success_ratio = 1.000; reference_size = 38.9MB; observed bytes sent so far = 794423715; completed transmissions = 176"},"filename":"D:\\a\\xet-core\\xet-core\\xet_client\\src\\cas_client\\adaptive_concurrency\\controller.rs","line_number":597}
{"timestamp":"2026-07-31T15:26:01.130340Z","level":"INFO","fields":{"message":"Concurrency control for download: Decreased concurrency from 1 to 1; reason: success ratio below threshold (connection struggling) (success_ratio = 1.000, threshold = 0.500)"},"filename":"D:\\a\\xet-core\\xet-core\\xet_client\\src\\cas_client\\adaptive_concurrency\\controller.rs","line_number":581}
{"timestamp":"2026-07-31T15:26:02.062714Z","level":"INFO","fields":{"message":"Concurrency control for download: Decreased concurrency from 1 to 1; reason: success ratio below threshold (connection struggling) (success_ratio = 1.000, threshold = 0.500)"},"filename":"D:\\a\\xet-core\\xet-core\\xet_client\\src\\cas_client\\adaptive_concurrency\\controller.rs","line_number":581}
{"timestamp":"2026-07-31T15:26:02.956895Z","level":"INFO","fields":{"message":"Concurrency control for download: Decreased concurrency from 1 to 1; reason: success ratio below threshold (connection struggling) (success_ratio = 1.000, threshold = 0.500)"},"filename":"D:\\a\\xet-core\\xet-core\\xet_client\\src\\cas_client\\adaptive_concurrency\\controller.rs","line_number":581}
{"timestamp":"2026-07-31T15:26:03.501655Z","level":"INFO","fields":{"message":"Concurrency control for download: Decreased concurrency from 1 to 1; reason: success ratio below threshold (connection struggling) (success_ratio = 1.000, threshold = 0.500)"},"filename":"D:\\a\\xet-core\\xet-core\\xet_client\\src\\cas_client\\adaptive_concurrency\\controller.rs","line_number":581}
{"timestamp":"2026-07-31T15:26:04.043410Z","level":"INFO","fields":{"message":"Concurrency control for download: Decreased concurrency from 1 to 1; reason: success ratio below threshold (connection struggling) (success_ratio = 1.000, threshold = 0.500)"},"filename":"D:\\a\\xet-core\\xet-core\\xet_client\\src\\cas_client\\adaptive_concurrency\\controller.rs","line_number":581}
{"timestamp":"2026-07-31T15:26:04.559720Z","level":"INFO","fields":{"message":"Concurrency control for download: Decreased concurrency from 1 to 1; reason: success ratio below threshold (connection struggling) (success_ratio = 1.000, threshold = 0.500)"},"filename":"D:\\a\\xet-core\\xet-core\\xet_client\\src\\cas_client\\adaptive_concurrency\\controller.rs","line_number":581}
{"timestamp":"2026-07-31T15:26:05.218161Z","level":"INFO","fields":{"message":"Concurrency control for download: Decreased concurrency from 1 to 1; reason: success ratio below threshold (connection struggling) (success_ratio = 1.000, threshold = 0.500)"},"filename":"D:\\a\\xet-core\\xet-core\\xet_client\\src\\cas_client\\adaptive_concurrency\\controller.rs","line_number":581}
{"timestamp":"2026-07-31T15:26:05.736728Z","level":"INFO","fields":{"message":"Concurrency control for download: Decreased concurrency from 1 to 1; reason: success ratio below threshold (connection struggling) (success_ratio = 1.000, threshold = 0.500)"},"filename":"D:\\a\\xet-core\\xet-core\\xet_client\\src\\cas_client\\adaptive_concurrency\\controller.rs","line_number":581}
{"timestamp":"2026-07-31T15:26:06.322614Z","level":"INFO","fields":{"message":"Concurrency control for download: Decreased concurrency from 1 to 1; reason: success ratio below threshold (connection struggling) (success_ratio = 1.000, threshold = 0.500)"},"filename":"D:\\a\\xet-core\\xet-core\\xet_client\\src\\cas_client\\adaptive_concurrency\\controller.rs","line_number":581}
{"timestamp":"2026-07-31T15:26:07.035879Z","level":"INFO","fields":{"message":"Concurrency control for download: Decreased concurrency from 1 to 1; reason: success ratio below threshold (connection struggling) (success_ratio = 1.000, threshold = 0.500)"},"filename":"D:\\a\\xet-core\\xet-core\\xet_client\\src\\cas_client\\adaptive_concurrency\\controller.rs","line_number":581}
{"timestamp":"2026-07-31T15:26:07.609102Z","level":"INFO","fields":{"message":"Concurrency control for download: Decreased concurrency from 1 to 1; reason: success ratio below threshold (connection struggling) (success_ratio = 1.000, threshold = 0.500)"},"filename":"D:\\a\\xet-core\\xet-core\\xet_client\\src\\cas_client\\adaptive_concurrency\\controller.rs","line_number":581}
{"timestamp":"2026-07-31T15:26:08.292610Z","level":"INFO","fields":{"message":"Concurrency control for download: Decreased concurrency from 1 to 1; reason: success ratio below threshold (connection struggling) (success_ratio = 1.000, threshold = 0.500)"},"filename":"D:\\a\\xet-core\\xet-core\\xet_client\\src\\cas_client\\adaptive_concurrency\\controller.rs","line_number":581}
{"timestamp":"2026-07-31T15:26:08.936253Z","level":"INFO","fields":{"message":"Concurrency control for download: Decreased concurrency from 1 to 1; reason: success ratio below threshold (connection struggling) (success_ratio = 1.000, threshold = 0.500)"},"filename":"D:\\a\\xet-core\\xet-core\\xet_client\\src\\cas_client\\adaptive_concurrency\\controller.rs","line_number":581}
{"timestamp":"2026-07-31T15:26:09.474362Z","level":"INFO","fields":{"message":"Concurrency control for download: Decreased concurrency from 1 to 1; reason: success ratio below threshold (connection struggling) (success_ratio = 1.000, threshold = 0.500)"},"filename":"D:\\a\\xet-core\\xet-core\\xet_client\\src\\cas_client\\adaptive_concurrency\\controller.rs","line_number":581}
{"timestamp":"2026-07-31T15:26:09.840999Z","level":"INFO","fields":{"message":"Concurrency control for download: Current concurrency = 1; predicted bandwidth = 12898; success_ratio = 1.000; reference_size = 38.9MB; observed bytes sent so far = 799175075; completed transmissions = 176"},"filename":"D:\\a\\xet-core\\xet-core\\xet_client\\src\\cas_client\\adaptive_concurrency\\controller.rs","line_number":597}
{"timestamp":"2026-07-31T15:26:10.045638Z","level":"INFO","fields":{"message":"Concurrency control for download: Decreased concurrency from 1 to 1; reason: success ratio below threshold (connection struggling) (success_ratio = 1.000, threshold = 0.500)"},"filename":"D:\\a\\xet-core\\xet-core\\xet_client\\src\\cas_client\\adaptive_concurrency\\controller.rs","line_number":581}
{"timestamp":"2026-07-31T15:26:10.595588Z","level":"INFO","fields":{"message":"Concurrency control for download: Decreased concurrency from 1 to 1; reason: success ratio below threshold (connection struggling) (success_ratio = 1.000, threshold = 0.500)"},"filename":"D:\\a\\xet-core\\xet-core\\xet_client\\src\\cas_client\\adaptive_concurrency\\controller.rs","line_number":581}
{"timestamp":"2026-07-31T15:26:11.294352Z","level":"INFO","fields":{"message":"Concurrency control for download: Decreased concurrency from 1 to 1; reason: success ratio below threshold (connection struggling) (success_ratio = 1.000, threshold = 0.500)"},"filename":"D:\\a\\xet-core\\xet-core\\xet_client\\src\\cas_client\\adaptive_concurrency\\controller.rs","line_number":581}
{"timestamp":"2026-07-31T15:26:11.924321Z","level":"INFO","fields":{"message":"Concurrency control for download: Decreased concurrency from 1 to 1; reason: success ratio below threshold (connection struggling) (success_ratio = 1.000, threshold = 0.500)"},"filename":"D:\\a\\xet-core\\xet-core\\xet_client\\src\\cas_client\\adaptive_concurrency\\controller.rs","line_number":581}
{"timestamp":"2026-07-31T15:26:12.554210Z","level":"INFO","fields":{"message":"Concurrency control for download: Decreased concurrency from 1 to 1; reason: success ratio below threshold (connection struggling) (success_ratio = 1.000, threshold = 0.500)"},"filename":"D:\\a\\xet-core\\xet-core\\xet_client\\src\\cas_client\\adaptive_concurrency\\controller.rs","line_number":581}
{"timestamp":"2026-07-31T15:26:13.147909Z","level":"INFO","fields":{"message":"Concurrency control for download: Decreased concurrency from 1 to 1; reason: success ratio below threshold (connection struggling) (success_ratio = 1.000, threshold = 0.500)"},"filename":"D:\\a\\xet-core\\xet-core\\xet_client\\src\\cas_client\\adaptive_concurrency\\controller.rs","line_number":581}
{"timestamp":"2026-07-31T15:26:13.764702Z","level":"INFO","fields":{"message":"Concurrency control for download: Decreased concurrency from 1 to 1; reason: success ratio below threshold (connection struggling) (success_ratio = 1.000, threshold = 0.500)"},"filename":"D:\\a\\xet-core\\xet-core\\xet_client\\src\\cas_client\\adaptive_concurrency\\controller.rs","line_number":581}
{"timestamp":"2026-07-31T15:26:14.453542Z","level":"INFO","fields":{"message":"Concurrency control for download: Decreased concurrency from 1 to 1; reason: success ratio below threshold (connection struggling) (success_ratio = 1.000, threshold = 0.500)"},"filename":"D:\\a\\xet-core\\xet-core\\xet_client\\src\\cas_client\\adaptive_concurrency\\controller.rs","line_number":581}
{"timestamp":"2026-07-31T15:26:15.099994Z","level":"INFO","fields":{"message":"Concurrency control for download: Decreased concurrency from 1 to 1; reason: success ratio below threshold (connection struggling) (success_ratio = 1.000, threshold = 0.500)"},"filename":"D:\\a\\xet-core\\xet-core\\xet_client\\src\\cas_client\\adaptive_concurrency\\controller.rs","line_number":581}
{"timestamp":"2026-07-31T15:26:15.680378Z","level":"INFO","fields":{"message":"Concurrency control for download: Decreased concurrency from 1 to 1; reason: success ratio below threshold (connection struggling) (success_ratio = 1.000, threshold = 0.500)"},"filename":"D:\\a\\xet-core\\xet-core\\xet_client\\src\\cas_client\\adaptive_concurrency\\controller.rs","line_number":581}
{"timestamp":"2026-07-31T15:26:16.213190Z","level":"INFO","fields":{"message":"Concurrency control for download: Decreased concurrency from 1 to 1; reason: success ratio below threshold (connection struggling) (success_ratio = 1.000, threshold = 0.500)"},"filename":"D:\\a\\xet-core\\xet-core\\xet_client\\src\\cas_client\\adaptive_concurrency\\controller.rs","line_number":581}
{"timestamp":"2026-07-31T15:26:16.763171Z","level":"INFO","fields":{"message":"Concurrency control for download: Decreased concurrency from 1 to 1; reason: success ratio below threshold (connection struggling) (success_ratio = 1.000, threshold = 0.500)"},"filename":"D:\\a\\xet-core\\xet-core\\xet_client\\src\\cas_client\\adaptive_concurrency\\controller.rs","line_number":581}
{"timestamp":"2026-07-31T15:26:17.416587Z","level":"INFO","fields":{"message":"Concurrency control for download: Decreased concurrency from 1 to 1; reason: success ratio below threshold (connection struggling) (success_ratio = 1.000, threshold = 0.500)"},"filename":"D:\\a\\xet-core\\xet-core\\xet_client\\src\\cas_client\\adaptive_concurrency\\controller.rs","line_number":581}
{"timestamp":"2026-07-31T15:26:18.025972Z","level":"INFO","fields":{"message":"Concurrency control for download: Decreased concurrency from 1 to 1; reason: success ratio below threshold (connection struggling) (success_ratio = 1.000, threshold = 0.500)"},"filename":"D:\\a\\xet-core\\xet-core\\xet_client\\src\\cas_client\\adaptive_concurrency\\controller.rs","line_number":581}
{"timestamp":"2026-07-31T15:26:18.699541Z","level":"INFO","fields":{"message":"Concurrency control for download: Decreased concurrency from 1 to 1; reason: success ratio below threshold (connection struggling) (success_ratio = 1.000, threshold = 0.500)"},"filename":"D:\\a\\xet-core\\xet-core\\xet_client\\src\\cas_client\\adaptive_concurrency\\controller.rs","line_number":581}
{"timestamp":"2026-07-31T15:26:19.334311Z","level":"INFO","fields":{"message":"Concurrency control for download: Decreased concurrency from 1 to 1; reason: success ratio below threshold (connection struggling) (success_ratio = 1.000, threshold = 0.500)"},"filename":"D:\\a\\xet-core\\xet-core\\xet_client\\src\\cas_client\\adaptive_concurrency\\controller.rs","line_number":581}
{"timestamp":"2026-07-31T15:26:20.001001Z","level":"INFO","fields":{"message":"Concurrency control for download: Decreased concurrency from 1 to 1; reason: success ratio below threshold (connection struggling) (success_ratio = 1.000, threshold = 0.500)"},"filename":"D:\\a\\xet-core\\xet-core\\xet_client\\src\\cas_client\\adaptive_concurrency\\controller.rs","line_number":581}
{"timestamp":"2026-07-31T15:26:20.001025Z","level":"INFO","fields":{"message":"Concurrency control for download: Current concurrency = 1; predicted bandwidth = 12323; success_ratio = 1.000; reference_size = 43.0MB; observed bytes sent so far = 807258758; completed transmissions = 177"},"filename":"D:\\a\\xet-core\\xet-core\\xet_client\\src\\cas_client\\adaptive_concurrency\\controller.rs","line_number":597}
{"timestamp":"2026-07-31T15:26:20.657114Z","level":"INFO","fields":{"message":"Concurrency control for download: Decreased concurrency from 1 to 1; reason: success ratio below threshold (connection struggling) (success_ratio = 1.000, threshold = 0.500)"},"filename":"D:\\a\\xet-core\\xet-core\\xet_client\\src\\cas_client\\adaptive_concurrency\\controller.rs","line_number":581}
{"timestamp":"2026-07-31T15:26:21.355111Z","level":"INFO","fields":{"message":"Concurrency control for download: Decreased concurrency from 1 to 1; reason: success ratio below threshold (connection struggling) (success_ratio = 1.000, threshold = 0.500)"},"filename":"D:\\a\\xet-core\\xet-core\\xet_client\\src\\cas_client\\adaptive_concurrency\\controller.rs","line_number":581}
{"timestamp":"2026-07-31T15:26:21.991120Z","level":"INFO","fields":{"message":"Concurrency control for download: Decreased concurrency from 1 to 1; reason: success ratio below threshold (connection struggling) (success_ratio = 1.000, threshold = 0.500)"},"filename":"D:\\a\\xet-core\\xet-core\\xet_client\\src\\cas_client\\adaptive_concurrency\\controller.rs","line_number":581}
{"timestamp":"2026-07-31T15:26:22.618668Z","level":"INFO","fields":{"message":"Concurrency control for download: Decreased concurrency from 1 to 1; reason: success ratio below threshold (connection struggling) (success_ratio = 1.000, threshold = 0.500)"},"filename":"D:\\a\\xet-core\\xet-core\\xet_client\\src\\cas_client\\adaptive_concurrency\\controller.rs","line_number":581}
{"timestamp":"2026-07-31T15:26:23.247860Z","level":"INFO","fields":{"message":"Concurrency control for download: Decreased concurrency from 1 to 1; reason: success ratio below threshold (connection struggling) (success_ratio = 1.000, threshold = 0.500)"},"filename":"D:\\a\\xet-core\\xet-core\\xet_client\\src\\cas_client\\adaptive_concurrency\\controller.rs","line_number":581}
{"timestamp":"2026-07-31T15:26:23.913117Z","level":"INFO","fields":{"message":"Concurrency control for download: Decreased concurrency from 1 to 1; reason: success ratio below threshold (connection struggling) (success_ratio = 1.000, threshold = 0.500)"},"filename":"D:\\a\\xet-core\\xet-core\\xet_client\\src\\cas_client\\adaptive_concurrency\\controller.rs","line_number":581}
{"timestamp":"2026-07-31T15:26:24.559881Z","level":"INFO","fields":{"message":"Concurrency control for download: Decreased concurrency from 1 to 1; reason: success ratio below threshold (connection struggling) (success_ratio = 1.000, threshold = 0.500)"},"filename":"D:\\a\\xet-core\\xet-core\\xet_client\\src\\cas_client\\adaptive_concurrency\\controller.rs","line_number":581}
{"timestamp":"2026-07-31T15:26:25.207828Z","level":"INFO","fields":{"message":"Concurrency control for download: Decreased concurrency from 1 to 1; reason: success ratio below threshold (connection struggling) (success_ratio = 1.000, threshold = 0.500)"},"filename":"D:\\a\\xet-core\\xet-core\\xet_client\\src\\cas_client\\adaptive_concurrency\\controller.rs","line_number":581}
{"timestamp":"2026-07-31T15:26:25.709596Z","level":"INFO","fields":{"message":"Concurrency control for download: Decreased concurrency from 1 to 1; reason: success ratio below threshold (connection struggling) (success_ratio = 1.000, threshold = 0.500)"},"filename":"D:\\a\\xet-core\\xet-core\\xet_client\\src\\cas_client\\adaptive_concurrency\\controller.rs","line_number":581}
{"timestamp":"2026-07-31T15:26:26.338621Z","level":"INFO","fields":{"message":"Concurrency control for download: Decreased concurrency from 1 to 1; reason: success ratio below threshold (connection struggling) (success_ratio = 1.000, threshold = 0.500)"},"filename":"D:\\a\\xet-core\\xet-core\\xet_client\\src\\cas_client\\adaptive_concurrency\\controller.rs","line_number":581}
{"timestamp":"2026-07-31T15:26:27.027851Z","level":"INFO","fields":{"message":"Concurrency control for download: Decreased concurrency from 1 to 1; reason: success ratio below threshold (connection struggling) (success_ratio = 1.000, threshold = 0.500)"},"filename":"D:\\a\\xet-core\\xet-core\\xet_client\\src\\cas_client\\adaptive_concurrency\\controller.rs","line_number":581}
{"timestamp":"2026-07-31T15:26:27.650871Z","level":"INFO","fields":{"message":"Concurrency control for download: Decreased concurrency from 1 to 1; reason: success ratio below threshold (connection struggling) (success_ratio = 1.000, threshold = 0.500)"},"filename":"D:\\a\\xet-core\\xet-core\\xet_client\\src\\cas_client\\adaptive_concurrency\\controller.rs","line_number":581}
{"timestamp":"2026-07-31T15:26:28.285720Z","level":"INFO","fields":{"message":"Concurrency control for download: Decreased concurrency from 1 to 1; reason: success ratio below threshold (connection struggling) (success_ratio = 1.000, threshold = 0.500)"},"filename":"D:\\a\\xet-core\\xet-core\\xet_client\\src\\cas_client\\adaptive_concurrency\\controller.rs","line_number":581}
{"timestamp":"2026-07-31T15:26:28.890329Z","level":"INFO","fields":{"message":"Concurrency control for download: Decreased concurrency from 1 to 1; reason: success ratio below threshold (connection struggling) (success_ratio = 1.000, threshold = 0.500)"},"filename":"D:\\a\\xet-core\\xet-core\\xet_client\\src\\cas_client\\adaptive_concurrency\\controller.rs","line_number":581}
{"timestamp":"2026-07-31T15:26:29.497159Z","level":"INFO","fields":{"message":"Concurrency control for download: Decreased concurrency from 1 to 1; reason: success ratio below threshold (connection struggling) (success_ratio = 1.000, threshold = 0.500)"},"filename":"D:\\a\\xet-core\\xet-core\\xet_client\\src\\cas_client\\adaptive_concurrency\\controller.rs","line_number":581}
{"timestamp":"2026-07-31T15:26:30.114608Z","level":"INFO","fields":{"message":"Concurrency control for download: Decreased concurrency from 1 to 1; reason: success ratio below threshold (connection struggling) (success_ratio = 1.000, threshold = 0.500)"},"filename":"D:\\a\\xet-core\\xet-core\\xet_client\\src\\cas_client\\adaptive_concurrency\\controller.rs","line_number":581}
{"timestamp":"2026-07-31T15:26:30.114638Z","level":"INFO","fields":{"message":"Concurrency control for download: Current concurrency = 1; predicted bandwidth = 11159; success_ratio = 1.000; reference_size = 43.0MB; observed bytes sent so far = 818498182; completed transmissions = 177"},"filename":"D:\\a\\xet-core\\xet-core\\xet_client\\src\\cas_client\\adaptive_concurrency\\controller.rs","line_number":597}
{"timestamp":"2026-07-31T15:26:30.719007Z","level":"INFO","fields":{"message":"Concurrency control for download: Decreased concurrency from 1 to 1; reason: success ratio below threshold (connection struggling) (success_ratio = 1.000, threshold = 0.500)"},"filename":"D:\\a\\xet-core\\xet-core\\xet_client\\src\\cas_client\\adaptive_concurrency\\controller.rs","line_number":581}
{"timestamp":"2026-07-31T15:26:31.339879Z","level":"INFO","fields":{"message":"Concurrency control for download: Decreased concurrency from 1 to 1; reason: success ratio below threshold (connection struggling) (success_ratio = 1.000, threshold = 0.500)"},"filename":"D:\\a\\xet-core\\xet-core\\xet_client\\src\\cas_client\\adaptive_concurrency\\controller.rs","line_number":581}
{"timestamp":"2026-07-31T15:26:32.136518Z","level":"INFO","fields":{"message":"Concurrency control for download: Decreased concurrency from 1 to 1; reason: success ratio below threshold (connection struggling) (success_ratio = 1.000, threshold = 0.500)"},"filename":"D:\\a\\xet-core\\xet-core\\xet_client\\src\\cas_client\\adaptive_concurrency\\controller.rs","line_number":581}
{"timestamp":"2026-07-31T15:26:32.760655Z","level":"INFO","fields":{"message":"Concurrency control for download: Decreased concurrency from 1 to 1; reason: success ratio below threshold (connection struggling) (success_ratio = 1.000, threshold = 0.500)"},"filename":"D:\\a\\xet-core\\xet-core\\xet_client\\src\\cas_client\\adaptive_concurrency\\controller.rs","line_number":581}
{"timestamp":"2026-07-31T15:26:33.375046Z","level":"INFO","fields":{"message":"Concurrency control for download: Decreased concurrency from 1 to 1; reason: success ratio below threshold (connection struggling) (success_ratio = 1.000, threshold = 0.500)"},"filename":"D:\\a\\xet-core\\xet-core\\xet_client\\src\\cas_client\\adaptive_concurrency\\controller.rs","line_number":581}
{"timestamp":"2026-07-31T15:26:33.958410Z","level":"INFO","fields":{"message":"Concurrency control for download: Decreased concurrency from 1 to 1; reason: success ratio below threshold (connection struggling) (success_ratio = 1.000, threshold = 0.500)"},"filename":"D:\\a\\xet-core\\xet-core\\xet_client\\src\\cas_client\\adaptive_concurrency\\controller.rs","line_number":581}
{"timestamp":"2026-07-31T15:44:08.634908Z","level":"INFO","fields":{"message":"Received CAS response","request_id":"01KYWDHMTZBRQ25RN2T48J6BQ5","status_code":206},"filename":"D:\\a\\xet-core\\xet-core\\xet_client\\src\\common\\http_client.rs","line_number":288}
{"timestamp":"2026-07-31T15:44:08.634936Z","level":"INFO","fields":{"message":"Request Success: s3::get_range api call succeeded (request id 01KYWDHMTZBRQ25RN2T48J6BQ5, retry 2)."},"filename":"D:\\a\\xet-core\\xet-core\\xet_client\\src\\cas_client\\retry_wrapper.rs","line_number":196}
{"timestamp":"2026-07-31T15:44:48.011784Z","level":"INFO","fields":{"message":"Concurrency control for download: Current concurrency = 1; predicted bandwidth = 10426; success_ratio = 1.000; reference_size = 47.3MB; observed bytes sent so far = 825101411; completed transmissions = 178"},"filename":"D:\\a\\xet-core\\xet-core\\xet_client\\src\\cas_client\\adaptive_concurrency\\controller.rs","line_number":597}
{"timestamp":"2026-07-31T15:44:58.173234Z","level":"INFO","fields":{"message":"Concurrency control for download: Current concurrency = 1; predicted bandwidth = 11790; success_ratio = 1.000; reference_size = 47.3MB; observed bytes sent so far = 827411555; completed transmissions = 178"},"filename":"D:\\a\\xet-core\\xet-core\\xet_client\\src\\cas_client\\adaptive_concurrency\\controller.rs","line_number":597}
{"timestamp":"2026-07-31T15:45:08.303463Z","level":"INFO","fields":{"message":"Concurrency control for download: Current concurrency = 1; predicted bandwidth = 12189; success_ratio = 1.000; reference_size = 47.3MB; observed bytes sent so far = 827968611; completed transmissions = 178"},"filename":"D:\\a\\xet-core\\xet-core\\xet_client\\src\\cas_client\\adaptive_concurrency\\controller.rs","line_number":597}
{"timestamp":"2026-07-31T16:04:33.963880Z","level":"WARN","fields":{"message":"Request error","err":"Reqwest(reqwest::Error { kind: Request, url: \"https://us.aws.cdn.hf.co/xorbs/default/ec924bf23fd0fcb9824fb407079352195df5c6c6cf19c45f6fedfa3abc646356?user_id=public&repo_id=66e6cfeb6998c3d86c14e163&X-Xet-Session-Id=019fb8b5-3c13-7a23-acff-e0be6bd45483&Expires=1785513915&Policy=eyJTdGF0ZW1lbnQiOlt7IlJlc291cmNlIjoiaHR0cHM6Ly91cy5hd3MuY2RuLmhmLmNvL3hvcmJzL2RlZmF1bHQvZWM5MjRiZjIzZmQwZmNiOTgyNGZiNDA3MDc5MzUyMTk1ZGY1YzZjNmNmMTljNDVmNmZlZGZhM2FiYzY0NjM1NlxcP3VzZXJfaWQ9cHVibGljJnJlcG9faWQ9NjZlNmNmZWI2OTk4YzNkODZjMTRlMTYzJlgtWGV0LVNlc3Npb24tSWQ9MDE5ZmI4YjUtM2MxMy03YTIzLWFjZmYtZTBiZTZiZDQ1NDgzIiwiQ29uZGl0aW9uIjp7IkRhdGVMZXNzVGhhbiI6eyJFcG9jaFRpbWUiOjE3ODU1MTM5MTV9LCJCeXRlUmFuZ2UiOnsiRXhwZWN0ZWRIZWFkZXIiOiJieXRlcz0wLTE1NTM5MTM4LDE1NTg0NDMyLTQxNTI5MzUzLDQxNTk2OTA4LTU4MzY5NTgxIn19fV19&Signature=MEYCIQDooRWHQ8chsUyNBL5CA0ft0eIY8faaL1VAcxQjrEZ-0QIhANc0EEMYFQR5MtkQBHeYarUDlClNdtN9QDQj%7Ea6sbFmz&Key-Pair-Id=01KXEF4KZ1B6FV465MAWR4M21F\", source: hyper_util::client::legacy::Error(Connect, ConnectError(\"dns error\", Os { code: 11001, kind: Uncategorized, message: \"No such host is known.\" })) })"},"filename":"D:\\a\\xet-core\\xet-core\\xet_client\\src\\common\\http_client.rs","line_number":291}
{"timestamp":"2026-07-31T16:04:33.964294Z","level":"INFO","fields":{"message":"Connection attempt 3/5","api":"s3::get_range"},"filename":"D:\\a\\xet-core\\xet-core\\xet_client\\src\\cas_client\\retry_wrapper.rs","line_number":105}
{"timestamp":"2026-07-31T16:04:33.964305Z","level":"INFO","fields":{"message":"Retryable Client Error: s3::get_range api call failed (retry 2): error sending request for url (https://us.aws.cdn.hf.co/xorbs/default/ec924bf23fd0fcb9824fb407079352195df5c6c6cf19c45f6fedfa3abc646356?user_id=public&repo_id=66e6cfeb6998c3d86c14e163&X-Xet-Session-Id=019fb8b5-3c13-7a23-acff-e0be6bd45483&Expires=1785513915&Policy=eyJTdGF0ZW1lbnQiOlt7IlJlc291cmNlIjoiaHR0cHM6Ly91cy5hd3MuY2RuLmhmLmNvL3hvcmJzL2RlZmF1bHQvZWM5MjRiZjIzZmQwZmNiOTgyNGZiNDA3MDc5MzUyMTk1ZGY1YzZjNmNmMTljNDVmNmZlZGZhM2FiYzY0NjM1NlxcP3VzZXJfaWQ9cHVibGljJnJlcG9faWQ9NjZlNmNmZWI2OTk4YzNkODZjMTRlMTYzJlgtWGV0LVNlc3Npb24tSWQ9MDE5ZmI4YjUtM2MxMy03YTIzLWFjZmYtZTBiZTZiZDQ1NDgzIiwiQ29uZGl0aW9uIjp7IkRhdGVMZXNzVGhhbiI6eyJFcG9jaFRpbWUiOjE3ODU1MTM5MTV9LCJCeXRlUmFuZ2UiOnsiRXhwZWN0ZWRIZWFkZXIiOiJieXRlcz0wLTE1NTM5MTM4LDE1NTg0NDMyLTQxNTI5MzUzLDQxNTk2OTA4LTU4MzY5NTgxIn19fV19&Signature=MEYCIQDooRWHQ8chsUyNBL5CA0ft0eIY8faaL1VAcxQjrEZ-0QIhANc0EEMYFQR5MtkQBHeYarUDlClNdtN9QDQj%7Ea6sbFmz&Key-Pair-Id=01KXEF4KZ1B6FV465MAWR4M21F)"},"filename":"D:\\a\\xet-core\\xet-core\\xet_client\\src\\cas_client\\retry_wrapper.rs","line_number":108}
{"timestamp":"2026-07-31T16:04:33.964320Z","level":"INFO","fields":{"message":"Concurrency control for download: Decreased concurrency from 1 to 1; reason: transfer failed (success_ratio = 1.000, threshold = 0.500)"},"filename":"D:\\a\\xet-core\\xet-core\\xet_client\\src\\cas_client\\adaptive_concurrency\\controller.rs","line_number":581}
{"timestamp":"2026-07-31T16:04:33.964333Z","level":"INFO","fields":{"message":"Concurrency control for download: Current concurrency = 1; predicted bandwidth = 29718; success_ratio = 1.000; reference_size = 47.2MB; observed bytes sent so far = 828824307; completed transmissions = 180"},"filename":"D:\\a\\xet-core\\xet-core\\xet_client\\src\\cas_client\\adaptive_concurrency\\controller.rs","line_number":597}
